https://www.wealth.com.tw/home/articles/22906,▲（圖／彭世杰攝）店面「遍地插秧」！陷入「賣不動，租不掉」的困境，為什麼？長期以來，民間一直流傳出一句話：窮買房，富買店鋪！的確也是如此，能買房買店鋪的都不算窮人，但是房價卻比店鋪便宜很多，尤其長期以來一直存在着擁有店鋪就好像有一個會賺錢的啞巴兒子這樣的說法，使得不少民衆喜歡持有店面，因而店面價格存在虛高的現象。商鋪為何會陷入「賣不動，租不掉」的僵局？隨著人們生活水平不斷提高，體力勞動逐漸縮減，機械化裝置和腦力勞動得到興起，人類的角色從勞動者轉變成為「領導者」，打工不如開店和開店不如打工來回輪轉！開實體店分為兩個時期：早期經濟快速發展時期，特別是房地產行業快速發展時期，帶動了一連序列業的發展，例如餐飲、零售、製造等行業，這個時期人們都忙著製造產品、修建住宅，開店的人在這段時間賺的口袋滿滿，因為相對競爭較小，即使產品不夠好也能有不小的收穫；到了近期的全民開店時期，部分人體會到了開實體店的優勢，將不少賺來的資金投入於購買實體店面，因為有「前車之鑑」，看到過來人通過開店賺了不少錢，於是也幻想自己能成為其中一份子來分一杯羹，於是出現了大家蜂擁爭開服裝、餐飲、酒吧等實體店的情形，但最後的結果卻不如人意！商鋪「賣不動」的原因能買得起商鋪的人家裡都不缺錢，少則幾百萬，多則上億，而這批富裕的家庭在過去並不缺住房和商鋪的投資理念，親眼見證了房地產的瘋狂上漲。但是很多人以高價買入店面之後，卻發現店面的租賃效益並沒有達到預期標準，因此逐漸喪失了對店鋪的投資信心，特別是買來直接收租的業主，店舖的所有權人把店面出租給商家之後，所有的運營都是商家自己做，一旦出現商家經營狀況不好時，面臨倒閉，對業主來說會有直接影響，一來少了租金收入，除外，另覓租客也會造成不短的空租期。有錢人不再看好商鋪投資，主要在於商鋪數量增多，漸漸失去了投資的「稀缺性」，導致商鋪不再成為搶手貨，「遍地開花」的商鋪拉低了個別商鋪價值，形成了商業無法控制的局勢，前面說說的最佳開店時期租金消失，迎來的是商家之間的不斷競爭，也牽連著業主的利益。炒股、買基金既勞神又費力。尤其碰到股市下跌，很多股民叫苦不迭，有了切身經歷後，紛紛退出股市，轉而購買房產。投資風險與利益並存如何能用最少的錢買到未來升值空間最高的商鋪？這就需要投資者具有長遠的眼光，熱門的商鋪大家都會蜂擁而至，自然價格便會水漲船高。但也並不是說現在未達到一定規模的區域就是不合適的，所謂「投資」就是需要有先於別人的市場判斷。現代社會發展，無論在各行各業講究的就是快人一步，你能搶佔先機，便是最大的贏家。所謂的有長遠眼光，是要先看到未來可發展的前景才會選擇投資，那需要從哪幾點判斷一個商鋪的未來發展前景呢?商鋪如何選址？一、注意該商鋪所在街道的特點和其客流的方向與分類二、儘量避免在受交通管制的街道選址，店鋪門前要有適合停放車輛的位置交通方便是選擇店鋪位置的重要條件之一，但要避免選擇設定了交通管制的地方，例如單向通行、限制車輛種類、限制通行時間等等。有捷運站出入口、公共汽車站站點、或者計程車停靠點的地方都是好的店址所在。另外，店鋪門前有便於停車的地方更佳。為什麼很多商鋪，都“關門”？ 最近，不管在那裡，都可以感覺到大批商鋪「關門」 的情景，很多轉租轉讓，甚至在些頗富盛名 的商圈，為何商鋪都紛紛「關門」呢？首先要知道在網際網路快速發展的今天，網購可謂是如日中天，很多人都感覺網購可選的款式多，還可以貨比好多家，更重要的是方便，購買後只要快遞遞送就好了。這是很多商鋪「關門」的原因。第二點就是大家都知道商鋪的店面租金不便宜，每個月要交水電費用加上人工成本費用。不設門店就不用負擔那麼多成本，在網上賣東西不僅不會侷限在當地，五湖四海的朋友都可以通過網上進行交易。網上的利潤比線下商鋪的高。這就是很多商鋪「關門」的原因。第三點就是現在不再是單人作戰了，而是團隊互相幫助。像一些超市衣服化妝品商鋪都是加盟的多，這些商鋪的宣傳營銷引流各方面，都比之前那些個人開的店鋪來得好，種類款式多樣化，公司一條龍服務，這樣小商鋪「關門」的現象也是日益劇增。第四點就是人們的消費能力有限，很多人工作不僅要生活溫飽，有的還要還車貸房貸，有的還要給父母孝敬一下，還有偶爾生病、親友結婚的紅包禮金等等，因此日常開支總是能省則省。這也就最根本的商鋪「關門」的原因。
https://www.wealth.com.tw/home/articles/21391,▲（圖／資料室）想像一下：1位發生事故需要急救的病患，被送到急診室進行緊急輸血，當護理師忙著從電腦調閱病歷時，卻渾然不知，系統已遭到駭客入侵，病患血型被悄悄竄改，而護理師正拿著錯誤血型的血液，準備往病患身上注射⋯。這不是電影情節，更非危言聳聽，今年4月英國媒體就曾報導，網路上出現了能竄改電腦斷層影像的病毒，竟可騙過放射科醫師的眼睛，不僅讓醫師誤判病情，更可能衍生出詐領保險金、擾亂醫療系統等嚴重問題。萬物聯網的時代，資訊的串流帶來更多便利與效率，同時也帶來更不可預期的高風險。英國航空因客戶個資外洩，被英國資訊專員辦公室判罰1.83億英鎊，創下歐洲新版個資法GDPR實施以來，最高罰款紀錄。日前，傳出銓敘部高達59萬筆文官個資外洩、國安單位人員名單外洩等事件，更顯示台灣資安危機實已兵臨城下。在即將來臨的5G時代，從自動化的無人工廠、科技金融、遠距醫療到自駕車上路，每個環節都可能成為資安漏洞，危及的不是只有你的身家財產，更可能是你和家人的性命。然而，資安是國安層級議題，卻也帶來全球4兆元的商機。當大家陷入科技快速演進的恐慌中，但「即便有最先進的防堵或監控技術，最關鍵還是人」，製作這個封面故事的副總編輯林宏達下了這樣的結論。科技還是需要「人」做最終判斷與確認，也只有「人」，才能在第一線阻斷遭駭的可能性，並提供最終的解決方案。本期另外1個「關鍵在人」的專題，則是全台1586家上市櫃公司的薪資全都露。金管會這項要求，不僅為台灣企業薪資透明化跨出一大步，也是為解決台灣低薪問題走出第一步。誠如拿下電子零組件上市公司薪資第一的群光電子董事長許崑泰所言：「加薪5%，可以增加20%獲利。」證明幸福的員工，能為企業帶來獲利，值得投資人關注。延伸閱讀：谷歌、臉書乖乖把錢匯入「他的」帳戶 東歐駭客「代收」廣達38億驚奇電腦病毒太猖狂 連醫生也被耍了？
https://www.wealth.com.tw/home/articles/22082,▲明年10月將換發新式數位身分證New eID。（圖／翻攝自內政部）明年10月就要換發新式數位身分證New eID。外傳得標的中央印製又另發包本土以外的外商，引發個資外洩疑慮。內政部次長陳宗彥表示，未來中央印製廠怎麼做，就交由其處理，相信一定會基於國家安全的考量辦理。內政部也說，New eID以採集中製卡，封閉式作業，不可能讓國人個資外洩。陳宗彥說，中央印製廠是中央銀行所屬機關，是百分之百國有的，政府是考量各項因素才委由中央印製廠處理，不論是資安或發行都是最好的狀況，才會採用限制性招標方式辦理。對於中央印製廠未經公開招標程序，即取得印製數位身分識別證(New eID)標案一事，內政部鄭重澄清，依政府採購法第22第1項第2款規定，機關辦理公告金額以上之採購，屬專屬權利、獨家製造或供應、藝術品、秘密諮詢，無其他合適之替代標的者，得採限制性招標。基於嚴謹、安全控管國民身分證製作，將New eID以限制性招標委託中央印製廠印製，完全符合政府採購法的規定。內政部戶政司副司長鄭信偉也說，New eID採集中製卡方式，並規劃嚴格管制的安全製發場地，系統採封閉式作業，並在內政部監督管理下由中央印製廠專責人員進行印製、品檢、包裝等工作，不可能拿到國外去做，也不會讓國人個資外洩。可能是中央印製廠對廠商提出的條件，讓外界誤解另行外包，可能有個資洩露的疑慮。內政部說，New eID是在今年6月14日委由中央印製廠辦理空白卡片及印製採購事宜，目前該廠尚未進行招標，相關製卡作業規劃仍需依細部規劃案結果辦理，至系統建置事宜將俟完成細部規劃內容後，預計今年10起至明年9月辦理招標及系統建置開發工作，109年10月開始發行作業。內政部「數位身分識別證──新一代國民身分證換發計畫辦理情形」，上個月已由行政院長蘇貞昌核定，新式身分證總經費48億元，其上將有國旗及國號，但正式樣張要等明年4至5月才發布。
https://www.wealth.com.tw/home/articles/21521,▲WeWork亞洲副主席 Christian Lee（李愷先）很開心來台設立據點。（WeWork提供／以下同）美國第二大獨角獸、全球創造者社群及創新空間品牌WeWork，今（18）日正式宣布進軍台灣，地點選在信義計畫區松仁路上的群益金融大樓「交易廣場二號」，打造8層樓的空間。普華國際不動產總經理田揚名估計承租面積高達3500坪，裝潢費用約1.5億元，每年租金收益可達上億元。這家已成立9年，總部設於紐約的新創公司WeWork，市值逾 470 億美元（約新台幣1.4兆元），在美國眾多獨角獸企業當中排名第二，在全球有485個據點、105個城市、遍布28個國家，全球超過46萬6千名會員。▲WeWork內部設計結合了台灣在地細節，如白色水泥磚、水磨石等。WeWork來頭不小，背後有個富爸爸孫正義—日本軟銀集團及旗下願景基金（Vision Fund）已投資超過100億美元（約3000億元新台幣），且已遞交IPO文件，準備上市櫃。但攤開去年財報，仍虧損 19 億美元（約新台幣 570億元），各界質疑聲浪不斷。據了解，今日的記者會是先展示一樓空間，其餘的七樓仍在裝潢中，預估年底前會完工，台灣區目前沒有負責人，由WeWork亞洲副主席 Christian Lee（李愷先）負責業務。或許是要保持神秘風格，當李愷先在分享簡報內容時，不准眾人拍照，全程以英文問答，且問及為什麼選擇此時來台，僅得到「時間對了」的回答，再問到上市櫃時程時，獲得「No comment（無可奉告）」的回應。李愷先表示，WeWork擅長利用質化、量化的數據分析，提升空間應用效率，不只提供建築硬體，也提供內部軟體，如瑜伽課程活動等，提供的一個全能的活動空間，能夠辦公、開會，也能夠輕鬆的聊天，甚至一起從事休閒運動，讓員工在身心都健康的狀態下擁有更好的表現，也展現Wework獨特的商業模式——「空間即服務」，也像身處在一個「社區」，同時認識周遭的人，也讓別人認識你。▲為了貫徹本地化策略，WeWork的酒水是台灣啤酒以及台灣精釀啤酒。台灣WeWork會採取「本地化策略」，包括在空間設計、營運模式、招攬人才、社區活動計畫上，好比內部設計結合了台灣本土文化細節，鐵花窗、白色水泥磚、傳統水泥基地水磨石、台灣復古雕刻花玻璃等。WeWork期盼可以利用自身的經驗和資源，幫助台灣推動產業創新，協助國際企業在台灣拓展業務。延伸閱讀：福全林家百億地主嗅出共享商機 重啟33年台北建國北路閒置大樓每小時虧損660萬元！獨角獸WeWork上市的商機與危機共享辦公室大亂鬥，全球最大咖IWG集團說話了...看上台灣共享辦公室租金高 4大品牌爭相來台插旗
https://www.wealth.com.tw/home/articles/22096,▲2007年第一代iPhone問世至今，帶動蘋果股價大漲10倍，投報率遠勝過蘋果概念股。（圖／達志）「台股站上萬點兩年了，但我始終賺不到錢，這就是投顧老師說的，贏了指數輸了個股。」投資經驗超過15年的王小丹說出多數投資人的感受。所幸，這兩年王小丹買的美股ETF（指數股票型基金）卻有豐碩的收成，1檔那斯達克3倍作多的ETF（美股代號：TQQQ），兩年來從買進的14美元左右，飆漲到近期的70美元，大賺4倍。王小丹感慨地說，投資台股時，他整天打聽消息，關心蘋果概念股、5G題材、AI人工智慧…，花了一大堆時間，結果績效還遠不及隨便買的美股ETF。愈來愈多台灣的投資人和王小丹有相同感受，使得近幾年透過複委託進軍美股的人數、金額都大幅攀升。全球經濟領頭羊，隨手一抓都是頂尖企業美股投資達人愛榭克比較投資台股和美股的差別：投資台股時，...
https://www.wealth.com.tw/home/articles/21484,▲群暉基礎架構與網路部門資深經理陳揆驩，過去3年帶團隊跟國際資安標準接軌，用資安為產品加值。（圖／彭世杰攝）群暉科技是台灣知名的儲存設備商，不過，這家公司的核心能力其實是打造自己的軟體，搭配自行設計的硬體，交給代工廠生產，銷往全世界，這幾年，他們大力投資資安，帶動業績快速成長。群暉基礎架構與網路部門資深經理陳揆驩分析，2016年時，群暉在全球已有逾500萬台的產品，看到全球層出不窮的存儲設備資安事件，開始建立專屬資安團隊。「以前，我們消費者客戶和企業客戶的比例，是6:4。」陳揆驩說，2016年之後，公司整體業績年年成長，企業客戶的占比，則提升為5成。為了提升資安，群暉兵分多路，一路是重新翻修自家最重要的產品作業系統，陳揆驩舉例，過去產品設計裡，用戶要最高的使用者權限，就能拿到，這其實是給駭客開了方便之門；翻修後，如果用戶只要做簡單的事，就會只拿到剛剛好的權限。另一路則是跟世界上大型資安組織，建立關係，學著怎麼管好產品資安。「上週我們才派同仁去美國拜訪CNA（資安通用漏洞編號管理者）。」陳揆驩說，他們是趨勢科技之外，第1家加入CNA的台灣公司。CNA是負責協調全球資訊安全的重要單位，每個新發現的資安漏洞，都要由他們統一編號，協調全世界的公司修補問題；另外，群暉也跟美國的資安單位FIRST建立合作關係，陳揆驩解釋，公司派人跟國際資安社群打交道，除了學習別人的作法，也是要換得對方的認同，進一步共同制定標準。畢竟資安情報交換其實是涉及政治的敏感事件，只有盟友之間才會交換，因此，資安事件一旦爆發，連訊息怎麼傳遞，電腦之間怎麼保密都有要求。群暉在內部建立資安作業流程之後，全世界的最新情報就開始來了！陳揆驩形容，像之前對存儲設備造成重大影響的SambaCry病毒，在消息正式公布的第2天，群暉就公布了更新檔，堵住漏洞。因為他們和國際資安組織的合作，提早好幾週知道這項情報，也按照國際通用標準，完成產品修補的流程。群暉甚至邀請全世界的駭客，挑戰自家的產品安全性，只要攻進來，就發獎金。「蘋果等公司都有這樣的計畫，」陳揆驩說，這幾年，群暉已經發了超過4萬美元的獎金，給全世界的資安高手，他秀出官網上一頁長長的感謝清單，這其中有資安研究單位，有一般個人，敢接受全世界高手挑戰，對群暉的品牌，更是加分，證明整合資安、軟體和品牌，能為台灣出口的硬體產品大大加值。延伸閱讀：闇黑部隊入侵 無聲的國安危機谷歌、臉書乖乖把錢匯入「他的」帳戶 東歐駭客「代收」廣達38億驚奇電腦病毒太猖狂 連醫生也被耍了？防範藏在細節的闇黑部隊 員工是最重要的防火牆防止駭客入侵 專家教你自保4招
https://www.wealth.com.tw/home/articles/21565,▲（圖／資料室）併購交易成為全球趨勢，據資誠聯合會計師事務所公布的《2019台灣併購白皮書》，2018年全球併購交易額達3.6兆美元。與此同時，台灣上市櫃公司的併購也風起雲湧，去年19家下市公司中，就有15家是併購下市，創下歷年新高。今年年初，被國際私募資金KKR收購的榮化確定下市後，台股併購案持續熱鬧，包括去年就展開下市動作的百略，今年的安成藥、綠悅─KY等併購下市案消息一出，隔日股價隨即漲停表態。但看似風光的背後，小股東面對被計算好的收購價，以及可能是大股東「左手換右手」的灰色地帶，恐怕都沒有太多的置喙空間，也讓併購下市可能犧牲掉的小股東權益，再度成為市場炮火隆隆的話題。以即將在8月5日完成私有化下市的安成藥業為例。今年3月該公司宣布，由董事長陳志明所掌控的加陳國際，打算以每股72元收購在外流通的普通股。以當天的股價計算，約溢價12%，看似給了股東好處，但事實真是如此嗎？回顧安成藥自2013年12月上櫃，當時的掛牌價是248元，且一度衝高到351元的最高價，72元其實是股價的低檔區，多數小股東恐怕都還在住「套房」。這樁下市案最引發爭議的是，安成藥啟動下市作業後，7月不僅公布6月營收年增將近一倍，更宣布旗下的Fenofibric Acid DR Capsule（TWi-017）學名藥，獲得美國食品藥物管理局正式核可，並取得學名藥藥證。但這些利多，恐怕都未估算進收購價裡。生技優等生百略匆匆下市  遭檢舉84元收購價被低估回顧百略下市案，2018年3月21日公告將被摩根士丹利旗下的私募基金滿得投資，以每股84.74元、溢價17.8%的現金對價進行股份轉換，最終成為滿得投資百分之百持股子公司並終止上櫃。當時，百略副董事長許盛信的說法是，因為經營面對的挑戰加劇，考量未來的公司發展，才會決定併購下市。百略當時委請會計師算出的理論價格，是以市價法占比八成、股價淨值比法一成、本益比法一成的方式算出，再參酌中華徵信所統計國內現金公開收購控制權溢價，得出百略的收購價應屬合理區間。本刊向中華徵信所查證，此份參考文件，已是8年前的資料。觀察百略下市前幾年的財報，每股盈餘都穩定在5元之上，現金股利幾乎是4元起跳，公司治理評鑑也落在6到20%的前段班，堪稱生技股少數基本面穩健的公司。曾評估這家公司價值的市場專業人士表示，這樣優異的成績，曾吸引不少投資銀行的目光。▲百略2018 年併購下市，時任董事長的林金源扮演關鍵角色。（圖／攝影組）百略有兩個自有品牌、以美國和歐洲為主要市場的分銷通路、歷史平均股東權益報酬率有20%、毛利率35到40%、EBITDA Margins為13%、有穩定的現金流、未來又會走向雲端醫療，是一家潛力無窮的公司。「以80元出頭的價格收購，真的是低估了！」曾經參與評估該案的業內人士透露。雖然評估價值的方式十分主觀，但下市前毫無敗象、下市後團隊和營運方向都未對外說清楚的百略，是用「經營挑戰加劇」這種可能會被解讀為負面的說法啟動併購下市，是錯估了百略的後市，還是訊息揭露不完整，讓小股東可能因此錯過公司最有爆發力的時刻？一位財顧公司高層分析，會被私募資金收購的公司，原來的大股東有很大機率仍會持有股份，但大股東下市後持股多少，這些疑問當時並未確實告知。記者兩次致電百略，並對金管會收到檢舉函一事提出疑問，百略皆表態不做回應。最新的一個下市案例，是中國最大雙向拉伸尼龍薄膜（BOPA）龍頭廠之姿，風光在台上市的綠悅─KY，來台上市才5年，卻突然在7月11日宣布將辦理下市。綠悅大股東計畫利用兩家境外公司，以每股40元反向合併綠悅達到私有化目標。用停牌前一天收盤價30.05元計算，對股東提出溢價率28%的收購價條件，看來似乎有利；然而，令外界不解的是，公司截至目前每股淨值為63元，收購價40元卻比每股淨值低，背後的定價理由為何？日前綠悅公告，公司為境外開曼群島登記成立，合併案適用《開曼群島公司法》相關規定。此外，台灣收購價格必須高於每股淨值的下市規定，綠悅可以不適用。海外公司來台掛牌，卻可以不遵循台灣規定，顯然很弔詭。檢視綠悅過去5年稅前盈餘為63億元，看似獲利穩定，不過這段期間公司持續買進不動產設備等，累計金額高達82億元，同一時期現金流量呈現淨流出14.5億元，造成公司長期以來配息率低於五成。▲綠悅董事長王哲夫（右）與當時總經理顏藝林（左）以中國最大BOPA製造商之姿，風光在台上市。（圖／攝影組）法人分析，關鍵在於現金淨流出狀況一直沒有獲得改善。綠悅上市之初現金還有28億元，到今年第一季僅剩下3.1億元；如果第一季沒有向銀行短期借貸1.37億元，帳上現金就只剩下1.7億元，幾乎要被營業費用8000多萬元消耗殆盡。很顯然，公司把賺來的錢拿去買廠房設備，擴張速度快過賺錢速度，此時BOPA供過於求，整體產業稼動率偏低，綠悅卻選擇拚命擴充產線，其動機難免引起市場質疑。公司說辭合法卻隱含內情  小股東只有乾瞪眼被犧牲權益回顧綠悅2014年來台掛牌，頂著中國最大BOPA廠，公告的毛利率高達34.8%，比起同業滄州明珠高出15個百分點，2014、2015、2016年也都維持在30%以上，每年大賺10多億元；2016年更受惠於日本同業尤尼吉可退出市場，綠悅獲利創下上市以來新高。不過，從2017年起綠悅突然急轉直下，獲利壓縮至7億多元；2018年更是首見虧損4.4億元。公司強調，近兩年中國BOPA產能大開，讓整體產業競爭變得激烈所致。但觀察同業滄州明珠同時期表現，2017年稅後純益卻創下歷年新高，2018年獲利衰退五成，但仍維持盈餘水準。兩家公司一樣在中國市場拚搏，一家虧損、一家獲利，不得不讓人質疑，綠悅面臨的問題，恐怕是內部因素大於外在環境。 如今，綠悅只要獲得股東會通過，就能成功啟動下市程序，這教等不到轉機的小股民情何以堪？ 延伸閱讀：併購下市案一演再演 投資人只能自保安成藥「快閃下櫃」 3大疑點有夠懸美國併購高透明度 讓股東安心賺
https://www.wealth.com.tw/home/articles/21637,▲（圖／取自謝金河臉書）過去30年，台灣的資金，人才外流，台灣的資本市場也出現巨大變化，在1990年之前，台股是主力作手炒股的內資完全掛帥時代，台股在12682落幕之前，本土作手除了炒金融股及資產股外，聯電炒到188元，堪稱是代表作90年後，本土資金出走，外資左右台股半邊天，這10年來，外資幾乎主導台股命運，特別是金融海嘯後的近10年。我把歷年外資買超，賣超完整統計，只要外資買超多一點，台股就上漲，外資賣超大，台股必下跌。例如09年外資買超4801億，台股大漲3596，2011年外資賣超2776億元，台股大跌1900點。這個情況到去年有了一些變化，外資去年賣超3548億，台股下跌969點，今年迄今只買超515億元，台股卻大漲1213點。今年外資買超轉向，中國A股入摩第一年，外資買超153億居冠，印度103億居次，南韓53.6億美元第三，印尼50.3億美元第四，台灣只有26.7億美元第五。外資把資金轉向A股，但台股表現比南韓強很多，這代表內資力量逐漸增強。未來影響台股的力量，外資過去主導一切，投資人追逐外資報告，未來內資也有有一席之地。不過值得注意的是，外資退潮如果變成常態，那是台股長缐的隱憂。這個10年外資在台股的影響力，值得大家參考。延伸閱讀：謝金河：台灣的下一個努力方向謝金河：「12682」這個消失30年的魔術數字！
https://www.wealth.com.tw/home/articles/23428,▲（圖／今周刊，以下同）12月第1周，食品圈最熱門的焦點莫過於「乖乖」又換老闆了，高雄地產開發商三地集團董事長鍾嘉村悄悄成為乖乖新董座。本刊向乖乖總經理、前董事長廖清輝女兒廖宇綺求證，她向本刊解釋：「像乖乖這樣沒有上市櫃，又是百分百家族資金的企業，在現今市場競爭下面臨很大壓力，遲早需要集團的資源與版圖來支持。」間接證實經營權再度易主的消息。乖乖是國內零食附贈玩具的始祖，旗下有乖乖、孔雀餅乾、綜合軟糖等數十種產品，平均年營收約10億元。除了台灣，產品也銷售至北美、加拿大、澳洲等地的華人市場。1986年，乖乖食品問世，廖金港於1974年設立公司，1993年，長子廖清輝帶領乖乖前往中國天津設廠，雖曾在中國一砲而紅，但卻因擴展太快而失敗收場。次子廖明輝曾提到：「2004年父親要我接手中國事業，我唯一的條件是我哥要離開。」當時資金缺口大，非家族成員張貴富跳出來入股，為此甚至出售市值約40億元人民幣的大樓，成為當時乖乖單一最大股東，持股25.8％，也埋下日後家變導火線。去年鬧兄弟家變   今年經營權又易主2013年，廖金港辭世、廖明輝接班，15年，他引進專業經理人趙明擔任總經理。近年乖乖分別與台積電、初鹿牧場發售聯名包裝，以及米乖乖、素乖乖等新品，全出自趙明之手，不但成功製造話題，也帶動品牌年輕化，提升附加價值；像是米乖乖單包可賣30至50元，而與台積電聯名的乖乖包裝，甚至在網路上創下五百元的標售身價，成為限量收藏品，再次穩固乖乖台灣零食天王的地位。但是，去年8月趙明卻無預警離職，緊接著在12月股東臨時會上，廖清輝發動董監改選，在30分鐘內取得過半席次，從弟弟廖明輝手中拿下經營權。當時廖明輝就表示，哥哥廖清輝有意出售乖乖。廖清輝以扮演整合與活化的角色自許，表示乖乖每年營收至少要成長10％。「希望乖乖未來可以銷售至中國、新加坡等地，成為華人圈的國民零食。」豈料，今年9月，三地集團董事長鍾嘉村入資，在食品圈投下震撼彈。鍾嘉村是何方神聖？房地產起家，為何跨入食品業？今年58歲的鍾嘉村，雖僅有高職學歷，掛名的頭銜卻不少，不但是高雄客運董事長，更入主北基國際、裕豐兩家上市櫃公司，只不過經營績效並不出色。北基這三年EPS僅在四毛之譜，裕豐也已連續3年虧損。靠土地重劃發跡   與「海董」聯手投資鍾嘉村的經營風格宛如八爪章魚，令人印象深刻。綜觀三地集團包括四大事業群，包括建築開發部、交通運輸部、油品事業部以及休閒育樂部，其中光是土地資產面積就高達5萬坪。事實上，鍾嘉村是靠土地重劃發跡，累積到第一桶金。場景回到2002年，鍾嘉村當時在高雄先成立三地開發，專做「自辦市地重劃」，完成的重劃戰績包括左營、鳳山、林園三處外，最重要一役就是2007年拿下高達22公頃的「41期重劃區」（現稱文山特區）；還有台南、高雄、屏東等數個市地重劃案開發中，利益可觀。因為到處插旗，據聞鍾嘉村透過時任高雄縣議員張坤裕，認識人稱「海董」的三立董事長林崑海。一位南部地產界人士表示，投身重劃的鍾嘉村為了熬過不景氣，需要找金主或合夥人，「於是跟『海董』借錢，兩人才牽起線來。」這位地產人士透露，熟悉市地重劃的人都了解，土地必須變更才值錢，鍾嘉村一方面向林崑海調資金，同時也介紹不少物美價廉的重劃區土地給林崑海，自己也占有持分，雙方開始長期合作，「外界因此一直以為鍾嘉村背後的金主是林崑海。」有了在媒體、政商界具實力的「海董」加持，鍾嘉村在土地開發市場如虎添翼，許多案子也主動向鍾嘉村叩門。不僅如此，高雄不少法拍案、重劃區與工業區土地，也都看得到鍾嘉村與林崑海聯手的影子。他與林崑海聯手，並結合年代董事長練台生，三人成立「三禾資產」，接連在法拍市場標下高雄85大樓「建台百貨」及建台水泥左營舊廠，總標金達91億元。不少高雄自辦的市地重劃區土地，也都是鍾嘉村的獵物。在鍾嘉村眼中，似乎愈是爭議的標的，意味著愈多機會。進入法拍的案子，往往牽涉複雜的產權、債務關係，標到之後的處理過程曠日廢時，許多建商皆敬而遠之，但對鍾嘉村來說，卻是滿滿的賺錢機會。一位認識鍾嘉村20幾年的房地產業者說，「有賺錢機會的案子，他絕對不會放過。」為何鍾嘉村獨鍾這類既複雜又耗時的案子？據了解，法拍案整合時間漫長，往往一拖就是10年，萬一財務不夠精算，一不小心就會套牢，正因如此，這些案子的取得成本也相對較低，只要敢賭一把，最後獲利的空間都很可觀，而這正是鍾嘉村的強項。從瀕臨財務危機的高雄客運，到趁著家族經營權之爭成為乖乖大股東，熟悉南部土地開發生態的《美麗島電子報》董事長吳子嘉分析，三地集團很明顯是看上乖乖位於中壢工業區1.2萬坪的土地資產，由於廠房土地成本極低，將來若有機會變更完成，市價相當於40億元，獲利更是不菲。鍾嘉村似乎總能在亂世中抓牢機會財，為自己累積財富的經營術，也令人刮目相看。然而，專碰外人不敢玩的產品，卻也讓鍾嘉村個人沾上爭議色彩。2009年，鍾嘉村看好屏東大鵬灣成立國家風景區，有意投入當地土地重劃，但依照規定必須半數以上地主同意才能開發，當時只有三成地主同意。日後遭檢察官查出，鍾嘉村指示公司副總經理等人找員工或親友當人頭，以假投資的方式購買開發區土地。利用這種手法讓土地所有權人數暴增，藉此達到過半數地主同意，向屏東縣政府申請重劃。這起開發案引發當地居民抗爭，質疑官商勾結，並向法院提告。屏東地方法院在2015年底判決31名人頭地主有罪，並起訴鍾嘉村等人，讓一向在南部土地重劃市場呼風喚雨的他，跌了一跤。雖然在房地產遇到挫折，但鍾嘉村透過多角化投資，事業不斷擴大，翻開他的「八爪章魚」事業版圖，從房地產、客運、觀光業、加油站到食品業，彼此幾乎沒有關聯性，唯一的共通點就是，買到的都是頗具知名度的品牌。例如，此次入主乖乖，他就向媒體自曝「並非食品業門外漢」，早期投資過三洋維士比，巧合的是，三地集團位於高雄的總部，就是中正路上的「維士比大樓」。「廖家二代」強調不忘本   與新股東理念相同乖乖總經理廖宇綺指出，其實一直有外部投資人想入資乖乖，但三地集團成為合作對象，原因在看重乖乖品牌，認同經營團隊對未來規畫，承諾會把生產與研發保留在台灣，並投入更多技術研發機能型、成人口味等產品，擴大消費群體。「我們不會忘本，三地集團與乖乖的想法都很一致，會永續經營下去。」她強調。▲乖乖總經理廖宇綺（左二）與名譽董事長廖清輝（後排中）期許把乖乖打造成華人圈的國民零食。延伸閱讀：都什麼年代了，聊天還在打= =、XD？傳訊息有這10個習慣代表你老了冬季外套三大品牌：為什麼穿最便宜的The North Face，反而容易被搶？
https://www.wealth.com.tw/home/articles/21385,▲數聯資安總經理郭憲誌站在戰情室裡，這裡是數聯資安的心臟，每月從100多億筆資料中，追蹤駭客的攻擊行為。（圖／陳俊松攝）資安，是繼5G之後，美中之間必爭的科技新戰場，也是值得投資人注意，持續成長的新產業。美國著名的網路安全Prime cyber security ETF，去年12月24日，一度跌到31.73美元的低點，到今年7月3日，重新站上40.84美元，逼近1年新高。今年4月9日，美國IDC公司發布《全球安全支出指南半年報》Worldwide Semiannual Security Spending Guide報告指出，2019年到2022年間，全球資訊安全解決方案支出將以每年9.2%的速度穩定成長；今年這個市場的規模是1031億美元，超過台幣3兆元，到2022年，市場規模將達1338億美元，約合新台幣4兆元。在台灣，由於市場規模不大，資安產業過去規模相當小，台灣的資安公司多半以代理國外資安產品為主；但在政府喊出資安即國安，把資安當成新興產業培養後，不但台灣自行開發技術的資安新創公司數量增加，資安產業發展的環境也逐步改善。例如，去年中山大學等4所大學宣布成立資訊安全碩士班，培養高階資安人才；未來測試和認證服務開始增加，資訊安全學會理事長范俊逸指出，資安學會轄下有行動應用資安聯盟，能針對手機App進行資安檢測，發認證標章。此外，電信技術中心也針對物聯網裝置，設有檢測實驗室，可核發NCC和經濟部共同推動的自願性物聯網資安認證標章。在產業方面，根據行政院國家資通安全發展方案報告，台灣資安產業產值在2016年時，為台幣344億元，預計到2020年時，規模上看台幣550億元。數聯資安是遠傳旗下的網路安全監控中心，如果把網路安全比喻成實體世界的門禁，數聯資安的工作，就是在網路世界裡，設下關卡，攔住有意破壞的犯罪者。走進台北市內湖數聯資安的「戰情室」，就像走進電影駭客任務的場景，因為這裡就是他們網路作戰的中心，不只電力、網路有兩套系統互相備援，要進入，還要通過指紋辨識器等三道關卡。全台灣數百家客戶，上千套關鍵網路設備上，都配有數聯資安特別打造的偵測器，這些偵測器的作用就像衛兵，如果是放置特別資料的伺服器，駭客想打進伺服器之前，還得先通過偵測器這一關，「不管你是手機、網路設備、電腦，什麼資料我們都收得下來。」數聯資安總經理郭憲誌指出。這座戰情室裡，每個月要處理110億筆資料，系統過濾出的網路異常行為資料，會先送到坐鎮中央的1線工程師；如果覺得「案情不單純」，再交由圍坐四周，經歷更豐富的2線工程師繼續追查；一旦發現真的是網路攻擊，再找第3線白帽駭客進來「參戰」。戰情室外，還有給待命人員的小房間，隨時輪班支援，1年365天，1天24小時，不間斷地與駭客作戰。「我們每個月平均從110億筆資料中，找到5500個異常狀況。」數聯資安處長游承儒說。他們的商業模式，是從駭客攻擊前的預警、資安情報，到平時的網路攻擊監控，以及如果遇上重大事件，事後的緊急應變、數位鑑識等。數聯資安發現，現在駭客攻擊走向量身訂做的手術刀式攻擊，不再是粗暴的海量攻擊，可能1天只攻擊3次，但3則攻擊訊息混在上百億的資訊裡，卻可能很難察覺。為了因應新的攻擊趨勢，數聯資安運用人工智慧平台，管理網路上使用者行為的異常狀況，例如，平常這台電腦打開的都是產業相關網站，今天突然開啟百度首頁；或是，平常連線的網址顯示是在桃園，今天卻突然在加州，平常不對外連絡的伺服器，突然主對外連絡；這些行為異常，系統都會抓出來，「我們的資安系統有情境感知能力，可以學習駭客的行為。」游承儒笑著說。 與國際資安組織無縫接軌　群暉廣邀全球駭客挑戰公司漏洞群暉科技是台灣知名的儲存設備商，不過，這家公司的核心能力其實是打造自己的軟體，搭配自行設計的硬體，交給代工廠生產，銷往全世界，這幾年，他們大力投資資安，帶動業績快速成長。群暉基礎架構與網路部門資深經理陳揆驩分析，2016年時，群暉在全球已有逾500萬台的產品，看到全球層出不窮的存儲設備資安事件，開始建立專屬資安團隊。「以前，我們消費者客戶和企業客戶的比例，是6:4。」陳揆驩說，2016年之後，公司整體業績年年成長，企業客戶的占比，則提升為5成。為了提升資安，群暉兵分多路，一路是重新翻修自家最重要的產品作業系統，陳揆驩舉例，過去產品設計裡，用戶要最高的使用者權限，就能拿到，這其實是給駭客開了方便之門；翻修後，如果用戶只要做簡單的事，就會只拿到剛剛好的權限。另一路則是跟世界上大型資安組織，建立關係，學著怎麼管好產品資安。「上週我們才派同仁去美國拜訪CNA（資安通用漏洞編號管理者）。」陳揆驩說，他們是趨勢科技之外，第1家加入CAN的台灣公司。CNA是負責協調全球資訊安全的重要單位，每個新發現的資安漏洞，都要由他們統一編號，協調全世界的公司修補問題；另外，群暉也跟美國的資安單位FIRST建立合作關係，陳揆驩解釋，公司派人跟國際資安社群打交道，除了學習別人的作法，也是要換得對方的認同，進一步共同制定標準。畢竟資安情報交換其實是涉及政治的敏感事件，只有盟友之間才會交換，因此，資安事件一旦爆發，連訊息怎麼傳遞，電腦之間怎麼保密都有要求。群暉在內部建立資安作業流程之後，全世界的最新情報就開始來了！陳揆驩形容，像之前對存儲設備造成重大影響的SambaCry病毒，在消息正式公布的第2天，群暉就公布了更新檔，堵住漏洞。因為他們和國際資安組織的合作，提早好幾週知道這項情報，也按照國際通用標準，完成產品修補的流程。群暉甚至邀請全世界的駭客，挑戰自家的產品安全性，只要攻進來，就發獎金。「蘋果等公司都有這樣的計畫，」陳揆驩說，這幾年，群暉已經發了超過4萬美元的獎金，給全世界的資安高手，他秀出官網上一頁長長的感謝清單，這其中有資安研究單位，有一般個人，敢接受全世界高手挑戰，對群暉的品牌，更是加分，證明整合資安、軟體和品牌，能為台灣出口的硬體產品大大加值。▲趨勢科技台灣區暨香港區總經理洪偉淦觀察，過去5年，被駭客攻擊的產業從政府為主，擴大到金融和製造業。（圖／吳尚哲攝）全球雲端資訊服務市占龍頭　趨勢科技物聯網時代的網路超級衛兵趨勢科技（以下簡稱趨勢）是台灣老牌資安公司，這兩年，這家公司最主要的成就，就是成為全世界雲端資安服務，市占率第1名的公司。趨勢台灣區暨香港區總經理洪偉淦表示，趨勢在雲端資安全球市占率排名第1，已經有5、6年時間；此外，在滲透攻擊領域，市占率也能排進全球前3名。如果你登入亞馬遜AWS、微軟Azure等雲端服務，可供選擇的服務中，就會跳出趨勢的雲端服務。趨勢在這方面布局相當早，洪偉淦解釋，在伺服器的世界裡，修補系統漏洞比一般PC更加困難，但伺服器保護的卻經常是最重要的資料，趨勢因此發展出1種技術，就算伺服器無法馬上修補弱點，也可以用虛擬的方式，把入侵者擋掉。「伺服器上有些重要的檔案，是不允許輕易變更的，」洪偉淦說，他們的服務可以在這些檔案旁設下「衛兵」，駭客如果想改檔案，系統就會自動通知管理者。現在，趨勢正積極布局物聯網和5G的資安，「5G時代，整個網路都會無線化，以前我們是在中間的盒子攔住駭客，未來5G時代，就要回到電信機房，用軟體處理。」他分析。物聯網時代，趨勢甚至開始替汽車提供資安服務，今年4月，趨勢就宣布跟Luxoft Holding公司合作，提供連網汽車的資安解決方案。趨勢是在日本掛牌的資安公司，過去4年，這家公司的營收和淨利年年走高，占有雲端優勢後，趨勢在物聯網和5G時代，仍有值得期待的前景。延伸閱讀：闇黑部隊入侵 無聲的國安危機谷歌、臉書乖乖把錢匯入「他的」帳戶 東歐駭客「代收」廣達38億驚奇電腦病毒太猖狂 連醫生也被耍了？防範藏在細節的闇黑部隊 員工是最重要的防火牆防止駭客入侵 專家教你自保4招
https://www.wealth.com.tw/home/articles/22177,▲世界銀行估計，全球有2.7億名移民會匯錢回老家，匯款回鄉已成為全球化的主要特徵之一。（圖／陳俊松攝）和全球千千萬萬的人一樣，凱克維塔（Joy Kyakwita）月復一月都會做同樣的1件事：在她的手機上按1個鍵，把錢寄回家鄉。凱克維塔是1位在英國倫敦工作的律師，每個月會把1/3的薪水匯回她的烏干達老家，接濟家用，包括為她的兄弟和姪子支付學費。她說：「我相信出錢幫助他們走上一條正途，他們就業的機會就很大；能夠就業，他們也就能幫自己的兄弟姊妹一把。」世界銀行估計，全球約有2億7000萬名移民會匯錢回家，這些移民今年匯回家鄉的總額將達6890億美元。這一數字標誌著1個具有里程碑意義的時刻：匯款回鄉的數額今年將超過境外的直接投資，成為開發中國家最大的外資流入金額。匯款回鄉金流龐大　將接棒成為最大外資許多經濟學家一度將這樣的匯款，視為開發中經濟體僅次於外國直接投資和股權投資的境外資金的匯入；不過，世界銀行有關移民與發展項目的全球知識夥伴關係項目負責人拉塔（Dilip Ratha）說，鑑於其數量之龐大，以及一貫與彈性之特質，這些匯入的錢「就金融發展而言，是當地最受矚目的重要現象」。根據世界銀行統計，生活在非出生國的全球人口，已從1990年的1億5300萬人，增加到去年的2億7000萬人，而全球滙回家鄉的匯款，也從涓涓細水膨脹成滔滔洪流。隨著移民的增加，這些金融上的蝸牛途徑，在過去25年，已成為全球化的決定性趨勢之一：全球資金流動披上了私人性、非正式和個人化的面孔。對許多開發中經濟體而言，它已然是一條生命線。拉塔說：「在經濟衰退、天災或政治危機爆發時期，私人資金往往會出走，連官方援助也難以管理，匯款回鄉已是援助的重要形式，而且會源源不斷。」回鄉的匯款流入，有助提高一國的收支平衡，從而提高其信用評等，以及降低政府、企業與家庭的借貸成本。例如，菲律賓今年匯入340億美元，有助國內經常帳赤字占國內生產毛額（GDP）10%，降至僅占1.5%。惠譽評等公司的麥科瑪（James McCormack）說，匯款回鄉是「經常帳中相對穩定的外匯來源，會直接反映在我們的主權評等當中」。他指出：「在菲律賓、埃及、奈及利亞等國，若無匯款流入，他們的經常帳部位會更弱。」一些政府則試圖把回鄉的匯款導入開發項目。印尼最近也上了「僑民債券」的發行國名單，欲開發利用印尼海外富僑的儲蓄。有效紓解經濟壓力　也放緩政策改革動力但匯款回鄉也有不利經濟的因素。藉由匯款補貼國內低收入家庭，固然紓解了成長遲緩的衝擊，但也放緩了政府改革政策的壓力。且藉由資金被導入消費者支出，匯款會促進進口，而部分經濟學家認為，這就抑制了國內製造業的發展。然而，拉塔認為，這種觀點低估了回鄉的匯款重要性。他說：「消費不好嗎？未必。沒有消費我們就會步向死亡；投資可以等，消費不能等。」隨著所得增加，人民把錢投入住宅、保健與教育，他指出：「這是人力資本的形成，對任何經濟體都是可觀的投資。」匯款回鄉也是全球經濟壓力傳輸關鍵機制的一環。人因尋求機會而遷動，當母國經濟狀況不佳時，移民就會增加；當他們移往的目的地經濟表現良好、移民致富時，他們把更多錢寄回家，形成對母國經濟困境時的一種推力。但是，當移民落腳的國家陷入經濟困境時，這種衝擊會以額度較低的匯款傳回到原生家庭，也連帶把經濟遲緩輸送到接受匯款的1方，進而加劇全球性的經濟不穩定。最近的油價下跌就是一個例子。油價下跌不僅打擊產油國家，對在東南亞與波斯灣地區油業工作者的家庭而言，也是一大打擊。事實證明，這對黎巴嫩就是結構性衝擊，黎巴嫩是1個小型經濟體，其家庭及銀行系統都極為依賴海外僑民的匯款流入。全球結構性趨勢下　移民潮還會持續擴大3大評等機構之一S&P Global的季爾（Frank Gill）說：「我們一直在密切注意黎巴嫩，因為它的匯款在過去10年的確在下降，幅度接近12%；這項匯款是黎巴嫩公部門發展資金的主要來源，也是一個令評等機構擔憂的項目，原因再明顯不過。」今年5月，標準普爾將黎巴嫩主權評等的前景下調至負評等，所引述理由就是非居民的匯款流入呈緩，對黎巴嫩的財政穩定形成威脅。儘管匯款回鄉已成為當代全球化的主要特徵之一，但包括民粹主義興起等政治風潮的轉變，讓人不禁要問：這種匯款對經濟的重要性是否只是一時的？針對全球化的強烈反彈日漸抬頭，許多已開發國家的反移民情緒高漲，因此，移民和移民潮流下驅動的資本流動兩者都可能開始走下坡。不過，世界銀行預計，從現在到2030年，將有5億5000萬人會加入中、低收入國家的勞動力，已開發國家（每年國民平均收入為4萬3000美元）與低收入國家（每年平均800美元）巨大的收入差距勢將持續。這也意味著，國外的就業機會持續具有吸引力。諮詢公司資本經濟（Capital Economics）的李德說：「全球的結構性趨勢會出現更多的移民遷移，而不是更少。」出自貧窮國家向外移民的推力與來自富有國家的吸力會不謀而合。標準普爾的季爾說：「西方世界逐漸老化，愈來愈依賴進口勞工；我的看法是移民潮一定會繼續下去。」此刻全球經濟放緩的烏雲籠罩，投機性投資的流動也可能變得更不穩定。這使得回鄉的匯款在全球四處流動，儼然是全球資金流通的主流之一；即使移民流動減少，世界各地現有的移民數還是很高，這意味回鄉的匯款流可能會持續數10年。凱克維塔居住在倫敦西區的索薩爾（Southall），目前沒有搬回烏干達的計畫。她說：「因為我在英國有遠大的夢想，我的孩子在這裡出生。」凱克維塔的姊姊比她更早移民英國，姊姊是1名護理師，在姊姊的經濟支援下，凱克維塔順利讀了法律、也當上律師。現在，她想將這股好運帶給下一代的家人。她說，回家已經變得「不再是關乎我個人的事，而是關乎我孩子的未來」。 延伸閱讀：【有影片】來泰國做生意，一定要認識「Stanley Kang」獨家專訪香港90後股神黃兆祺：香港人有能力的都想走
https://www.wealth.com.tw/home/articles/22496,▲A股仍處下行趨勢，選股宜審慎。（圖／達志）撐盤角色弱化　銀行股長期看跌上期本欄提到在人民銀行降息的預期下，銀行股暫時撐盤。現在看起來也快支撐不住，中國的銀行股可能長期下跌理由有二：首先，地方政府的貸款被大範圍隱藏，中國各銀行的資產負債表，實際壞帳遠比財報顯示的多。第二，總理李克強從2016年強推債轉股計畫，至今已經超過3年。無法還債的國企，在新增貸款無能力還款後，被強制把債券轉成股票，這些實際上的壁紙被放到銀行的股權投資的細項。由於未上市，暫時都以成本法估價，其實根本沒有價值。中國的經濟數字很差，但是也許外界知道的還不是真正的那種差。有鑑於中國習慣性的數據作假，位於美國舊金山的衛星探測公司Space Know，找了6000多個中國工廠的廠房，長期監測工廠燈光亮度，如果加班趕工，燈光會亮，如果停工破產，燈光會暗，他們以光線的紅外線波長制定指數，判斷中國6.2%的GDP（國內生產毛額）成長，至少有3個百分點是灌水。招商證券說，中國政府降稅的效應，穩定了企業4月至6月的獲利，到了7月以後，庫存週期是否見底，以及代表工廠出廠價格的PPI何時見底回升，才是判定大盤能夠回升的關鍵，目前向下的趨勢並未轉變。回到盤勢，相對於金融股持續盤跌，眾家基金與外資重壓的科技股，開始出現百股以上跌停的出貨盤勢，十一長假前退場觀望是原因之一，貿易戰不確定因素是原因之二。10月中準備召開的共產黨十九大四中全會目前居然聽不到任何傳言，更顯得山雨欲來。香港的反送中民主運動已經持續超過3個月，隨著不明死因的死亡人數攀升，要簡單結束已經不可能。中共當局對香港是否準備武力鎮壓，以及歐美日如何回應已經為市場帶來高度的不確定。民企股風險升高　只有優質國企可以考慮股票市場最怕不確定性。本欄除了早已主張港股應該要空倉外，A股的投資也必須縮小到特定的範圍內才能考慮。營收來源必須確定來自中國且週期起伏不大，現金流必須強勁且股息發放必須大方，民營企業在混合所有制的掠奪風險之下，宜盡量避開，換言之，只有優質國企可以考慮。在這些標準下，如果有些人民幣資金出不了中國，也許可以考慮投資以下股票，包括：江蘇寧滬高速公路（600377 CH）重慶水務（601158 CH）、大秦鐵路（601006 CH），以及國投電力（600886 CH）。這些股票有幾個共同的優勢：第一，沒有公司治理的問題，不必擔心被中共充公；第二，業務簡單且具壟斷性；第三，各公司均有持續10年以上的穩定配息紀錄，財報造假的可能性極低。為了應對接下來可能的政治動盪，中國政府除了讓人民銀行降息或者非常規的寬鬆動作外，別無他法，即使這可能傷害人民幣匯率。在銀行壞帳情勢可能大舉惡化的背景下，維護資產端的價值，是他們一定要做的事。總之，3000點以上的上證指數，可能很長一段時間不用再想了。
https://www.wealth.com.tw/home/articles/21917,▲人民幣破7的同時，匯豐高層紛紛離職，引發揣測。（圖／攝影組）中國人民銀行公布7月分社會融資數字為1.01兆元人民幣（以下同），比預估的1.625兆元少，也比去年同期少0.21兆元。7月新增銀行貸款1.06兆元，預估1.28兆元，比去年同期少0.39兆元；7月貨幣供給M2成長8.1%，比預估的8.4%低，也比6月的8.5%低，為了維持人民幣匯率不要貶太多，中國人民銀行正在控制貨幣發行，極力避免超額發行貨幣導致的匯率不穩。目前美中貿易戰已經進階到金融戰，要再回到2017年以前的狀態，愈來愈不可能。也許為了聖誕節的消費平穩，為了讓各家供應鏈有序撤出中國，美國會暫時延後關稅課徵的時間，但這只是換取下一波攻擊部署的時機，等到美國與歐日新的貿易協定談定，關稅大棒還是要下，屆時人民幣繼續貶值破7的趨勢還會持續。關稅大棒遲早會砍下　人民幣貶值趨勢仍將持續人民幣破7的同時，匯豐控股的管理層突然無理由相繼離職。8月5日，一向主張擴張中國業務的執行長辭職，接著大中華區行政總裁跟著跳船，匯豐決定遇缺不補，還有一個跟著閃人的是亞洲區風控長，匯豐控股發聲明：與華為的伊朗交易沒有關係。以常識猜測，匯豐過去幾年的業務一定存在爭議，且與中國有關。目前匯豐是香港3家港元的發鈔銀行之一，如果未來港幣改釘人民幣，匯豐還會不會繼續是發鈔銀行？還能不能繼續管理部分香港的外匯存底？投資人不得而知；但是匯豐是否藉由購買美元票據的形式，貸款4000億美元給中國當外匯存底，市場傳言繪聲繪影。就企業管理的角度看，如果只是華為伊朗交易案，頂多風控長督導不周，走1個人即可，如果往上到執行長與分管區域負責人都必須一起走人，那應該是更大的原因。就交易的角度來判斷，匯豐（HSBA LN； HSBC US）有可能是可以當作港幣改釘人民幣後放空港元的替代標的，理由有二；如果謠言是真，匯豐有可能收不回這4000億美元的貸款，因為金額太大，大到執行長才有可能批。另外，匯豐在英國與美國都有上市，港幣若被迫改釘人民幣後，港幣可能消失自由流通的特性，在香港的放空所得可能無法離開香港，但是在英美放空就沒有這個問題。過去1個月，匯豐最大跌幅12%，這個跌幅比起未來的巨變，可能只是小菜而已。香港的反送中示威遊行蔓延到香港機場，香港機場被迫取消航班。股市這樣反映，鄰近的廣州白雲機場（600004 CH）衝到歷史高點，深圳機場（000089 CH）也出現漲停，能不能追價，很難講；會到香港的旅客不一定會到深圳、廣州，能因此分流多少要再觀察，如果香港往後出現外國人的大規模撤退，也不容易轉進深圳與廣州。倒是國泰航空（293 HK）的經營權歸屬，可以研究一下。A股權重調高　資金行情還能撐多久？中國政府藉口國泰航空人員參加香港反送中示威，要求國泰航空所有飛中國的航班，都必須提交人員身分，否則不准降落；目前國泰航空有3000多人參加過示威活動，要找到中國政府可以接受的飛行組員名單已經不容易，繼續玩下去，英國的太古集團手上的45%股權，在中國政府追求（航空）主權完整的大方向下，被迫吐出來的可能性不小。目前太古A（19 HK）市值約700億港元，國泰航空45%的市值接近200億港元，如果你的資金短期內沒有要從香港與中國出來，太古A可能未來也許有一筆特別股息可以發，想找個保守標的收股息，這檔可以考慮。MSCI（明晟）宣布調高中國A股在全球新興市場的權重，從10%提高到15%，市場預期可能在2019年11月就會上調權重至20%，就在這香港可能準備關門的日子裡。至8月14日為止，外資持有A股1.01兆元人民幣，其中貴州茅台創歷史新高，市值高達1082億元人民幣，單一個股市值超過外資總持股的10%；1.01兆元人民幣以1美元兌換7元人民幣概略估算，大約是1443億美元，香港的外匯儲備在2019年7月總額是4485億美元，外資的持股都是由香港透過滬股通與深股通買的，換算香港簿記在帳上的外匯存底，就是1/3。外資持股逾外匯存底3成　最怕流動性出了大問題接下來的可能性，就是鬼月的鬼故事了。一旦港幣被迫改釘人民幣，喪失自由流動的特性，MSCI先前因為流動性疑慮消除而增加的A股權重是否有可能從15~20%再調回零？這群已經進入A股的外資，大部分是被動式的ETF，它們的業績比較基準如果改變了，要不要不計代價賣出離場？如果這1兆元人民幣市值的股票要離場，A股準備殺到什麼點位？如果香港的外匯存底已經如謠言所說被匯豐用完了，這群外資無法離場出中國，那外資在其他市場勢必殺股票取得流動性應付贖回，那麼其他市場的股票得跌多少？股市投資人一定要關注國際政治發展，光看經濟與個股基本面是絕對不夠的。延伸閱讀：香港這把火 燒出台灣對中國的三個誤判時事評論家范疇憂心台灣 對中國感情很複雜有錢人避險優先 千億美元悄悄外逃香港中
https://www.wealth.com.tw/home/articles/21315,▲39年老字號大八餐飲集團驚傳倒閉，積極找尋有意投資者。（圖／翻攝自Google Map）高雄老字號39年歷史的大八餐飲集團，7月2日宣布暫時停業，業者低調證實此事，但強調已有新投資者表達願意接手，雙方仍在洽談細節當中。其實，大八去年8月爆發跳票近億後，又面臨投資失利慘賠及勞資糾紛，但今傳出將轉賣消息，震驚高雄餐飲市場。大八餐飲集團去年驚傳跳票近億元。業者坦言，前年揮軍北上擴大版圖，在臺北內湖、微風開2家潮坊，但因經營不善已轉手。至於周轉不靈，已與廠商協商，部分同意展延。另外，四維店於同年8月中吹熄燈號，員工將轉移至其他事業體。當時連經營30年的大八日本料理四維店，也吹熄燈號。業者僅解釋，因為租約到期，整體環境及營運不太理想，必須展開「瘦身計畫」，員工將轉移至其他事業體單位工作，但強調不影響其工作權。大八歷經財務危機後，董事長林輝義為了300多名員工生計，咬牙苦撐，也與供應商、銀行達成協議，孰料近1年仍無力解決財務困境，薪水也發不出全薪，引發勞資糾紛。大八餐飲集團副總林啟安7月2日對媒體證實，現在起暫停營業，正盤點與內部組織重整，未來若有新投資者確定接手，大八擁有39年品牌價值，店名應該不會更改，也歡迎有願接手的投資者來接洽。
https://www.wealth.com.tw/home/articles/22649,8月中旬，蘋果資安負責人Ivan Krstić在黑帽（Black Hat）大會上宣布，任何人在沒有聯繫iPhone手機使用者的情況下，能完全控制iPhone系統，將獲得百萬美元獎賞。9月28日，台灣「蘋果新聞網」與香港《蘋果日報》的粉絲專頁，因為支持香港反送中的立場，受到駭客攻擊暫停服務。這些例子顯示，未來資訊安全將更受到重視。練兵19年坐穩龍頭　結合AI強化技術安碁科技成立於2000年，為宏碁集團下的雲端服務中心，位於桃園龍潭的資料中心是業務重心，營運過程中逐漸培養資安能力，並據此技術向政府爭取資安標案，2003年為國家資安會報建置國家級資安監控中心（SOC）；2017年分割成立安碁資訊，更專注發展資安服務業務，成為台...
https://www.wealth.com.tw/home/articles/21632,▲中國豬肉價格不斷飆升，通膨壓力讓北京當局很頭大。（圖／達志）中共領導人「邊休假邊工作」的北戴河會議，即將於7月底至8月初之間召開，各類小道消息京城紛傳；有說本次會議將討論香港問題，有消息則說是中共總書記習近平的政權保衛戰。其實，今年北戴河主要將聚焦經濟，因為失業及物價問題，已成北京當局心頭大患。 威權體制國家最怕兩件事：失業率攀升與通膨。六四天安門事件的爆發背景，就是嚴重的通貨膨脹問題。一名在北京長駐10年的外國記者說，要觀察中國社會是否穩定，他首先留意豬肉價格。失控的物價 鳳梨比台灣貴2倍以上  受到非洲豬瘟疫情影響，中國豬肉價格從去年起開始不斷飆升。據中國農業農村部信息中心和山東卓創資訊公司聯合監測，7月以來16個省（市）瘦肉型白條豬肉出廠價，平均值為每公斤24.72元（人民幣，下同），較上月漲2.5%，比去年同期上漲44.6%。中國國家統計局公布6月消費者物價指數成長也達2.7%的高點。中國主要券商華泰證券首席宏觀研究員李超指出，預計下半年豬肉價格月增率、年增率都可能繼續大幅提升。與此同時，5月開始飛漲的水果價格，仍無明顯下降趨勢。蘋果價格居高不下，產自陝西的「水晶蘋果」，每顆要價7元；即使鳳梨等價格較低的水果，價格都是台灣的兩至三倍。 在失業問題上，今年初以來的白領裁員潮，是因為IT業投資過度飽和所引起的，而5、6月開始的這波裁員潮，則是因美中貿易戰引發的「政治裁員」──跨國企業為分散風險紛紛縮減中國業務。美國軟體公司甲骨文日前在中國大舉裁員900人，占在華研發部門員工總數的6成。 中國上半年經濟成長率為6.3%，創下27年來新低。北京一名黨政人士透露，內部經濟問題才是這次北戴河會議的焦點，雖然美中貿易戰目前和緩，但美中對抗的格局已形成，中國要一致對外，先要穩住內部形勢，否則一切免談。只是北京當局能出的牌已經很有限，北戴河也難以有完善解方，因此預估中國政府將再推出經濟刺激政策，預防出現大規模失業。該名黨政人士認為，當前困境一是外部因素導致，二是失業多集中在白領，用鋪路造橋的刺激模式沒有幫助，因為這些工作機會都不是白領能勝任的。除經濟問題外，統一內部思想也是北戴河會議重心。自6月起，中共中央決定全黨開展「不忘初心、牢記使命」的主題教育。北京一名黨政人士強調，這就是一種「黨內整風」，要求黨員對「習核心」不得有二心。今年7月，習近平在內蒙古考察時，指導開展「不忘初心、牢記使命」的主題教育。他強調，要牢記初心和使命，做好穩增長等指示。「所以一是穩住經濟，二是統一思想，這是北京兩件頭號事。」該名黨政人士說。 看中國各類官式發言，感覺這全球第二大經濟體似乎挺住美國打壓，但實際上只是表面風光，失業與物價蠢蠢欲動。難以擺脫美國的出招，讓習近平團隊承受巨大壓力，加上突發的香港「反送中」抗爭，以及國際社會頻頻就新疆議題施壓，「習要處理的問題太多了，兩岸關係還要排隊」。面對這一切，沒有強健的經濟體質，絕對半路夭折，要掌握北京下半年乃至明年的脈動，還是那句老話─留意失業率與豬肉價格。延伸閱讀：美國豬轉賣中國 台灣「豬」事大吉中國萬物齊漲 通膨警戒聲響起
https://www.wealth.com.tw/home/articles/21321,▲（圖／今周刊）「讓體質更好不是壞事。」6月27日，金管會公布了一項全新法則，那就是「系統性重要銀行」名單，總共有5家銀行上榜，包括中國信託、國泰世華、台北富邦、兆豐銀行和合作金庫。金管會主委顧立雄表示，系統性重要銀行必須符合額外的資本適足和監理要求，當市場發生動盪或風險急遽升高時，要扮演金融市場穩定的力量。此法一出，反倒譁然，這5家領了「口頭獎勵」的銀行，好處沒有，卻因為要符合額外的資本適足，必須面臨增資的壓力，私底下怨聲載道，有苦說不出。事實上，這次金管會公布這個史上頭一遭的規定與名單，主要是為了與國際標準接軌，顧立雄說，20國集團（G20）要求巴塞爾銀行監理委員會，讓各國辨識其國內系統性主要銀行，因此，研議出我國此次的篩選架構及強化監理措施。「我們不想要，卻也不敢說。」5家銀行之一的發言人直白地說，這五家銀行等同是優等生代表，原本應該慶賀獎勵，但因為這次金管會公布的名單中，除了中國信託之外，其他四家都在資本適足上略有不足，因此如果要繼續留在「榜上」，都有即刻增資的壓力，即使是中國信託，也只是剛好掠過，只要再衝刺一下業務，可能馬上也要增資。換句話說，這次金管會的口頭獎勵，紅蘿蔔沒有，卻因為對優等生提高標準，引發「表現好反被懲罰」的議論。新制預告中　落實賞罰分明「目前只是預告，預計明年才會有明確的法規公布，金管會可能針對這些銀行，在業務申請上有加分的考量。」銀行局副局長莊琇媛說，事實上，金管會研議「分級管理」制度已久，表面上也說早已上路實施，但其實不見明確的政策。所謂分級管理，就是一手拿鞭子、一手紅蘿蔔，差則罰之，優則獎之，但在台灣特殊的氛圍下，一不小心就被冠上「圖利業者」的帽子，讓金管會的分級管理，始終戰戰兢兢，難以踏出大開大闔的一步。延伸閱讀：「天啊！這麼高級真的可以給我？」台灣芒果珍貴如同黃金...日本人這樣「哈台灣」耶魯操盤手給孫子的一封信，深藏12個投資智慧：如果你不打算持有10年，一開始就別買
https://www.wealth.com.tw/home/articles/21975,▲（圖／Pixabay）想了解國際情勢，卻不知道從何看起嗎？《財訊》為您精選出國際新聞重點，一分鐘掌握全世界發生的大小事。紐約時報：Youtube也加入「反送中」！停權210個帳號反擊中國訊息戰金融時報：美債殖利率三度倒掛，市場緊盯Fed主席鮑爾今日演說▲（美債10年期減2年期殖利率/翻攝自金融時報）華爾街日報：日韓關係再惡化！南韓不再與日分享軍事情報日韓軍事情報保護協定：一種軍事同盟關係，根據協定雙方可共享軍事技術、戰術資料、密碼等秘密軍事情報，且在未經另一方允許下不得將情報告知第三國。基於美日韓分別同盟及北韓的關係，日韓在2016年11月23日締結協定，若未在90日前（8月24日）由其中一方終止，就會自動延長。彭博：成衣零售景氣低迷，Gap一年重跌31%▲（圖/翻攝Google財經）
https://www.wealth.com.tw/home/articles/21460,▲台灣四大慘業殺戮20年，資料照。（圖／吳尚哲攝）這兩天有兩則新聞很令人感傷，一個是奇美集團認賠群創，一口氣殺出19.6萬張，處分的金額只有14.35億，但損失卻高達32.35億元，現在奇美手上還有群創30.93萬張，如果繼續賣完，帳上可能還要賠將近50億元，對奇美集團創辦人許文龍來說，這真的是南柯一夢。面板產業大好的時候，奇美和友達並稱是兩隻老虎，在2005年前後，台灣的雙虎幾乎和南韓三星，LGD平起平坐。在最好的時候，許文龍先生直呼面板產業是他一輩子見到的最好產業，他也說奇美是中國人之光，為了奇美在中國大陸的發展，在扁政府時代，他也被迫作政治表態。但台灣的面板產業在次世代投資不足，加上中國大陸的國家隊京東方等崛起，奇美漸不支，2009年和群創光電合併，名字也改成群創，奇美退出經營權。這10年來，郭董拿下奇美，群創也沒有變得更好，這回奇美認賠殺出，看起來是走到希望的盡頭。另一個是太陽能電池的益通，也宣布裁員，將逐漸退出這個產業。益通在經營壓力下，由葉國一頂下經營權，但是營運仍每況愈下，現在已有收攤的打算。這家公司股票價從最高峰的1205元跌至2.45元，股東只有慘賠收場的哀傷。台灣的四大慘業殺戮了20年，業者一直等，一直苦熬，卻沒有能見到明天的太陽。現在這個殺戮降臨在南韓身上，三星及LGD的顯示器部門都面臨壓力，南韓的重工業也很難倖免。這場產業的悲歌一直沒有唱完。延伸閱讀：【6月20日股東會懶人包】群創洪進揚：預期面板市場長期供過於求群創董座換手  鴻海面板事業重新整隊郭董最倚重的主力戰將  劉揚偉戰功無數，整合夏普也靠他
https://www.wealth.com.tw/home/articles/21776,▲（圖／潘重安攝）懸念多時純網銀名單終在7月底公布，3家全上統統有獎。媒體披露內定保障名額中華電信國家隊的總評分敬陪末座，遠遠落後給LINE與樂天。這尷尬了，台灣主辦台日韓職業棒球賽，總不能還沒開打中華隊就缺席吧，這或許是不得不3家全上的原因吧。劉奕成是台灣純網銀的催生者，去年2月，劉遊說金管會開放台灣純網銀，同時說服LINE在台灣成立Line Bank，劉2月自中國信託的台彩離職，也幫自己在LINE找到工作，LINE在同年3月成立Line Finance。劉奕成在LINE任職剛過半年，兩個太陽之爭傳聞不斷，去年10月離開了LINE，帶槍投靠中華電信的國家隊，這時候離純網銀送件只剩下3個月，LINE險些措手不及。國家隊也是一波三折，劉奕成在取得執照隔日卸下執行長。這18個月的轉折有如丁丁歷險記，凸顯LINE的內部水很深，中華電信的水更深。Line Bank有LINE即時通、Line Pay，富邦銀行、台灣大哥大、凱擘有線與momo購物的資源，這是無敵艦隊的規格。但是LINE今年上半年虧損266億日圓，會員已飽和零成長，LINE必先自救。總經理雖由富邦派任，對富邦而言Line Bank畢竟只是個「半子」，如果從Line Bank學到東西，定會以富邦銀行的利益為優先，Line Bank的左右逢源，很可能淪為左右為難的公婆姑嫂。中華電信歷年轉投資事業，可分兩類。由中華電信擔任甲方的轉投資大都會成功，例如神腦賣手機，是方電訊做機房。而創新模式的投資案大半都失敗，例如中華優購。以技術能力單幹網通事業是中華電信的強項，但創新事業跨分公司整合就會撞牆，將來銀行的將來也會面對。至於傳聞評分居冠的樂天，股東相對單純，但缺乏場域平台，建議利用2次增資整合關鍵資源，快速再複製類似樂天在日本的生態圈。這是3條小小鯰魚的丁丁歷險記， 期待明年加入overbank的台灣戰局。延伸閱讀：LINE Bank取得純網銀執照，4大經營策略一次揭露純網銀國家隊門票到手 劉奕成：沒有包袱就是最大優勢樂天拿下純網銀執照  強打台日同盟，力拼「3年損益兩平」
https://www.wealth.com.tw/home/articles/23069,▲11月中國校企債暴跌引發投資人恐慌，紫光董事長趙偉國緊急召開法人會議才暫時緩解危機。（圖／達志）紫光展延　方正恐歹戲拖棚中國境內債券規模已成為全球第3大，僅次於美國與日本，來到13兆美元。據野村證券估計，中國所發行的離岸美元債也將近9千億美元的規模，占亞洲高收益債券市場的6成，地產債又占其中六成。中國校企向來被視為「準國企」，境內債信評高達AA+，境外債券雖然沒有信評，但常被視為投資等級債；因此，兩大重要校企債雙雙暴跌，瀕臨違約，引發境外美元債券投資人的高度疑慮。一位亞高收債券基金經理人透露當天的市場氛圍：其實早在開盤前，同業就盛傳紫光有一檔債券到期要聲請展延，由於校企債流動性不高，公司由校方掌控，反映往往不如民企來得快，很容易就會被對沖基金狙擊；果然，該債券開盤隨即暴跌。然而，紫光集團當天午後立刻對法人召開電話會議，說明該公司在海外還有24億美元的現金以及1千億美元的信用額度，準備用來購回其美元債，瑞士信貸（Credit Suisse）即應允紫光兩筆銀行貸款的延期承銷。而對沖基金也不敢再放空，一週後紫光債價格就回到暴跌前的9成了。收益誘人　極度分散卡安心該經理人持有的亞高收債有7成投資前百大中國地產債，並沒有持有紫光、方正，主因在於中國地產業者幾經政策循環，對於應付還息相當得心應手。因此，雖然中國債每年都有再融資和違約疑慮，槓桿倍數也偏高，但只要透過極度分散（每檔不到2%）和審慎選券，機構法人還是願意投資，以換取優於美國高收益債的收益。他認為，紫光債事件並未擴及到其他房地產債所發行的美元債，各基金持有的部位也不大，又是中國政府大力支持的企業，應可視為單一事件；但方正集團由於與北大有訴訟，經營又橫跨開發、醫療、證券，方向不明確，則可能歹戲拖棚，值得後續關注。
https://www.wealth.com.tw/home/articles/23229,▲10年前第一屆台北國際烈酒展，吸引眾多酒友排長龍，揭開酒展蓬勃發展新頁。（圖／邱德夫提供）台灣威士忌的風潮約莫在2008、2009年才真正起飛，更早之前仍處於醞釀期，熱情的同好組織品飲社團慢慢帶動起討論風氣，讓威士忌逐漸脫離品味和尊榮的象徵，進而影響酒商開始為酒友辦起品酒會。我的運氣不錯，剛好在前期踏入威士忌的世界，順勢也參與了風潮的開啟，當時從網路上注意到「國際烈酒展」（Whisky Live）的訊息，對於如此熱鬧的大型品酒盛會感到歆羨不已。烈酒展魅力十足　新手老手都臣服「國際烈酒展」是由《威士忌》雜誌舉辦，一開始僅限於英國倫敦和日本東京兩地，而後逐漸擴張，今年已經開枝散葉到全球五大洲、共計31個城市舉辦。台灣是蘇格蘭威士忌重要的出口國，自然不可能置身於潮流之外，因此第1屆「台北國際烈酒展」於多位業內業外達人的通力合作下，終於在2009年5月初舉行，成為今日台灣各地酒展蓬勃發展的濫觴。回頭翻閱10年前的紀錄，當時沒有人能預料參加者竟然如此踴躍，光排隊進場就得花上大半個鐘頭，每一攤位前人頭攢動，而台灣特有的PG（酒促）文化也將會場炒得熱鬧非凡。踏入威士忌領域時間不長的我，當然不放過大好學習機會，很認真報名參加4場大師講堂課程，更試過不少今日被視作珍稀的酒款，縱使兩天活動下來有些疲憊，心靈與腦袋的震撼卻久久不散。這一場盛會，讓所有人都見識到酒友們的熱情與渴望，開啟了威士忌至今未減的盛世。自此以降，全台各地的威士忌社團紛紛成立，每年酒商的品酒會持續不斷，而大大小小的酒展也陸續舉辦。只不過當消費者接觸威士忌的管道愈來愈多，大型酒展的參與人數再難突破，加上每一屆總會發生部分心存「喝到飽」、「喝到掛」的酒友，在會場牆角或坐或躺、不省人事，「台北國際烈酒展」似乎已完成階段性任務，轉型成為必然的趨勢。這就是台灣烈酒盛會於10年間的發展，今年除了台北國際烈酒展之外，更有風城威士忌嘉年華、桃園威士忌烈酒品味展、台中國際酒展、台南國際頂級酒展、高雄威士忌嘉年華等從北到南的各式酒展，以及綜合性的茶酒咖啡暨食品展，提供各地酒友不一樣的選擇。但是在威士忌品飲風氣大開的同時，也悄悄埋下隱憂，由於訊息管道眾多，今日酒友無論在知識面及品飲面，都少了上個世代扎實的練功過程，或直接跳過核心款而喝起各式IB（獨立瓶裝廠），或多方接收資訊而混淆了視聽。展場中除非酒款夠老、夠稀奇，否則很難激起酒友們的好奇探索，而往來的大師頻繁後，「大師講堂」也不容易引發追逐熱情。品酩大會頻繁　追逐大師熱情漸淡台灣的威士忌市場幾乎與全球市場同步成長，但台灣的優勢在於對知識的渴求遠高過其他地區，近年來也逐漸將知識影響力擴張到其他華人世界。不過在多變的世事下，烈酒的口味喜好隨之多元，消費者與酒廠、酒商都在互動摸索，10年磨出耀眼的一劍，接下來便是如何讓劍芒更加銳利，而這個問題，有待新舊世代共同思考承擔。
https://www.wealth.com.tw/home/articles/21740,▲一芳水果茶在微博上公開譴責香港罷工，並力挺「一國兩制」，引發爭議。（圖／翻攝一芳水果茶臉書）「大三罷」重創香港  一芳水果茶陷「一國兩制」風暴香港反送中抗爭持續擴大，民眾昨（5）日發動「全港大三罷」（罷工、罷課、罷市）行動。台灣知名飲料店「一芳水果茶」在微博發文，指「堅決維護一國兩制、反對暴力罷工」，立刻引發台灣網友怒火、揚言拒喝。一芳台灣總部在神隱半天後，於6日下午發出聲明，表示這次「偶發事件」引發關注，驚擾社會各界，深感抱歉；另外也發出一分聲明給加盟業者，強調無意、也從不參與政治，強調一芳總部自始至終只有用心做好茶，避免「一國兩制」爭議繼續延燒。去年8月蔡英文總統出訪友邦過境美國洛杉磯，訪團車隊路過85度C咖啡店時，蔡英文進去點了杯咖啡，並和店員拿著抱枕合照，不料照片在網路上瘋傳，引發中國網友們的憤怒，85度C也被打成台獨企業。對此，85度C中國官網在第一時間發出聲明消毒，強調公司堅定支持「九二共識」，並稱蔡英文為「台灣當局領導人」。在「路過」事件後，85度C母公司美食達人的股價仍一落千丈，一夕蒸發36億元，隨後又傳出85度C台灣官網遭駭、中國門市被要求整改、外賣服務遭下架...。小英總統的順道拜訪，卻讓85°C被打成「台獨咖啡」，想必商家應該也始料未及。▲麵包師傅吳寶春為平息台獨風波，發表自己來自「中國台灣」的言論，引起台灣民眾不滿。（圖／翻攝吳寶春麥方店－高雄店臉書）曾被譽為「台灣之光」的麵包師傅吳寶春前往中國上海展店，首家門市於去年12月18日開幕，但在開幕前夕被貼上「台獨麵包」爭議，面對部分中國網友質疑其「台獨」身份，吳寶春發出聲明，表示自己是「生於中國台灣的麵包師」，兩岸一家親是他堅持不變的態度，並表態支持「九二共識」。值得留意的是，經過「統獨麵包」風波之後，上海首店似乎並未受到影響，吳寶春門市又於今年4月順利在浦東國金中心開設中國的第二家店。▲走過統獨風波，吳寶春上海第二家於今年4月開幕。 （圖／翻攝青色rose微博）
https://www.wealth.com.tw/home/articles/21430,▲台北CITY ONE合成示意圖。（圖／取自台北CITY ONE臉書）史上金額最大開發案「台北雙子星」最優申請人「南海團隊」香港商南海發展有限公司、馬來西亞商馬頓有限公司，6月26日，遭經濟部投審會，以對國家安全有不利影響為理由，駁回台北雙子星開發案專案後，又接獲北市府捷運局通知申請展延簽約已到期，要求30日必須與捷運局簽約，逾期將喪失最優申請人資格的公文，南海團隊為此展開法律攻防戰，訴請定暫時狀態假處分，台北高等行政法院今(11)日裁定駁回，南海團隊可提抗告。南海團隊認為，投審會駁回投資申請違法，且北市府捷運局原設定應今年7月10日以前辦妥新設專案公司事宜，恐因投審案未通過而可歸責於該團隊，以致無法遵期完成，將導致團隊喪失以「最優申請人地位」參與雙子星開發案資格，認為與北市府和捷運局有公法上法律關係爭執，將導致受重大損害而有急迫危險，聲請北高行命台北市政府、北市捷運局，在本案判決確定前，應展延南海隊在雙子星開發案中設立新專案公司的期限，且不得廢棄他們最優申請人資格，並不得核准次優申請人遞補簽訂投資契約或重新公開徵求投資人，也不得廢棄開發案。北高行審理認為，本件聲請人以最優申請人參與雙子星開發案資格，是否因逾期未辦妥設立新專案公司與簽約事宜，就有喪失並另由次優申請人遞補的危險，繫於相對人北市府和北市捷運局對投審會駁回投資申請決定，是否可歸責於南海團隊的判斷，及其是否依投資人須知規定再展延聲請人設立新專案公司的期限。鑑於聲請人已申請捷運局展延期限，以便繼續保有最優申請人資格，得以參與系爭開發案，有待相對人作出決定，就可以適當避免喪失最優申請人資格的危險。聲請人並未提出與相對人間就這些公法上法律關係存有爭執，也未釋明聲請人的最優申請人資格，有因此爭執存在而有遭侵害的急迫危險，與聲請定暫時狀態假處分的要件不合。裁定理由說，本件聲請人聲請假處分內容，已涉及本案實體權利的實現。本件聲請就所請求本案實體法律關係所需判斷事項，包括投審會決定違法、逾期不能設立新專案公司不可歸責聲請人、聲請人應繼續保有最優申請人資格等，都未釋明清楚就不應准許假處分聲請。另聲請人所主張定暫時狀態假處分要避免的重大損害，並未釋明是必須透過假處分緊急定暫時狀態，否則將來等到本案訴訟程序終結就難以回復，這點也與聲請假處分的要件不符。
https://www.wealth.com.tw/home/articles/21667,▲日本樂天銀行永井啟之（左）和國票金魏啟林（右），以共享互補定調合作模式。（圖／陳俊松攝）經過長達4個多月的審查，金管會主委顧立雄今（30）日下午親自揭曉純網路銀行核准名單，指出經成立審查會進行評選，經共識決後宣布連線商業銀行、將來商業銀行、樂天國際商業銀行等3家業者均獲得設立許可。「此行就為了今晚看棒球，明天就回日本，」這是日本樂天（Rakuten）銀行取締役社長永井啟之兩年來第5次親訪台灣，但先前不管是與國票金談純網銀合資案，還是拜訪政府官員，都相當低調未曝光，直到現在才正式接受台灣財經媒體訪問，他也為此行了一個「初次見面」的日式鞠躬。2月28日傍晚，東北樂天金鷲隊與上屆中職總冠軍桃猿Lamigo以球會友，在天母棒球場熱烈開打。為感謝行政院院長蘇貞昌到場開球，日本樂天集團副社長穗坂雅之也特地親自率團隊抵台致贈紀念球衣。主辦單位對外都說此行單純以賽事為主，僅為履行一年前日本樂天亞洲區總裁高澤廣志造訪行政院時，雙方所訂下的棒球交流之約；然而一邊是中華民國行政院長，一邊是地位僅次於日本樂天會長三木谷浩史的Fintech最高負責人，層級之高，足見樂天對台灣當局者的重視。樂天市場也趁勢擺攤大推新的O2O手機App「樂天Pickup」，在樂天市場線上訂購商品或住宿，就可直接到實體掃碼兌換，台灣樂天市場執行長羅雅薰透露，5月還會推出重大創新服務，顯見日本樂天有意將整場活動定位成「台日金融同盟」的前導造勢。日本樂天銀行與國票金合資，申設純網銀「樂天國際商業銀行」，深水靜流布局了兩年才浮上台面，6月若能從將來銀行國家隊與連線商業銀行（LINEFinancial）的夾擊中突圍而出，拿到純網銀的申請執照，台灣將成為樂天銀行跨出日本的國際化首站。結合國票布局2年　要讓台灣成國際化首站日本開放純網銀執照已將近20年，全體純網銀存款餘額及稅前淨利的市占率仍僅約1~2%，但由於營運成本低，只要能發揮生態圈綜效，每年兩位數的營收獲利成長幅度仍是現在進行式。樂天銀行尤為翹楚，「它是全世界最賺錢的純網銀，發源地歐美都及不上！」勤業眾信會計師事務所董事萬幼筠指出，日本樂天銀行以信用卡與超級點數所凝聚的生態圈與客戶忠誠度為基礎，透過各種方式讓金融服務系統更優化、自動化，像是客服、線上存放匯流程都重新設計，比起以撒錢補貼所構建的生態圈更穩健，也能更快賺錢。去年日本樂天集團總營收達1.1兆日圓（約3000億元台幣），金融科技事業營收占比約31.8%，規模略遜於網路事業，但由於樂天會長三木谷浩史投入6000億日圓拓展物流、實體電信以及海外生態圈，今年網路事業獲利負成長，還要跨足加密貨幣；反觀銀行、證券、保險都已賺錢，整體金融科技業務貢獻集團利潤已逐漸提高，成為主要獲利引擎。而日本樂天銀行在集團地位更舉足輕重，因為它負責了整個集團的金流與結算，利潤貢獻度僅次於樂天信用卡。過去樂天集團以信用卡為核心支付工具，但自有銀行後，不須靠外力，成本更省。樂天銀行現為日本最大純網銀，但一開始只有部分熱愛科技的年輕人感興趣，永井便陸續推出創新服務，讓客戶理解銀行服務是可以更方便的。例如在傳統銀行做定存，至少要1個月，但樂天銀行卻可提供1~2週的定存，一樣是最傳統存放匯，但本質卻完全不一樣。永井說，科技產業有技術和速度感，但沒有金融最重視的法遵及風險控管的概念；傳統銀行雖有這項概念，但速度感不夠，也沒有創新能力。樂天銀行能在符合法令架構下，以最快的速度創新並改進服務，是最大優勢，這也使得，近3年開戶數以每年10%的速度大幅增加，如今開戶數約700多萬，總資產與存放款規模相當於台灣新光銀行、台中銀等的中型銀行，已能回頭刺激傳統銀行加強個金服務，且由於資金高度靈活運用，股東權益報酬率（ROE）高達16%，比台灣最會賺錢的富邦銀行還高。科技力優化法金　中小企業也能享客製化服務樂天生態圈的核心是超級點數，只要買東西，樂天就將部分獲利以超級點數回饋給客戶，1點等值1元，下次購物就能使用，每年在日本提供價值超過2000億日圓的超級點數，金融業務也沿用點數經濟概念來黏著客戶。永井解釋，在樂天銀行買基金、下單、匯兌就可以獲得超級點數，或用點數折抵部分費用，只要營運成本降低、獲利持續成長，他就會持續把部分利潤拿出來，以高利定存的方式回饋給存款戶。個金站穩腳步後，樂天銀行也往永井最拿手的法人金融拓展業務。永井指出，現在法人業務仍以傳統銀行為主，樂天法人客戶現約25萬戶，但他相信5年內版圖就有機會翻轉。他舉例，日本很多連鎖餐廳，各分店晚上把當天款項結清後，用現金袋裝著，親自到夜間銀行存，總部到隔天中午前才能知道分店有沒有把錢存進去？總共進帳多少？相當不方便。近期又為了降低成本，夜間銀行愈來愈少，讓中小型連鎖品牌業者很頭痛。如今樂天銀行只要給連鎖分店一店一張存款卡，店長就可以直接到最近的ATM存款，還可因應總部需求，立刻或隔日結算，甚至直接將數據匯入該公司的會計系統中。「如果是傳統銀行，光做這些就必須大改核心系統，但樂天不需要，還能提供更細緻的服務，」永井說。不只金融　樂天與台廠合作布局國際目前日本樂天在日本約有1億會員，加上歐洲、美國、亞洲等，全球樂天生態圈高達12億用戶，但樂天會長三木谷浩史並不以此為滿，前年以10億美元收購北美最大現金回饋網EBATES，去年與國票金合作進軍台灣純網銀，今年2月底更宣布要和台灣電信設備廠中磊合作，搶攻5G執照，4月組織將大幅重整。不過台灣另外兩組純網銀人馬的股東都是大型金控與各方龍頭，銀行方面與國票金合作似乎是一個相較勢單力薄的選擇？永井只答，「開拓台灣市場前我們做了很多研究分析，國票金很了解台灣當前政策走向和金融市場，這是我們的弱項，卻是國票的強項，」以共享互補定調雙方合作的基礎。「外圍有很多大咖等著跟我們合作，」國票金董事長魏啟林神祕微笑指出，參股就會受限於關係人交易，價格壓不下來，策略聯盟彈性更大，幾家在純網銀議題上未表示意見的公股行庫、電商龍頭、電信業者、物流業者、 精品業者，都已和國票金建立默契。他也相信與日本樂天的合作會帶著台灣金融業服務升級，甚至布局新南向。延伸閱讀：純網銀破天荒3家全上榜  顧立雄還原評分始末金融鯰魚來了！純網銀翻轉金融風貌純網銀國家隊門票到手 劉奕成：沒有包袱就是最大優勢LINE Bank取得純網銀執照，4大經營策略一次揭露純網銀放榜  王道銀駱怡君：不是大就有用
https://www.wealth.com.tw/home/articles/21497,▲（圖／財經新報，以下同）近期，在整體大環境經濟情況不佳，加上美中貿易戰的影響，添加更多不確定因素的衝擊下，近日國內除了太陽能廠聯合再生能源與綠能先後傳出裁員及清算結束營運的消息之外，國內老牌衛星定位系統(GPS)業者長天科技，也在16日晚間公告指出，因受到公司虧損而導致業務緊縮的情況之下，預計將遣散公司內所有的員工。根據長天科技的公告指出，因虧損、業務緊縮，致公司遲發、未發薪資達2個月以上，為保障勞工權益，本公司已於民國108年7月11日依法向主管機關提出大量解僱申請，並檢送解僱計畫書。本公司訂定民國108年7月16日為資遣通知日，資遣全數員工。公告還表示，公司將依法給予預告期間，並依員工年資區間，分別延後勞動契約之終止日 (預計1個月後)，以利員工謀職。未來，公司將待資金充足後將聘僱員工回任，或召募新員工。創立於1994年，並且於2006年正式掛牌上櫃的長天科技，是國內老牌的衛星定位系統業者。一直以來都是以HOLUX的自有品牌在市場上銷售產品，主要產品包括汽車導航系統 、行車記錄器 、運動型GPS、衛星接收器/記錄器、衛星定位追蹤器 、衛星接收模組等。雖然，長天在過去於市場上有不錯的銷售成績，但隨著內建GPS系統的智慧型手機的興起之後，專司衛星定位的產品就在市場上迅速失勢，為長天科技帶來營運上的壓力。一直以來，長天也尋求轉型之道。不過，在其他產品的發展與銷售上都並不成功的情況下，導致後來營運每況愈下，虧損連連，最終到現在解散全部員工的情況。另外，長天科技因之前在公司內控出現重大缺失的情況下，2019年1月21日起，就已經被櫃買中心公告股票停止交易。而且到目前為止，長天科技也還未依規定向金管會補行公告包括2018年度和2019年度第1季的財報內容。至於，對本次公司資遣員工的欠薪與資遣費部分，長天科技本次的公告也並未說明未來將要如何補發。
https://www.wealth.com.tw/home/articles/22243,▲沙烏地阿拉伯14日兩處重要石油設施遭到空襲，全球6%石油供應受到影響。（圖／Pixabay）沙烏地阿拉伯14日兩處重要石油設施遭到空襲，全球6%石油供應受到影響，美國隨後公布衛星照片，指稱這場攻擊比較可能來自伊朗或伊拉克，美國國務卿蓬佩奧（Mike Pompeo）也指控伊朗在幕後主使，讓中東局勢再度升級。專家警告，之後這類的攻擊事件只會更多，並鎖定多個目標展開協同攻擊。這起恐攻造成沙國原油產量暴減50%，導致布蘭特原油價格上漲19.5％，創1991年以來最大單位漲幅，西德州中級原油期貨價格上漲15.5％、至63.34美元，創2008年以來最高水平，亞洲市場周一開盤，基準原油期貨價格一度每桶飆漲11.73美元，來到71.95美元，創1988年期貨開始交易以來，以美元計價最大漲幅。外媒報導指出，葉門叛軍青年運動（Houthi）14日以無人機攻擊沙烏地阿拉伯2處重要石油設施之後，蓬佩奧指控後公開指責伊朗才是背後主謀，這讓美國與伊朗的緊張關係再度升溫。據BBC報導，引述一份2018年的聯合國報告指出，Houthi所用的Qatef-1無人機與伊朗的Ababil-T無人機幾乎是同一款，Ababil-T被視為一種低端技術無人機，最大航程僅約150公里，而這次的空襲地點距離沙國與葉門邊界，最近距離也有770公里，專家研判，民兵組織不太可能掌握這類技術，認為伊朗在背後主謀的可能相當高。據《紐約時報》報導，美國政府15日公布衛星照片，指出沙國阿布蓋格（Abqaiq）多個石油設施出現至少17處撞擊點，攻擊方位來自北方或西北，符合攻擊是來自波斯灣、伊朗或伊拉克的方向，並非葉門。對此，美國總統川普也在推特直言，有理由相信是美國研判的禍首、也就是伊朗所為，川普甚至表示，「砲彈已上膛，就待（事件後續）驗證」。曾在國家戰爭學院擔任教授和系主任的拉森（Randy Larsen）對此發表評論，指稱這次的攻擊重要性堪比珍珠港事件，這突顯美國安全官員和恐怖主義專家對於無人機運用擴大使用的科技發展感到憂心。華盛頓獨立風險顧問羅德班（Milena Rodban）也警告，可能還會有更多這類攻擊，尤其是伴隨著多個目標展開協同攻擊，包括網路攻擊等。
https://www.wealth.com.tw/home/articles/22635,▲玉山金總經理黃男州（中）在產品與服務中都導入科技與永續理念。（圖／吳尚哲）最近不只一次被超商店員熱情推薦：「你有沒有玉山Ubear卡？超商支付回饋有8%，我自己都有辦！」還有1位店員更親自示範線上辦卡，填幾個基本資料，舊戶最快不到1分鐘，多至10分鐘就能收到核卡簡訊，再花兩分鐘完成行動綁卡後，馬上就能刷一波。這項「行動支付即時綁卡」便捷功能與鎖定都會年輕客群的超級優惠，讓玉山銀行信用卡今年以來發卡量暴增，一舉躋身信用卡市場老3，也榮獲本屆「財訊金融獎」FinTech創新應用銀行金質獎。人性出發　重整金融虛實流程消費者金融品牌的調查結果也和此現象相互呼應。根據交叉分析，玉山銀行的產品與業務內容，在20~29歲的年輕族群中獲得領先的滿意評價，又以「信用卡功能強、優惠多」最獲客戶滿意。玉山金控總經理黃男州坦言，金融業時時要面臨不同挑戰，玉山1992年創立時，銀行的挑戰是拓展分行；10年前，信用卡、網路銀行和財富管理為銀行兵家必爭之地；如今則是科技化和數位化衝擊，銀行要將各種功能服務做到手機裡，才能符合時代所需。黃男州曾就讀清華大學動力機械工程系，是國內金控中極少數具有理工背景的總經理，儘管後來投身於金融業，但在跨界攬才不遺餘力。7年前，還屬中型金控的玉山金控就陸續舉辦校園大數據競賽、黑客松、人工智慧挑戰賽等校園競賽活動，積極鼓勵年輕學子投入金融科技。也因此，玉山銀行在金融科技應用才能有突破性的思維。當絕大部分的銀行都還認為讓顧客等3天，收到實體信用卡後才能開卡使用是理所當然的事時，玉山銀行已經在思考，如何讓顧客在產生購物衝動的當下，就有1張最優惠的信用卡可以刷？內部就開始研擬如何在符合法規與安全的前提下，利用線上辦卡、核卡、行動綁卡、實體卡如何發出等流程，然後一步步打通痛點，才有現在流暢無礙的使用體驗。從內而外　責任金融責無旁貸不到兩年，玉山銀行發出的新卡，絕大部分都是以數位通路申辦發卡，整個流程甚至可縮短至不到10分鐘。「我們會先想好完美終局，再看中間要克服哪些困難、該做哪些投資，慢慢往理想狀態邁進，當然也會隨時調整改變。」黃男州認為，服務的起點是理解客戶需求，終點則是創造客戶價值，過程中以科技與專業，讓提供服務的員工、上下游供應商，到客戶體驗都是愉快，同時兼顧效率與法遵。不過，科技只是輔助和加速器，人機協作才能讓金融產品與服務更具準度、也會更有溫度。除了以科技力量持續優化金融本業之外，今年玉山金第6度拿下「財訊金融獎」的金控CSR大獎，在金融業群起奮進做永續的大環境中，實屬不易。黃男州表示，玉山金從金融業務到經營利害關係人都徹底執行責任金融。結合玉山員工志工和世界卡卡友所發起的玉山黃金種子計畫，12年來已在全台打造了146所偏鄉圖書館。玉山金也關心氣候變遷，並將之落實於企金業務，為全台第1家，也是目前綠色金融債券發行量最大的銀行。在高齡化、少子化的社會議題上，玉山金鼓勵員工生育，每胎補助高達10萬元台幣，每年都會發出3~4億元，傲視全體上市櫃公司。黃男州直言，玉山是台灣最高的山，以此為名的玉山銀行也以最好的銀行為目標，希望成為這塊土地最愛的企業之一。
https://www.wealth.com.tw/home/articles/23179,▲（圖／翻攝自阿里巴巴集團臉書）在香港政情波動中，阿里巴巴回到香港上市，阿里巴巴新掌門人張勇興奮地表示，錯失了五年前上市機會，阿里終於回到香港。這回上市敲鐘大典邀來全球8個國家，10個合作夥伴，代表阿里走向世界，跟上回阿里在美國掛牌，馬雲帶領8家中國企業參加敲鐘大典，代表中國企業走向美國，意義完全不同。而背後也意味了阿里巴巴回港，可能是一連串中資企業返回中國或香港資本市場的序幕，也是美中在貿易戰後，下一個爭戰的焦點。這次阿里以每股176港元掛牌上市，26日股價最高189.5港元，收盤187.6港元，比承銷價上漲6.6%，參與國際配售及公開認購者都有小利，阿里回港，也讓香港股市更具中國特色，將來阿里，騰訊，美團，小米等會成為香港股市的重中之重。而另一邊，過去到美國上市的ADR，如京東，百度，網易，攜程網也可能在阿里示範下，加速回到港深滬股市上市。美國也可能加大財報查核，一些財報不實企業會加速現形。最近香港股市正式審議曠視科技上市案，曠視科技原擬在美上市，但列入黑名單，只好回到香港掛牌。
