13,https://www.wealth.com.tw/home/articles/22906
152,https://www.wealth.com.tw/home/articles/21391
297,https://www.wealth.com.tw/home/articles/22082
574,https://www.wealth.com.tw/home/articles/21521
1363,https://www.wealth.com.tw/home/articles/22096
1596,https://www.wealth.com.tw/home/articles/21484
1600,https://www.wealth.com.tw/home/articles/21565
1710,https://www.wealth.com.tw/home/articles/21637
1722,https://www.wealth.com.tw/home/articles/23428
1860,https://www.wealth.com.tw/home/articles/21385
1875,https://www.wealth.com.tw/home/articles/22177
2101,https://www.wealth.com.tw/home/articles/22496
2140,https://www.wealth.com.tw/home/articles/21917
2230,https://www.wealth.com.tw/home/articles/21315
2624,https://www.wealth.com.tw/home/articles/22649
2660,https://www.wealth.com.tw/home/articles/21632
2832,https://www.wealth.com.tw/home/articles/21321
2875,https://www.wealth.com.tw/home/articles/21975
3347,https://www.wealth.com.tw/home/articles/21460
3522,https://www.wealth.com.tw/home/articles/21776
3635,https://www.wealth.com.tw/home/articles/23069
3958,https://www.wealth.com.tw/home/articles/23229
4225,https://www.wealth.com.tw/home/articles/21740
4304,https://www.wealth.com.tw/home/articles/21430
4343,https://www.wealth.com.tw/home/articles/21667
4405,https://www.wealth.com.tw/home/articles/21497
4545,https://www.wealth.com.tw/home/articles/22243
4873,https://www.wealth.com.tw/home/articles/22635
4915,https://www.wealth.com.tw/home/articles/23179
