10,https://mops.twse.com.tw/mops/web/t05st02?step=1&off=1&firstin=1&TYPEK=sii&i=50&h500=%A4%57%BA%D6%A5%FE%B2%79&h501=6128&h502=20190823&h503=83355&h504=%B8%C9%A4%BD%A7%69-%A5%4E%AD%AB%AD%6E%A4%6C%A4%BD%A5%71%A4%5B%BA%D6%BF%B3%B7%7E%AA%D1%A5%F7%A6%B3%AD%AD%A4%BD%A5%71%A4%BD%A7%69%0D%0A%B8%B3%A8%C6%AA%F8%A5%F4%B4%C1%A9%A1%BA%A1%C4%F2%A5%F4&h505=1&pgname=t05st02
43,https://mops.twse.com.tw/mops/web/t05st02?step=1&off=1&firstin=1&TYPEK=otc&i=125&h1250=VHQ-KY&h1251=4803&h1252=20190717&h1253=154258&h1254=%A5%4E%A4%6C%A4%BD%A5%71VHQ+HONG+KONG+HOLDINGS+LIMITED%0D%0A%A8%CC%B8%EA%AA%F7%B6%55%BB%50%A4%CE%AD%49%AE%D1%AB%4F%C3%D2%B3%42%B2%7A%B7%C7%AB%68%B2%C4%A4%47%A4%51%A4%47%B1%F8%0D%0A%B2%C4%A4%40%B6%B5%B2%C4%A4%54%B4%DA%BF%EC%B2%7A%A4%BD%A7%69&h1255=1&pgname=t05st02
83,https://mops.twse.com.tw/mops/web/t05st02?step=1&off=1&firstin=1&TYPEK=rotc&i=230&h2300=%A5%FE%A6%74%A9%FD&h2301=6651&h2302=20190801&h2303=182523&h2304=%A4%BD%A7%69%A5%BB%A4%BD%A5%71%AD%AB%AD%6E%C0%E7%B9%42%A5%44%BA%DE%A4%CE%B5%6F%A8%A5%A4%48%B2%A7%B0%CA&h2305=8&pgname=t05st02
94,https://mops.twse.com.tw/mops/web/t05st02?step=1&off=1&firstin=1&TYPEK=otc&i=155&h1550=%A4%B8%A4%D3&h1551=8069&h1552=20191219&h1553=171421&h1554=%A4%BD%A7%69%A5%BB%A4%BD%A5%71%B8%B3%A8%C6%B7%7C%B1%C0%C1%7C%A7%F5%AC%46%A9%FE%A5%FD%A5%CD%BE%E1%A5%F4%B8%B3%A8%C6%AA%F8&h1555=1&pgname=t05st02
104,https://mops.twse.com.tw/mops/web/t05st02?step=1&off=1&firstin=1&TYPEK=sii&i=175&h1750=%A5%7C%BA%FB%AF%E8%B7%7E&h1751=5608&h1752=20190911&h1753=174108&h1754=%A5%BB%A4%BD%A5%71%C1%60%B8%67%B2%7A%A9%50%AD%5E%AE%D4%A5%FD%A5%CD%A6%DB108%A6%7E9%A4%EB20%A4%E9%B0%5F%C3%E3%A5%F4%C1%60%B8%67%B2%7A%C2%BE%B0%C8%A1%43&h1755=2&pgname=t05st02
117,https://mops.twse.com.tw/mops/web/t05st02?step=1&off=1&firstin=1&TYPEK=otc&i=114&h1140=%A5%40%BC%77&h1141=2066&h1142=20190731&h1143=141541&h1144=%A4%BD%A7%69%A5%BB%A4%BD%A5%71108%A6%7E06%A4%EB%A5%F7%A6%DB%B5%B2%A6%58%A8%D6%B0%5D%B0%C8%B3%F8%AA%ED%A4%A7%AC%79%B0%CA%A4%F1%B2%76%A1%42%B3%74%B0%CA%0D%0A%A4%F1%B2%76%A4%CE%AD%74%B6%C5%A4%F1%B2%76&h1145=1&pgname=t05st02
127,https://mops.twse.com.tw/mops/web/t05st02?step=1&off=1&firstin=1&TYPEK=sii&i=130&h1300=%A4%A4%AB%48%AA%F7&h1301=2891&h1302=20191225&h1303=160118&h1304=%A5%4E%A4%6C%A4%BD%A5%71%A4%A4%B0%EA%AB%48%B0%55%B0%D3%B7%7E%BB%C8%A6%E6%A4%BD%A7%69%BC%66%AD%70%A9%65%AD%FB%B7%7C%A6%A8%AD%FB%B2%A7%B0%CA&h1305=3&pgname=t05st02
136,https://mops.twse.com.tw/mops/web/t05st02?step=1&off=1&firstin=1&TYPEK=otc&i=636&h6360=%A4%B8%AC%B2&h6361=3089&h6362=20190812&h6363=182908&h6364=%A4%BD%A7%69%A5%BB%A4%BD%A5%71%B7%73%A5%F4%C1%60%B8%67%B2%7A&h6365=3&pgname=t05st02
144,https://mops.twse.com.tw/mops/web/t05st02?step=1&off=1&firstin=1&TYPEK=otc&i=162&h1620=%B3%D3%AB%7E&h1621=6556&h1622=20190926&h1623=175212&h1624=%A4%BD%A7%69%A5%BB%A4%BD%A5%71%A9%65%A5%F4%B2%C4%A4%54%A9%A1%C1%7E%B8%EA%B3%F8%B9%53%A9%65%AD%FB%B7%7C%A9%65%AD%FB&h1625=11&pgname=t05st02
146,https://mops.twse.com.tw/mops/web/t05st02?step=1&off=1&firstin=1&TYPEK=otc&i=183&h1830=%A5%40%AC%C9&h1831=5347&h1832=20191029&h1833=172000&h1834=%A4%BD%A7%69%A5%BB%A4%BD%A5%71%B8%B3%A8%C6%B7%7C%AE%D6%AD%E3%B9%EF%A5%BB%A4%BD%A5%71100%25%AB%F9%AA%D1%A4%6C%A4%BD%A5%71VIS+Associates+%0D%0AInc.%BC%57%B8%EA%AC%FC%AA%F7%B8%76%A5%61%AC%6D%A8%D5%B8%55%A4%B8&h1835=1&pgname=t05st02
183,https://mops.twse.com.tw/mops/web/t05st02?step=1&off=1&firstin=1&TYPEK=rotc&i=239&h2390=%C0%75%A7%41%B1%64&h2391=4150&h2392=20191218&h2393=205432&h2394=%A5%4E%AD%AB%AD%6E%A4%6C%A4%BD%A5%71%B5%F8%C5%51%A5%FA%BE%C7%AA%D1%A5%F7%A6%B3%AD%AD%A4%BD%A5%71%A4%BD%A7%69%C1%60%B8%67%B2%7A%B2%A7%B0%CA&h2395=2&pgname=t05st02
198,https://mops.twse.com.tw/mops/web/t05st02?step=1&off=1&firstin=1&TYPEK=sii&i=168&h1680=%A5%78%F7%7E%A7%EB%B1%B1&h1681=2636&h1682=20190807&h1683=144418&h1684=%A5%4E%AD%AB%AD%6E%A4%6C%A4%BD%A5%71%A5%78%F7%7E%B0%EA%BB%DA%AA%AB%AC%79%28%AA%D1%29%A4%BD%A5%71%A4%BD%A7%69%B8%B3%A8%C6%B7%7C%BF%EF%A5%F4%B8%B3%A8%C6%AA%F8&h1685=1&pgname=t05st02
260,https://mops.twse.com.tw/mops/web/t05st02?step=1&off=1&firstin=1&TYPEK=pub&i=111&h1110=%A4%4B%B3%65&h1111=1342&h1112=20190912&h1113=144016&h1114=%A4%BD%A7%69%A5%BB%A4%BD%A5%71%A6%A8%A5%DF%C1%7E%B8%EA%B3%F8%B9%53%A9%65%AD%FB%B7%7C&h1115=5&pgname=t05st02
267,https://mops.twse.com.tw/mops/web/t05st02?step=1&off=1&firstin=1&TYPEK=otc&i=287&h2870=%A5%FC%BB%B7%AC%EC%A7%DE&h2871=4944&h2872=20190806&h2873=172416&h2874=%A4%BD%A7%69%A5%BB%A4%BD%A5%71%B8%B3%A8%C6%B7%7C%A8%4D%C4%B3%B3%71%B9%4C%C1%60%B8%67%B2%7A%A9%65%A5%F4%AE%D7&h2875=1&pgname=t05st02
319,https://mops.twse.com.tw/mops/web/t05st02?step=1&off=1&firstin=1&TYPEK=otc&i=201&h2010=VHQ-KY&h2011=4803&h2012=20190711&h2013=175624&h2014=%A4%BD%A7%69%B8%C9%A5%BF%A5%BB%A4%BD%A5%712018%A6%7E%AB%D7%A6%7E%B3%F8%B3%A1%A4%C0%A4%BA%AE%65&h2015=1&pgname=t05st02
332,https://mops.twse.com.tw/mops/web/t05st02?step=1&off=1&firstin=1&TYPEK=sii&i=340&h3400=%B6%D4%AF%71%B1%B1&h3401=1437&h3402=20191108&h3403=153805&h3404=%A5%4E%A4%6C%A4%BD%A5%71GTM+Electronics+Ltd.%A4%BD%A7%69%BF%EC%B2%7A%B2%4D%BA%E2%B8%D1%B4%B2&h3405=2&pgname=t05st02
350,https://mops.twse.com.tw/mops/web/t05st02?step=1&off=1&firstin=1&TYPEK=sii&i=140&h1400=%A4%B8%A4%6A%AA%F7&h1401=2885&h1402=20190822&h1403=163720&h1404=%A4%B8%A4%6A%AA%F7%B1%B1%A5%4E%A4%6C%A4%BD%A5%71%A4%B8%A4%6A%C3%D2%A8%E9%A4%BD%A7%69%B5%6F%A8%A5%A4%48%B2%A7%B0%CA&h1405=3&pgname=t05st02
373,https://mops.twse.com.tw/mops/web/t05st02?step=1&off=1&firstin=1&TYPEK=sii&i=775&h7750=%A4%A4%B5%D8%B9%71&h7751=2412&h7752=20190813&h7753=192717&h7754=%A4%BD%A7%69%A5%BB%A4%BD%A5%71%A6%E6%AC%46%B0%F5%A6%E6%B0%C6%C1%60%B8%67%B2%7A%B2%A7%B0%CA&h7755=1&pgname=t05st02
400,https://mops.twse.com.tw/mops/web/t05st02?step=1&off=1&firstin=1&TYPEK=sii&i=590&h5900=TPK-KY&h5901=3673&h5902=20190813&h5903=173113&h5904=%A5%4E%A4%6C%A4%BD%A5%71%C4%5F%AE%66%28%B7%48%AA%F9%29%A5%FA%BE%C7%AC%EC%A7%DE%A6%B3%AD%AD%A4%BD%A5%71%A4%BD%A7%69%B3%42%A4%C0%A4%A3%B0%CA%B2%A3%A8%CF%A5%CE%C5%76%B8%EA%B2%A3&h5905=1&pgname=t05st02
414,https://mops.twse.com.tw/mops/web/t05st02?step=1&off=1&firstin=1&TYPEK=otc&i=84&h840=%AD%CA%B1%6A%AA%D1%A5%F7&h841=3219&h842=20191230&h843=161024&h844=%A4%BD%A7%69%A5%BB%A4%BD%A5%71%B0%5D%B0%C8%A5%44%BA%DE%A1%42%B7%7C%AD%70%A5%44%BA%DE%A1%42%B5%6F%A8%A5%A4%48%A4%CE%A5%4E%B2%7A%B5%6F%A8%A5%A4%48%B2%A7%B0%CA&h845=6&pgname=t05st02
402,https://mops.twse.com.tw/mops/web/t05st02?step=1&off=1&firstin=1&TYPEK=rotc&i=176&h1760=%A4%54%A6%CB%B8%EA%B0%54&h1761=8284&h1762=20190716&h1763=171050&h1764=%A4%BD%A7%69%AD%D7%A5%BF%A5%BB%A4%BD%A5%71107%A6%7E%AB%D7%A6%7E%B3%F8%B3%A1%A5%F7%A4%BA%AE%65&h1765=1&pgname=t05st02
433,https://mops.twse.com.tw/mops/web/t05st02?step=1&off=1&firstin=1&TYPEK=otc&i=134&h1340=VHQ-KY&h1341=4803&h1342=20190920&h1343=170354&h1344=%A5%4E%A4%6C%A4%BD%A5%71VHQ+HONG+KONG+HOLDINGS+LTD%A8%CC%B8%EA%AA%F7%B6%55%BB%50%0D%0A%A4%CE%AD%49%AE%D1%AB%4F%C3%D2%B3%42%B2%7A%B7%C7%AB%68%B2%C4%A4%47%A4%51%A4%47%B1%F8%B2%C4%A4%40%B6%B5%B2%C4%A4%47%A4%CE%A4%54%B4%DA%BF%EC%B2%7A%A4%BD%A7%69&h1345=2&pgname=t05st02
472,https://mops.twse.com.tw/mops/web/t05st02?step=1&off=1&firstin=1&TYPEK=rotc&i=68&h680=%A9%4D%B8%E0&h681=6673&h682=20190711&h683=90002&h684=%A5%BB%A4%BD%A5%71%B8%B3%A8%C6%B7%7C%BF%EF%A5%F4%B8%B3%A8%C6%AA%F8&h685=3&pgname=t05st02
484,https://mops.twse.com.tw/mops/web/t05st02?step=1&off=1&firstin=1&TYPEK=sii&i=474&h4740=%A6%58%B6%D4%B1%B1&h4741=3704&h4742=20190808&h4743=163734&h4744=%A5%4E%A4%6C%A4%BD%A5%71%B7%F9%B3%D0%AC%EC%A7%DE%28%AA%D1%29%A4%BD%A5%71%A4%BD%A7%69%B8%B3%A8%C6%B7%7C%B1%C0%C1%7C%B8%B3%A8%C6%AA%F8&h4745=3&pgname=t05st02
494,https://mops.twse.com.tw/mops/web/t05st02?step=1&off=1&firstin=1&TYPEK=sii&i=142&h1420=%A4%B8%A4%6A%AA%F7&h1421=2885&h1422=20191230&h1423=173304&h1424=%A4%B8%A4%6A%AA%F7%B1%B1%A5%4E%A4%6C%A4%BD%A5%71%A4%B8%A4%6A%C3%D2%A8%E9%A4%BD%A7%69%BF%57%A5%DF%B8%B3%A8%C6%C3%E3%A5%F4&h1425=4&pgname=t05st02
523,https://mops.twse.com.tw/mops/web/t05st02?step=1&off=1&firstin=1&TYPEK=otc&i=76&h760=%AB%6E%BC%FD&h761=4712&h762=20191016&h763=143857&h764=%A4%BD%A7%69%A5%BB%A4%BD%A5%71%B8%B3%A8%C6%AA%F8%C3%E3%C2%BE&h765=2&pgname=t05st02
528,https://mops.twse.com.tw/mops/web/t05st02?step=1&off=1&firstin=1&TYPEK=sii&i=154&h1540=%A4%A4%B5%D8%A8%54%A8%AE&h1541=2204&h1542=20190710&h1543=171318&h1544=%A4%BD%A7%69%A5%BB%A4%BD%A5%71%B8%B3%A8%C6%B7%7C%A7%EF%BF%EF%B8%B3%A8%C6%AA%F8&h1545=1&pgname=t05st02
556,https://mops.twse.com.tw/mops/web/t05st02?step=1&off=1&firstin=1&TYPEK=sii&i=512&h5120=%A4%B5%B0%EA%A5%FA%BE%C7&h5121=6209&h5122=20190808&h5123=165246&h5124=%A4%BD%A7%69%A5%BB%A4%BD%A5%71%B2%C4%A5%7C%A9%A1%C1%7E%B8%EA%B3%F8%B9%53%A9%65%AD%FB%B7%7C%B7%73%A5%F4%A9%65%AD%FB%A9%6D%A6%57%A1%42%B8%67%BE%FA%A4%CE%A5%F4%B4%C1&h5125=1&pgname=t05st02
561,https://mops.twse.com.tw/mops/web/t05st02?step=1&off=1&firstin=1&TYPEK=sii&i=181&h1810=%A4%54%AC%76%B9%71&h1811=1614&h1812=20190806&h1813=155135&h1814=%A5%BB%A4%BD%A5%71%BD%5D%AE%D6%A5%44%BA%DE%B2%A7%B0%CA&h1815=1&pgname=t05st02
644,https://mops.twse.com.tw/mops/web/t05st02?step=1&off=1&firstin=1&TYPEK=otc&i=117&h1170=%A8%C8%B7%E0%B1%64-KY&h1171=6497&h1172=20190726&h1173=150320&h1174=%A4%BD%A7%69%A5%BB%A4%BD%A5%71%C1%7E%B9%53%A9%65%AD%FB%B7%7C%A9%65%AD%FB%B2%A7%B0%CA&h1175=7&pgname=t05st02
646,https://mops.twse.com.tw/mops/web/t05st02?step=1&off=1&firstin=1&TYPEK=otc&i=95&h950=%A5%5F%B0%F2&h951=8927&h952=20190711&h953=135320&h954=%A4%BD%A7%69%B8%C9%A5%BF%A5%BB%A4%BD%A5%71107%A6%7E%AB%D7%A6%7E%B3%F8%B3%A1%A5%F7%A4%BA%AE%65&h955=1&pgname=t05st02
676,https://mops.twse.com.tw/mops/web/t05st02?step=1&off=1&firstin=1&TYPEK=sii&i=184&h1840=%A6%58%B6%D4%B1%B1&h1841=3704&h1842=20191217&h1843=172513&h1844=%A5%4E%A4%6C%A4%BD%A5%71%A5%FC%B6%D4%AC%EC%A7%DE%28%AA%D1%29%A4%BD%A5%71%A4%BD%A7%69%B7%73%A5%F4%B7%7E%B0%C8%A6%E6%BE%50%A5%44%BA%DE&h1845=1&pgname=t05st02
681,https://mops.twse.com.tw/mops/web/t05st02?step=1&off=1&firstin=1&TYPEK=otc&i=113&h1130=%A9%4D%B6%D4%BA%EB%BE%F7&h1131=1586&h1132=20190823&h1133=155827&h1134=%A4%BD%A7%69%A5%BB%A4%BD%A5%71%AA%6B%A4%48%B8%B3%A8%C6%B2%A7%B0%CA&h1135=1&pgname=t05st02
702,https://mops.twse.com.tw/mops/web/t05st02?step=1&off=1&firstin=1&TYPEK=sii&i=157&h1570=%A4%57%BB%C8&h1571=2049&h1572=20191224&h1573=153837&h1574=%A4%BD%A7%69%A5%BB%A4%BD%A5%71%B0%5D%B0%C8%A5%44%BA%DE%A1%42%B7%7C%AD%70%A5%44%BA%DE%A1%42%A4%BD%A5%71%AA%76%B2%7A%A5%44%BA%DE%B2%A7%B0%CA&h1575=1&pgname=t05st02
722,https://mops.twse.com.tw/mops/web/t05st02?step=1&off=1&firstin=1&TYPEK=sii&i=91&h910=%A8%C8%A4%D3%B9%71&h911=3682&h912=20191008&h913=150113&h914=%A4%BD%A7%69%A5%BB%A4%BD%A5%71%B0%5D%B0%C8%AA%F8%BA%5B%B7%7C%AD%70%A5%44%BA%DE%BA%5B%B5%6F%A8%A5%A4%48%BA%5B%A4%BD%A5%71%AA%76%B2%7A%A5%44%BA%DE%B2%A7%B0%CA&h915=1&pgname=t05st02
728,https://mops.twse.com.tw/mops/web/t05st02?step=1&off=1&firstin=1&TYPEK=otc&i=169&h1690=%A8%C8%B9%71&h1691=4939&h1692=20190717&h1693=170818&h1694=%A4%BD%A7%69%A5%BB%A4%BD%A5%71107%A6%7E%AB%D7%AA%D1%AA%46%B7%7C%A6%7E%B3%F8%AD%D7%A5%BF%A8%C6%A9%79&h1695=1&pgname=t05st02
739,https://mops.twse.com.tw/mops/web/t05st02?step=1&off=1&firstin=1&TYPEK=otc&i=162&h1620=VHQ-KY&h1621=4803&h1622=20191114&h1623=141320&h1624=%A4%BD%A7%69%A5%BB%A4%BD%A5%71%B8%B3%A8%C6%B7%7C%B3%71%B9%4C108%A6%7E%B2%C4%A4%54%A9%75%A6%58%A8%D6%B0%5D%B0%C8%B3%F8%A7%69&h1625=1&pgname=t05st02
743,https://mops.twse.com.tw/mops/web/t05st02?step=1&off=1&firstin=1&TYPEK=sii&i=153&h1530=%A4%4F%BB%CA&h1531=3593&h1532=20190711&h1533=165320&h1534=%A4%BD%A7%69%A5%BB%A4%BD%A5%71%B0%5D%B7%7C%A5%44%BA%DE%BA%5B%B5%6F%A8%A5%A4%48%B2%A7%B0%CA&h1535=3&pgname=t05st02
749,https://mops.twse.com.tw/mops/web/t05st02?step=1&off=1&firstin=1&TYPEK=sii&i=147&h1470=%A4%57%BB%C8&h1471=2049&h1472=20191227&h1473=140917&h1474=%A5%4E%AD%AB%AD%6E%A4%6C%A4%BD%A5%71%A4%57%BB%C8%AC%EC%A7%DE%28%A4%A4%B0%EA%29%A6%B3%AD%AD%A4%BD%A5%71%A4%BD%A7%69%BA%CA%B9%EE%A4%48%B2%A7%B0%CA&h1475=1&pgname=t05st02
763,https://mops.twse.com.tw/mops/web/t05st02?step=1&off=1&firstin=1&TYPEK=sii&i=28&h280=%A4%B8%A4%6A%AA%F7&h281=2885&h282=20190902&h283=134639&h284=%A4%B8%A4%6A%AA%F7%B1%B1%A5%4E%A4%6C%A4%BD%A5%71%A4%B8%A4%6A%C3%D2%A8%E9%28%AD%BB%B4%E4%29%A4%BD%A7%69%B0%5D%B0%C8%BA%5B%B7%7C%AD%70%A5%44%BA%DE%0D%0A%B2%A7%B0%CA%AE%D7&h285=1&pgname=t05st02
782,https://mops.twse.com.tw/mops/web/t05st02?step=1&off=1&firstin=1&TYPEK=rotc&i=459&h4590=%C0%75%A7%41%B1%64&h4591=4150&h4592=20190808&h4593=163440&h4594=%A4%BD%A7%69%A5%BB%A4%BD%A5%71%B8%B3%A8%C6%B7%7C%A8%4D%C4%B3%B5%6F%A6%E6%AD%FB%A4%75%BB%7B%AA%D1%C5%76%C3%D2&h4595=2&pgname=t05st02
794,https://mops.twse.com.tw/mops/web/t05st02?step=1&off=1&firstin=1&TYPEK=otc&i=205&h2050=%A8%E5%BD%64&h2051=3372&h2052=20190806&h2053=162308&h2054=%A4%BD%A7%69%A5%BB%A4%BD%A5%71%B8%B3%A8%C6%B7%7C%A8%4D%C4%B3%A9%65%A5%F4%B2%C4%A5%7C%A9%A1%C1%7E%B9%53%A9%65%AD%FB%B7%7C%A9%65%AD%FB&h2055=2&pgname=t05st02
797,https://mops.twse.com.tw/mops/web/t05st02?step=1&off=1&firstin=1&TYPEK=otc&i=326&h3260=%B6%D4%B4%51%B0%EA%BB%DA&h3261=6516&h3262=20190809&h3263=155044&h3264=%A5%BB%A4%BD%A5%71%B8%B3%A8%C6%B7%7C%B3%71%B9%4C%C1%60%B8%67%B2%7A%B2%A7%B0%CA%AE%D7&h3265=2&pgname=t05st02
798,https://mops.twse.com.tw/mops/web/t05st02?step=1&off=1&firstin=1&TYPEK=rotc&i=267&h2670=%A6%F5%BF%B2&h2671=4980&h2672=20190731&h2673=172024&h2674=%A4%BD%A7%69%A5%BB%A4%BD%A5%71%B5%6F%A8%A5%A4%48%B2%A7%B0%CA&h2675=2&pgname=t05st02
805,https://mops.twse.com.tw/mops/web/t05st02?step=1&off=1&firstin=1&TYPEK=sii&i=463&h4630=%B6%EA%AE%69&h4631=3669&h4632=20190807&h4633=180515&h4634=%A4%BD%A7%69%A5%BB%A4%BD%A5%71%B8%B3%A8%C6%B7%7C%A9%65%A5%F4%B0%F5%A6%E6%AA%F8&h4635=1&pgname=t05st02
809,https://mops.twse.com.tw/mops/web/t05st02?step=1&off=1&firstin=1&TYPEK=otc&i=619&h6190=%AB%4F%BE%55%AC%EC%A7%DE&h6191=8093&h6192=20190813&h6193=174303&h6194=%A4%BD%A7%69%A5%BB%A4%BD%A5%71%C1%7E%B8%EA%B3%F8%B9%53%A9%65%AD%FB%B7%7C%A9%65%AD%FB%B8%C9%A6%E6%A9%65%A5%F4%A8%C6%A9%79&h6195=1&pgname=t05st02
815,https://mops.twse.com.tw/mops/web/t05st02?step=1&off=1&firstin=1&TYPEK=sii&i=35&h350=%A4%A4%BF%FB&h351=2002&h352=20190923&h353=135450&h354=%A4%BD%A7%69%A5%BB%A4%BD%A5%71%B0%F5%A6%E6%B0%C6%C1%60%B8%67%B2%7A%BA%5B%B5%6F%A8%A5%A4%48%C5%DC%B0%CA&h355=2&pgname=t05st02
821,https://mops.twse.com.tw/mops/web/t05st02?step=1&off=1&firstin=1&TYPEK=otc&i=150&h1500=%AC%F5%A4%EC-KY&h1501=8426&h1502=20190716&h1503=163445&h1504=%B8%C9%A5%BF%A4%CE%AD%AB%B7%73%A4%57%B6%C72018%A6%7E%AB%D7%A6%7E%B3%F8%28%AA%D1%AA%46%B7%7C%AB%E1%AD%D7%AD%71%AA%A9%29&h1505=2&pgname=t05st02
845,https://mops.twse.com.tw/mops/web/t05st02?step=1&off=1&firstin=1&TYPEK=otc&i=305&h3050=%B3%CD%BA%D3%AC%EC%A7%DE&h3051=8059&h3052=20190812&h3053=163252&h3054=%A5%BB%A4%BD%A5%71%B8%B3%A8%C6%B7%7C%A8%4D%C4%B3%B5%6F%A6%E6%AD%FB%A4%75%BB%7B%AA%D1%C5%76%BE%CC%C3%D2&h3055=2&pgname=t05st02
872,https://mops.twse.com.tw/mops/web/t05st02?step=1&off=1&firstin=1&TYPEK=sii&i=233&h2330=%A4%57%AE%FC%B0%D3%BB%C8&h2331=5876&h2332=20191030&h2333=190102&h2334=%A4%6C%A4%BD%A5%71%AD%BB%B4%E4%A4%57%AE%FC%B0%D3%B7%7E%BB%C8%A6%E6%B8%B3%A8%C6%B7%7C%B3%71%B9%4C%AB%FC%AC%A3%B7%73%A5%F4%B8%B3%A8%C6&h2335=5&pgname=t05st02
886,https://mops.twse.com.tw/mops/web/t05st02?step=1&off=1&firstin=1&TYPEK=sii&i=70&h700=%A4%B8%A4%6A%AA%F7&h701=2885&h702=20191023&h703=154431&h704=%A4%B8%A4%6A%AA%F7%B1%B1%A5%4E%A4%6C%A4%BD%A5%71%A4%B8%A4%6A%B4%C1%B3%66%28%AD%BB%B4%E4%29%A4%BD%A7%69%B7%7C%AD%70%A5%44%BA%DE%B7%73%A5%F4%AE%D7&h705=2&pgname=t05st02
923,https://mops.twse.com.tw/mops/web/t05st02?step=1&off=1&firstin=1&TYPEK=sii&i=154&h1540=%A6%58%B6%D4%B1%B1&h1541=3704&h1542=20190910&h1543=162625&h1544=%A5%4E%A4%6C%A4%BD%A5%71%A6%58%B6%D4%AC%EC%A7%DE%28%AA%D1%29%A4%BD%A5%71%A4%BD%A7%69%B7%73%A5%F4%AC%E3%B5%6F%A5%44%BA%DE&h1545=1&pgname=t05st02
939,https://mops.twse.com.tw/mops/web/t05st02?step=1&off=1&firstin=1&TYPEK=otc&i=115&h1150=M31&h1151=6643&h1152=20191104&h1153=171349&h1154=%A4%BD%A7%69%A5%BB%A4%BD%A5%71%B8%B3%A8%C6%B7%7C%B3%71%B9%4C108%A6%7E%B2%C43%A9%75%A6%58%A8%D6%B0%5D%B0%C8%B3%F8%AA%ED&h1155=3&pgname=t05st02
1043,https://mops.twse.com.tw/mops/web/t05st02?step=1&off=1&firstin=1&TYPEK=otc&i=219&h2190=%CB%B8%C0%75&h2191=5452&h2192=20190808&h2193=135234&h2194=%A4%BD%A7%69%A5%BB%A4%BD%A5%71%B7%7C%AD%70%A5%44%BA%DE%C2%BE%B0%C8%BD%D5%BE%E3%B2%A7%B0%CA%A8%C6%A9%79&h2195=1&pgname=t05st02
1048,https://mops.twse.com.tw/mops/web/t05st02?step=1&off=1&firstin=1&TYPEK=sii&i=593&h5930=TPK-KY&h5931=3673&h5932=20190813&h5933=173219&h5934=%A5%4E%A4%6C%A4%BD%A5%71%AE%66%AC%FC%28%B7%48%AA%F9%29%A5%FA%B9%71%A6%B3%AD%AD%A4%BD%A5%71%A4%BD%A7%69%0D%0A%B4%EE%A4%D6%AF%B2%B8%EE%BD%64%B3%F2%A4%A7%A8%CF%A5%CE%C5%76%B8%EA%B2%A3&h5935=3&pgname=t05st02
1109,https://mops.twse.com.tw/mops/web/t05st02?step=1&off=1&firstin=1&TYPEK=rotc&i=189&h1890=%AB%D2%B9%CF&h1891=6650&h1892=20190711&h1893=174045&h1894=%A4%BD%A7%69%A5%BB%A4%BD%A5%71%AD%D7%A5%BF107%A6%7E%AB%D7%A6%7E%B3%F8%B3%A1%A4%C0%A4%BA%AE%65&h1895=1&pgname=t05st02
1119,https://mops.twse.com.tw/mops/web/t05st02?step=1&off=1&firstin=1&TYPEK=sii&i=83&h830=%A4%54%B6%A7%A4%75%B7%7E&h831=2206&h832=20190912&h833=133044&h834=%A5%4E%AD%AB%AD%6E%A4%6C%A4%BD%A5%71%AB%6E%B6%A7%B9%EA%B7%7E%A4%BD%A7%69%B7%7C%AD%70%A5%44%BA%DE%B2%A7%B0%CA&h835=1&pgname=t05st02
1129,https://mops.twse.com.tw/mops/web/t05st02?step=1&off=1&firstin=1&TYPEK=otc&i=161&h1610=%A8%C8%AB%48%B9%71%A4%6C&h1611=3169&h1612=20190807&h1613=143258&h1614=%A4%BD%A7%69%A5%BB%A4%BD%A5%71%B8%75%A5%F4%B5%A6%B2%A4%AA%F8&h1615=1&pgname=t05st02
1134,https://mops.twse.com.tw/mops/web/t05st02?step=1&off=1&firstin=1&TYPEK=sii&i=86&h860=%AB%61%BC%77&h861=2520&h862=20191202&h863=170155&h864=%A5%4E%AD%AB%AD%6E%A4%6C%A4%BD%A5%71%C0%F4%B2%79%C1%CA%AA%AB%A4%A4%A4%DF%A4%BD%A7%69%B7%7C%AD%70%A5%44%BA%DE%A4%CE%B0%5D%B0%C8%A5%44%BA%DE%B2%A7%B0%CA&h865=1&pgname=t05st02
1200,https://mops.twse.com.tw/mops/web/t05st02?step=1&off=1&firstin=1&TYPEK=otc&i=195&h1950=VHQ-KY&h1951=4803&h1952=20190912&h1953=180010&h1954=%A5%BB%A4%BD%A5%71%A8%CC%B8%EA%AA%F7%B6%55%BB%50%A4%CE%AD%49%AE%D1%AB%4F%C3%D2%B3%42%B2%7A%B7%C7%AB%68%B2%C4%0D%0A%A4%47%A4%51%A4%47%B1%F8%B2%C4%A4%40%B6%B5%B2%C4%A4%54%B4%DA%BF%EC%B2%7A%A4%BD%A7%69&h1955=1&pgname=t05st02
1212,https://mops.twse.com.tw/mops/web/t05st02?step=1&off=1&firstin=1&TYPEK=rotc&i=76&h760=%A4%CD%AA%51&h761=6583&h762=20190812&h763=135120&h764=%A4%BD%A7%69%A5%BB%A4%BD%A5%71%B0%5D%B0%C8%A1%42%B7%7C%AD%70%A5%44%BA%DE%A4%CE%B5%6F%A8%A5%A4%48%B2%A7%B0%CA%28%B8%B3%A8%C6%B7%7C%B3%71%B9%4C%A5%F4%A7%4B%29&h765=2&pgname=t05st02
1232,https://mops.twse.com.tw/mops/web/t05st02?step=1&off=1&firstin=1&TYPEK=otc&i=446&h4460=%B3%CD%AC%66%B9%EA%B7%7E&h4461=3073&h4462=20190809&h4463=175959&h4464=%A4%BD%A7%69%A5%BB%A4%BD%A5%71%B2%C4%A5%7C%A9%A1%C1%7E%B9%53%A9%65%AD%FB%B7%7C%A9%65%AD%FB%BF%EF%A5%F4%AE%D7&h4465=3&pgname=t05st02
1239,https://mops.twse.com.tw/mops/web/t05st02?step=1&off=1&firstin=1&TYPEK=rotc&i=247&h2470=%A4%BD%AB%48&h2471=8119&h2472=20191108&h2473=141053&h2474=%A4%BD%A7%69%A5%BB%A4%BD%A5%71108%A6%7E%B2%C4%A4%40%A6%B8%AA%D1%AA%46%C1%7B%AE%C9%B7%7C%B8%C9%BF%EF%BF%57%A5%DF%B8%B3%A8%C6%A4%40%A6%57&h2475=3&pgname=t05st02
1241,https://mops.twse.com.tw/mops/web/t05st02?step=1&off=1&firstin=1&TYPEK=otc&i=329&h3290=%AD%BF%B7%4C%AC%EC%A7%DE&h3291=6270&h3292=20190807&h3293=170705&h3294=%A5%BB%A4%BD%A5%71%B8%B3%A8%C6%B7%7C%B3%71%B9%4C%C1%60%B8%67%B2%7A%C4%F2%A5%F4%A8%C6%A9%79&h3295=1&pgname=t05st02
1271,https://mops.twse.com.tw/mops/web/t05st02?step=1&off=1&firstin=1&TYPEK=sii&i=154&h1540=%A5%FC%C2%D7%AA%F7&h1541=2886&h1542=20190724&h1543=180121&h1544=%A5%4E%A5%BB%A4%BD%A5%71%A4%A7%A4%6C%A4%BD%A5%71%A5%FC%C2%D7%B2%A3%AA%AB%AB%4F%C0%49%AA%D1%A5%F7%A6%B3%AD%AD%A4%BD%A5%71%A4%BD%A7%69%B2%C423%A9%A1%0D%0A%B8%B3%A8%C6%AA%F8&h1545=1&pgname=t05st02
1285,https://mops.twse.com.tw/mops/web/t05st02?step=1&off=1&firstin=1&TYPEK=rotc&i=140&h1400=%A4%57%AC%76&h1401=6728&h1402=20190927&h1403=153417&h1404=%A4%BD%A7%69%A5%BB%A4%BD%A5%71108%A6%7E08%A4%EB%A9%B3%A6%58%A8%D6%A6%DB%B5%B2%B3%F8%AA%ED%A4%A7%AC%79%B0%CA%A4%F1%B2%76%A1%42%B3%74%B0%CA%A4%F1%B2%76%A1%42%0D%0A%AD%74%B6%C5%A4%F1%B2%76%A1%42%B9%77%AD%70%A5%BC%A8%D3%A4%54%AD%D3%A4%EB%A6%58%A8%D6%B2%7B%AA%F7%A6%AC%A4%E4%AA%AC%AA%70%A4%CE%BB%C8%A6%E6%A5%69%A8%CF%A5%CE%BF%C4%B8%EA%C3%42%0D%0A%AB%D7%B1%A1%A7%CE%A1%43&h1405=1&pgname=t05st02
1289,https://mops.twse.com.tw/mops/web/t05st02?step=1&off=1&firstin=1&TYPEK=pub&i=235&h2350=%A4%5B%B5%CF&h2351=5547&h2352=20191217&h2353=183104&h2354=%A4%BD%A7%69%A5%BB%A4%BD%A5%71%B2%C4%A4%40%A9%A1%C1%7E%B8%EA%B3%F8%B9%53%A9%65%AD%FB%B7%7C%A5%F4%B4%C1%A9%A1%BA%A1&h2355=5&pgname=t05st02
1305,https://mops.twse.com.tw/mops/web/t05st02?step=1&off=1&firstin=1&TYPEK=pub&i=99&h990=%B6%D7%C2%D7%A5%78%C6%57&h991=5872&h992=20190810&h993=105116&h994=%B8%B3%A8%C6%AA%F8%C3%E3%A5%F4&h995=1&pgname=t05st02
1331,https://mops.twse.com.tw/mops/web/t05st02?step=1&off=1&firstin=1&TYPEK=rotc&i=203&h2030=%A4%AA%A5%FA&h2031=3633&h2032=20191001&h2033=174426&h2034=%A5%4E%AD%AB%AD%6E%A4%6C%A4%BD%A5%71%C4%AC%A6%7B%A4%AA%A5%FA%AC%EC%A7%DE%A6%B3%AD%AD%A4%BD%A5%71%A4%BD%A7%69%A4%48%A8%C6%AE%D7&h2035=4&pgname=t05st02
1385,https://mops.twse.com.tw/mops/web/t05st02?step=1&off=1&firstin=1&TYPEK=otc&i=122&h1220=%AB%6E%BC%FD&h1221=4712&h1222=20190823&h1223=161350&h1224=%A4%BD%A7%69%A5%BB%A4%BD%A5%71%BD%5D%AE%D6%A5%44%BA%DE%B2%A7%B0%CA&h1225=2&pgname=t05st02
1399,https://mops.twse.com.tw/mops/web/t05st02?step=1&off=1&firstin=1&TYPEK=pub&i=88&h880=%A5%44%B7%73%BC%77&h881=4547&h882=20190729&h883=170447&h884=%A4%BD%A7%69%A5%BB%A4%BD%A5%71%BD%5D%AE%D6%A5%44%BA%DE%B2%A7%B0%CA%AE%D7&h885=2&pgname=t05st02
1407,https://mops.twse.com.tw/mops/web/t05st02?step=1&off=1&firstin=1&TYPEK=otc&i=217&h2170=%A4%A4%B8%CE%B7%73%C3%C4&h2171=4147&h2172=20190807&h2173=155012&h2174=%A4%BD%A7%69%A5%BB%A4%BD%A5%71%C1%7E%B8%EA%B3%F8%B9%53%A9%65%AD%FB%B7%7C%A9%65%AD%FB%BF%EF%A5%F4&h2175=4&pgname=t05st02
1416,https://mops.twse.com.tw/mops/web/t05st02?step=1&off=1&firstin=1&TYPEK=otc&i=218&h2180=%A5%40%C2%D7&h2181=2065&h2182=20190805&h2183=193320&h2184=%A5%BB%A4%BD%A5%71%B8%B3%A8%C6%B7%7C%A8%4D%C4%B3%B3%71%B9%4C%B5%6F%A6%E6%B0%EA%A4%BA%B2%C4%A4%40%A6%B8%B5%4C%BE%E1%AB%4F%C2%E0%B4%AB%A4%BD%A5%71%B6%C5&h2185=5&pgname=t05st02
1420,https://mops.twse.com.tw/mops/web/t05st02?step=1&off=1&firstin=1&TYPEK=otc&i=457&h4570=%A4%57%B8%E0&h4571=3363&h4572=20190808&h4573=163316&h4574=%A8%CC%A4%BD%B6%7D%B5%6F%A6%E6%A4%BD%A5%71%B8%EA%AA%F7%B6%55%BB%50%A4%CE%AD%49%AE%D1%AB%4F%C3%D2%B3%42%B2%7A%B7%C7%AB%68%0D%0A%B2%C4%A4%47%A4%51%A4%AD%B1%F8%B2%C4%A4%40%B6%B5%B2%C4%A5%7C%B4%DA%A4%BD%A7%69&h4575=6&pgname=t05st02
1448,https://mops.twse.com.tw/mops/web/t05st02?step=1&off=1&firstin=1&TYPEK=sii&i=126&h1260=%A4%A4%C2%64&h1261=2613&h1262=20190712&h1263=153545&h1264=%A4%BD%A7%69%A5%BB%A4%BD%A5%71%C1%60%B8%67%B2%7A%B2%A7%B0%CA&h1265=2&pgname=t05st02
1462,https://mops.twse.com.tw/mops/web/t05st02?step=1&off=1&firstin=1&TYPEK=rotc&i=109&h1090=%A5%78%BA%CD&h1091=6580&h1092=20190902&h1093=172815&h1094=%A4%BD%A7%69%A5%BB%A4%BD%A5%71%BC%66%AD%70%A9%65%AD%FB%B7%7C%A6%A8%AD%FB%B2%A7%B0%CA%A1%43&h1095=4&pgname=t05st02
1478,https://mops.twse.com.tw/mops/web/t05st02?step=1&off=1&firstin=1&TYPEK=sii&i=99&h990=%A4%B8%A4%6A%AA%F7&h991=2885&h992=20190719&h993=142339&h994=%A4%B8%A4%6A%AA%F7%B1%B1%A5%4E%A4%6C%A4%BD%A5%71%A4%B8%A4%6A%C3%D2%A8%E9%B6%56%AB%6E%A4%BD%A7%69Chairman+of+the+Members%A1%A6%0D%0ACouncil+%B2%A7%B0%CA%A8%C6%B1%A1%A7%CE&h995=1&pgname=t05st02
1507,https://mops.twse.com.tw/mops/web/t05st02?step=1&off=1&firstin=1&TYPEK=sii&i=103&h1030=%A4%A4%B4%AD%A5%FA&h1031=6668&h1032=20190902&h1033=172544&h1034=%A5%BB%A4%BD%A5%71%A6%AC%A6%5E%A4%77%B5%6F%A6%E6%A4%A7%AD%AD%A8%EE%AD%FB%A4%75%C5%76%A7%51%B7%73%AA%D1%BF%EC%B2%7A%B5%F9%BE%50%A7%B9%A6%A8%A4%BD%A7%69&h1035=1&pgname=t05st02
1519,https://mops.twse.com.tw/mops/web/t05st02?step=1&off=1&firstin=1&TYPEK=sii&i=312&h3120=%A8%CA%A4%B8%B9%71%A4%6C&h3121=2449&h3122=20190814&h3123=141724&h3124=%A4%BD%A7%69%A5%BB%A4%BD%A5%71%B8%B3%A8%C6%B7%7C%B3%71%B9%4C%A4%48%A8%C6%B2%A7%B0%CA%AE%D7&h3125=3&pgname=t05st02
1545,https://mops.twse.com.tw/mops/web/t05st02?step=1&off=1&firstin=1&TYPEK=sii&i=110&h1100=%A5%78%BC%C6%AC%EC&h1101=6464&h1102=20191202&h1103=174515&h1104=%A5%4E%AD%AB%AD%6E%A4%6C%A4%BD%A5%71%A4%6A%B4%AD%A6%B3%BD%75%B9%71%B5%F8%AA%D1%A5%F7%A6%B3%AD%AD%A4%BD%A5%71%A4%BD%A7%69%B8%B3%A8%C6%B7%7C%BF%EF%A5%F4%B8%B3%A8%C6%AA%F8&h1105=15&pgname=t05st02
1577,https://mops.twse.com.tw/mops/web/t05st02?step=1&off=1&firstin=1&TYPEK=sii&i=115&h1150=%A4%54%AA%DA&h1151=1307&h1152=20191107&h1153=145037&h1154=%A5%4E%A4%6C%A4%BD%A5%71PT.San+Fang+Indonesia%0D%0A%A4%BD%A7%69%C5%DC%A7%F3%B8%B3%A8%C6&h1155=4&pgname=t05st02
1582,https://mops.twse.com.tw/mops/web/t05st02?step=1&off=1&firstin=1&TYPEK=sii&i=230&h2300=%A4%A4%AB%48%AA%F7&h2301=2891&h2302=20190927&h2303=185719&h2304=%A5%4E%A4%6C%A4%BD%A5%71%A4%A4%B0%EA%AB%48%B0%55%B0%D3%B7%7E%BB%C8%A6%E6%AA%D1%A5%F7%A6%B3%AD%AD%A4%BD%A5%71%A4%BD%A7%69%B8%B3%A8%C6%AA%F8%A4%CE%B0%C6%B8%B3%0D%0A%A8%C6%AA%F8%B2%A7%B0%CA&h2305=2&pgname=t05st02
1591,https://mops.twse.com.tw/mops/web/t05st02?step=1&off=1&firstin=1&TYPEK=sii&i=95&h950=%A5%78%B9%46%B9%71&h951=2308&h952=20191216&h953=171046&h954=%A5%4E%A4%6C%A4%BD%A5%71%A5%78%B9%46%B0%EA%BB%DA%B1%B1%AA%D1%A6%B3%AD%AD%A4%BD%A5%71%A4%BD%A7%69%B8%B3%A8%C6%C5%DC%A7%F3&h955=1&pgname=t05st02
1597,https://mops.twse.com.tw/mops/web/t05st02?step=1&off=1&firstin=1&TYPEK=sii&i=781&h7810=%BB%F5%A5%FA%B9%71%A4%6C&h7811=2393&h7812=20190808&h7813=194455&h7814=%A4%BD%A7%69%A5%BB%A4%BD%A5%71%A4%BA%B3%A1%BD%5D%AE%D6%A5%44%BA%DE%B2%A7%B0%CA%A8%C6%A9%79&h7815=1&pgname=t05st02
1602,https://mops.twse.com.tw/mops/web/t05st02?step=1&off=1&firstin=1&TYPEK=otc&i=146&h1460=%A8%C8%A9%FD%B0%EA%BB%DA&h1461=5213&h1462=20190910&h1463=161113&h1464=%A4%BD%A7%69%A5%BB%A4%BD%A5%71108%A6%7E8%A4%EB%A5%F7%0D%0A%A6%DB%B5%B2%AD%74%B6%C5%A4%F1%B2%76%A1%42%AC%79%B0%CA%A4%F1%B2%76%A1%42%B3%74%B0%CA%A4%F1%B2%76%A1%43&h1465=1&pgname=t05st02
1605,https://mops.twse.com.tw/mops/web/t05st02?step=1&off=1&firstin=1&TYPEK=rotc&i=105&h1050=%A4%54%A6%CB%B8%EA%B0%54&h1051=8284&h1052=20190911&h1053=150934&h1054=%A4%BD%A7%69%A5%BB%A4%BD%A5%71%BF%57%A5%DF%B8%B3%A8%C6%C3%E3%A5%F4&h1055=1&pgname=t05st02
1631,https://mops.twse.com.tw/mops/web/t05st02?step=1&off=1&firstin=1&TYPEK=sii&i=189&h1890=%A4%B8%A4%6A%AA%F7&h1891=2885&h1892=20190830&h1893=164745&h1894=%A4%B8%A4%6A%AA%F7%B1%B1%A5%4E%A4%6C%A4%BD%A5%71%A4%B8%A4%6A%C3%D2%AA%F7%A4%BD%A7%69%0D%0A%A5%4E%B2%7A%B5%6F%A8%A5%A4%48%B2%A7%B0%CA&h1895=2&pgname=t05st02
1649,https://mops.twse.com.tw/mops/web/t05st02?step=1&off=1&firstin=1&TYPEK=otc&i=164&h1640=%A4%45%BB%F4%AC%EC%A7%DE&h1641=6494&h1642=20190717&h1643=165737&h1644=%A4%BD%A7%69%AD%D7%AD%71%A5%BB%A4%BD%A5%71107%A6%7E%AB%D7%A6%7E%B3%F8%B3%A1%A5%F7%A4%BA%AE%65&h1645=1&pgname=t05st02
1659,https://mops.twse.com.tw/mops/web/t05st02?step=1&off=1&firstin=1&TYPEK=sii&i=233&h2330=%A4%A4%AB%48%AA%F7&h2331=2891&h2332=20191001&h2333=182944&h2334=%A5%4E%A4%6C%A4%BD%A5%71%A5%78%C6%57%A4%48%B9%D8%AB%4F%C0%49%AA%D1%A5%F7%A6%B3%AD%AD%A4%BD%A5%71%A4%BD%A7%69%B8%B3%A8%C6%B7%7C%B3%71%B9%4C%AD%AB%AD%6E%0D%0A%C0%E7%B9%42%A5%44%BA%DE%B2%A7%B0%CA%AE%D7%A1%43&h2335=7&pgname=t05st02
1707,https://mops.twse.com.tw/mops/web/t05st02?step=1&off=1&firstin=1&TYPEK=otc&i=293&h2930=%A5%FC%BB%B7%AC%EC%A7%DE&h2931=4944&h2932=20190806&h2933=172458&h2934=%A4%BD%A7%69%A5%BB%A4%BD%A5%71%B8%B3%A8%C6%B7%7C%A8%4D%C4%B3%B3%71%B9%4C%B0%C6%B0%F5%A6%E6%AA%F8%B2%A7%B0%CA&h2935=2&pgname=t05st02
1716,https://mops.twse.com.tw/mops/web/t05st02?step=1&off=1&firstin=1&TYPEK=rotc&i=252&h2520=%A4%BD%AB%48&h2521=8119&h2522=20191108&h2523=141220&h2524=%A4%BD%A7%69%A5%BB%A4%BD%A5%71%B8%B3%A8%C6%AA%F8%B2%A7%B0%CA&h2525=7&pgname=t05st02
1721,https://mops.twse.com.tw/mops/web/t05st02?step=1&off=1&firstin=1&TYPEK=otc&i=222&h2220=%A4%54%B6%EA&h2221=4416&h2222=20191129&h2223=170452&h2224=%A4%BD%A7%69%A5%BB%A4%BD%A5%71%B8%B3%A8%C6%B7%7C%B3%71%B9%4C%A8%FA%AE%F8%B7%73%A5%5F%A5%AB%A6%C1%A4%EE%B0%CF%A4%F4%B7%BD%AC%711202%A1%42%0D%0A1204...%B5%A515%B5%A7%A6%61%B8%B9%A6%ED%A6%76%A4%6A%BC%D3%C0%E7%AB%D8%A4%75%B5%7B%A9%D3%C5%F3%AE%D7%A1%43&h2225=5&pgname=t05st02
1743,https://mops.twse.com.tw/mops/web/t05st02?step=1&off=1&firstin=1&TYPEK=rotc&i=186&h1860=%A9%4D%BC%ED%A5%F8%B7%7E&h1861=6592&h1862=20190801&h1863=173057&h1864=%A4%BD%A7%69%A5%BB%A4%BD%A5%71%A6%DB%A6%E6%BA%4D%A6%5E%A4%57%A5%AB%A5%D3%BD%D0%AE%D7&h1865=3&pgname=t05st02
1755,https://mops.twse.com.tw/mops/web/t05st02?step=1&off=1&firstin=1&TYPEK=sii&i=150&h1500=%A4%A4%A9%4D&h1501=1439&h1502=20191223&h1503=174644&h1504=%A4%BD%A7%69%A5%BB%A4%BD%A5%71%C1%60%B8%67%B2%7A%A4%48%A8%C6%B2%A7%B0%CA%AE%D7&h1505=1&pgname=t05st02
1768,https://mops.twse.com.tw/mops/web/t05st02?step=1&off=1&firstin=1&TYPEK=sii&i=144&h1440=jpp-KY&h1441=5284&h1442=20191106&h1443=153348&h1444=%A8%E4%A5%4C%B8%67%B8%B3%A8%C6%B7%7C%A8%4D%C4%B3%A4%A7%AD%AB%A4%6A%B0%54%AE%A7&h1445=2&pgname=t05st02
1771,https://mops.twse.com.tw/mops/web/t05st02?step=1&off=1&firstin=1&TYPEK=sii&i=97&h970=%AB%C2%B2%B1&h971=2388&h972=20191105&h973=141326&h974=%A5%4E%AD%AB%AD%6E%A4%6C%A4%BD%A5%71%AB%C2%BE%57%B9%71%A4%6C%AA%D1%A5%F7%A6%B3%AD%AD%A4%BD%A5%71%A4%BD%A7%69%A4%40%A1%B3%A4%4B%A6%7E%B2%C4%A4%40%A6%B8%AA%D1%0D%0A%AA%46%C1%7B%AE%C9%B7%7C%B4%A3%AB%65%A5%FE%AD%B1%A7%EF%BF%EF%B8%B3%A8%C6%28%A7%74%BF%57%A5%DF%B8%B3%A8%C6%29%A1%43&h975=2&pgname=t05st02
1785,https://mops.twse.com.tw/mops/web/t05st02?step=1&off=1&firstin=1&TYPEK=otc&i=161&h1610=%A4%B8%A4%D3&h1611=8069&h1612=20191224&h1613=154053&h1614=%A5%4E%AD%AB%AD%6E%A4%6C%A4%BD%A5%71E+Ink+Corporation%A4%BD%A7%69%B8%B3%A8%C6%B2%A7%B0%CA&h1615=3&pgname=t05st02
1791,https://mops.twse.com.tw/mops/web/t05st02?step=1&off=1&firstin=1&TYPEK=sii&i=178&h1780=%A4%54%AC%76%AF%BC&h1781=1472&h1782=20190731&h1783=155611&h1784=%A4%BD%A7%69%A5%BB%A4%BD%A5%71%AD%AB%AD%6E%C0%E7%B9%42%A5%44%BA%DE%B2%A7%B0%CA&h1785=3&pgname=t05st02
1825,https://mops.twse.com.tw/mops/web/t05st02?step=1&off=1&firstin=1&TYPEK=sii&i=124&h1240=%A9%F4%A9%F4%AB%4F%C0%49&h1241=2816&h1242=20190723&h1243=164316&h1244=%A6%B3%C3%F6%BC%E1%B2%4D%B4%43%C5%E9%B3%F8%BE%C9%A5%BB%A4%BD%A5%71%A9%D3%AB%4F%B0%EA%AD%78%A9%78%A7%4C%B9%CE%C5%E9%B7%4E%A5%7E%C0%49%0D%0A%AE%A3%A6%B3%AD%D3%A4%48%B8%EA%AE%C6%A5%7E%AC%AA%A4%A7%B8%B7&h1245=1&pgname=t05st02
1826,https://mops.twse.com.tw/mops/web/t05st02?step=1&off=1&firstin=1&TYPEK=rotc&i=205&h2050=%A4%AA%A5%FA&h2051=3633&h2052=20191001&h2053=174447&h2054=%A5%4E%AD%AB%AD%6E%A4%6C%A4%BD%A5%71%B5%BE%A4%AA%A5%FA%B9%71%28%B7%48%AA%F9%29%A6%B3%AD%AD%A4%BD%A5%71%A4%BD%A7%69%A4%48%A8%C6%AE%D7&h2055=1&pgname=t05st02
1847,https://mops.twse.com.tw/mops/web/t05st02?step=1&off=1&firstin=1&TYPEK=otc&i=174&h1740=%B3%D3%C4%52&h1741=6238&h1742=20191125&h1743=185622&h1744=%B8%C9%A5%52%A4%BD%A7%69%A5%BB%A4%BD%A5%71%AC%E3%B5%6F%A5%44%BA%DE%B2%A7%B0%CA&h1745=3&pgname=t05st02
1884,https://mops.twse.com.tw/mops/web/t05st02?step=1&off=1&firstin=1&TYPEK=sii&i=226&h2260=%A5%78%C6%57%B9%41%AA%4C&h2261=2913&h2262=20190801&h2263=182331&h2264=%A4%BD%A7%69%A5%BB%A4%BD%A5%71%C1%7E%B8%EA%B3%F8%B9%53%A9%65%AD%FB%B7%7C%A9%65%AD%FB%A6%5D%AA%D1%AA%46%C1%7B%AE%C9%B7%7C%A5%FE%AD%B1%A7%EF%BF%EF%B8%B3%A8%C6%0D%0A%A6%D3%A5%F4%B4%C1%A9%A1%BA%A1&h2265=8&pgname=t05st02
1890,https://mops.twse.com.tw/mops/web/t05st02?step=1&off=1&firstin=1&TYPEK=rotc&i=188&h1880=%B3%D5%EB%E4&h1881=6572&h1882=20190911&h1883=180733&h1884=%A4%BD%A7%69%A5%BB%A4%BD%A5%71%AA%6B%A4%48%B8%B3%A8%C6%C3%E3%A5%F4&h1885=1&pgname=t05st02
1898,https://mops.twse.com.tw/mops/web/t05st02?step=1&off=1&firstin=1&TYPEK=sii&i=99&h990=%A4%A4%AF%B2-KY&h991=5871&h992=20190926&h993=154505&h994=%A5%BB%A4%BD%A5%71%AC%B0%A4%6C%A4%BD%A5%71%A5%F2%A7%51%B0%EA%BB%DA%AF%B2%B8%EE%A6%B3%AD%AD%A4%BD%A5%71%B4%A3%A8%D1%AD%49%AE%D1%AB%4F%C3%D2%A1%41%A8%CC%A4%BD%B6%7D%B5%6F%A6%E6%0D%0A%A4%BD%A5%71%B8%EA%AA%F7%B6%55%BB%50%A4%CE%AD%49%AE%D1%AB%4F%C3%D2%B3%42%B2%7A%B7%C7%AB%68%A4%BD%A7%69&h995=2&pgname=t05st02
1905,https://mops.twse.com.tw/mops/web/t05st02?step=1&off=1&firstin=1&TYPEK=otc&i=162&h1620=%AB%6E%BC%FD&h1621=4712&h1622=20191111&h1623=162429&h1624=%A4%BD%A7%69%A5%BB%A4%BD%A5%71%B8%B3%A8%C6%B7%7C%B3%71%B9%4C%B5%6F%A8%A5%A4%48%B2%A7%B0%CA%AE%D7&h1625=1&pgname=t05st02
1906,https://mops.twse.com.tw/mops/web/t05st02?step=1&off=1&firstin=1&TYPEK=sii&i=370&h3700=TPK-KY&h3701=3673&h3702=20191112&h3703=170611&h3704=%A4%6C%A4%BD%A5%71%C4%5F%AE%66%28%B7%48%AA%F9%29%A5%FA%BE%C7%AC%EC%A7%DE%A6%B3%AD%AD%A4%BD%A5%71%B9%EF%0D%0A%A4%6C%A4%BD%A5%71%AE%66%C2%45%AC%EC%A7%DE%28%B7%48%AA%F9%29%A6%B3%AD%AD%A4%BD%A5%71%0D%0A%AC%FC%A4%B86000%B8%55%A4%A7%B8%EA%AA%F7%B6%55%BB%50%AE%D7%28%B2%C5%A6%58%B2%C4%A4%40%B6%B5%B2%C4%A4%40%B4%DA%29&h3705=2&pgname=t05st02
1916,https://mops.twse.com.tw/mops/web/t05st02?step=1&off=1&firstin=1&TYPEK=sii&i=167&h1670=%A4%6A%BC%DD&h1671=2478&h1672=20190719&h1673=164721&h1674=%A4%BD%A7%69%AD%D7%A5%BF%A5%BB%A4%BD%A5%71107%A6%7E%AB%D7%AA%D1%AA%46%B7%7C%A6%7E%B3%F8%B3%A1%A5%F7%B8%EA%AE%C6&h1675=1&pgname=t05st02
1918,https://mops.twse.com.tw/mops/web/t05st02?step=1&off=1&firstin=1&TYPEK=rotc&i=55&h550=%A5%78%C6%57%C3%C0%B3%4E&h551=8479&h552=20190924&h553=115111&h554=%A4%BD%A7%69%A5%BB%A4%BD%A5%71%B0%5D%B0%C8%A5%44%BA%DE%A1%42%B7%7C%AD%70%A5%44%BA%DE%B2%A7%B0%CA%28%B0%5D%B7%7C%A5%44%BA%DE%AC%B0%A6%50%A4%40%A4%48%29&h555=1&pgname=t05st02
1932,https://mops.twse.com.tw/mops/web/t05st02?step=1&off=1&firstin=1&TYPEK=sii&i=180&h1800=%A5%78%B7%73%AA%F7%B1%B1&h1801=2887&h1802=20190711&h1803=172757&h1804=%A5%78%B7%73%AA%F7%B1%B1%A5%4E%A4%6C%A4%BD%A5%71%B2%BB%A6%77%A4%48%A8%AD%AB%4F%C0%49%A5%4E%B2%7A%A4%48%A4%BD%A7%69%A5%44%BF%EC%B7%7C%AD%70%B2%A7%B0%CA&h1805=1&pgname=t05st02
1935,https://mops.twse.com.tw/mops/web/t05st02?step=1&off=1&firstin=1&TYPEK=sii&i=159&h1590=%A4%4F%BB%CA&h1591=3593&h1592=20190917&h1593=190430&h1594=%A5%4E%A4%6C%A4%BD%A5%71%C4%AC%A6%7B%B6%A9%B5%6E%B9%71%A4%6C%AC%EC%A7%DE%A6%B3%AD%AD%A4%BD%A5%71%A4%BD%A7%69%C1%60%B8%67%B2%7A%B2%A7%B0%CA&h1595=1&pgname=t05st02
1941,https://mops.twse.com.tw/mops/web/t05st02?step=1&off=1&firstin=1&TYPEK=sii&i=130&h1300=%A5%FC%C2%D7%AA%F7&h1301=2886&h1302=20191018&h1303=172545&h1304=%A5%4E%A5%BB%A4%BD%A5%71%A4%A7%A4%6C%A4%BD%A5%71%A5%FC%C2%D7%B0%EA%BB%DA%B0%D3%B7%7E%BB%C8%A6%E6%A4%BD%A7%69%A8%E4%0D%0A%A5%5F%A4%47%B0%CF%C0%E7%B9%42%A4%A4%A4%DF%C0%E7%B9%42%AA%F8%B2%A7%B0%CA%A1%43&h1305=2&pgname=t05st02
1963,https://mops.twse.com.tw/mops/web/t05st02?step=1&off=1&firstin=1&TYPEK=otc&i=104&h1040=%B0%B7%A8%C8&h1041=4130&h1042=20190909&h1043=172006&h1044=%A5%BB%A4%BD%A5%71%AA%6B%A4%48%B8%B3%A8%C6%A4%CE%A8%E4%A5%4E%AA%ED%A4%48%C3%E3%A5%F4&h1045=1&pgname=t05st02
1977,https://mops.twse.com.tw/mops/web/t05st02?step=1&off=1&firstin=1&TYPEK=rotc&i=113&h1130=%B3%D5%C1%BE%A5%CD%A7%DE&h1131=6713&h1132=20190916&h1133=172333&h1134=%A4%BD%A7%69%A5%BB%A4%BD%A5%71%B7%73%A5%F4%B5%A6%B2%A4%AA%F8&h1135=1&pgname=t05st02
1980,https://mops.twse.com.tw/mops/web/t05st02?step=1&off=1&firstin=1&TYPEK=sii&i=210&h2100=%A5%78%C6%57%B0%AA%C5%4B&h2101=2633&h2102=20191218&h2103=180058&h2104=%A4%BD%A7%69%A5%BB%A4%BD%A5%71%B8%B3%A8%C6%B7%7C%A8%4D%C4%B3%B0%5D%B7%7C%B3%42%B3%42%A5%44%BA%DE%B2%A7%B0%CA&h2105=1&pgname=t05st02
1986,https://mops.twse.com.tw/mops/web/t05st02?step=1&off=1&firstin=1&TYPEK=rotc&i=143&h1430=ABC-KY&h1431=6598&h1432=20191122&h1433=165831&h1434=%A4%BD%A7%69%A5%BB%A4%BD%A5%71%AD%71%A9%77%B2%7B%AA%F7%BC%57%B8%EA%BB%7B%AA%D1%B0%F2%B7%C7%A4%E9%A4%CE%A8%E4%AC%DB%C3%F6%A8%C6%A9%79%0D%0A%28%B3%CC%AB%E1%B9%4C%A4%E1%A4%E9%A7%F3%A5%BF%29&h1435=1&pgname=t05st02
1990,https://mops.twse.com.tw/mops/web/t05st02?step=1&off=1&firstin=1&TYPEK=sii&i=136&h1360=%A4%CD%B9%46&h1361=2409&h1362=20190909&h1363=174111&h1364=%A5%BB%A4%BD%A5%71%C1%60%B8%67%B2%7A%B2%A7%B0%CA&h1365=4&pgname=t05st02
1994,https://mops.twse.com.tw/mops/web/t05st02?step=1&off=1&firstin=1&TYPEK=otc&i=135&h1350=%A4%54%B6%EA&h1351=4416&h1352=20191105&h1353=155722&h1354=%A4%BD%A7%69%A5%BB%A4%BD%A5%71%B5%6F%A8%A5%A4%48%A4%CE%B0%5D%B0%C8%A5%44%BA%DE%B2%A7%B0%CA&h1355=2&pgname=t05st02
2044,https://mops.twse.com.tw/mops/web/t05st02?step=1&off=1&firstin=1&TYPEK=sii&i=52&h520=jpp-KY&h521=5284&h522=20190918&h523=150246&h524=%A4%BD%A7%69%A5%BB%A4%BD%A5%71%B8%B3%A8%C6%B7%7C%A8%4D%C4%B3%BF%EC%B2%7A%B2%7B%AA%F7%BC%57%B8%EA%B5%6F%A6%E6%B7%73%AA%D1&h525=1&pgname=t05st02
2056,https://mops.twse.com.tw/mops/web/t05st02?step=1&off=1&firstin=1&TYPEK=otc&i=205&h2050=%AB%6E%BC%FD&h2051=4712&h2052=20191225&h2053=181102&h2054=%A4%BD%A7%69%A5%BB%A4%BD%A5%71%B8%B3%A8%C6%B7%7C%B0%6C%BB%7B%B0%5D%B0%C8%BA%5B%B7%7C%AD%70%A5%44%BA%DE%B2%A7%B0%CA&h2055=2&pgname=t05st02
2080,https://mops.twse.com.tw/mops/web/t05st02?step=1&off=1&firstin=1&TYPEK=sii&i=494&h4940=%B3%CD%AC%FD-KY&h4941=2939&h4942=20191107&h4943=193538&h4944=%A5%4E%AD%AB%AD%6E%A4%6C%A4%BD%A5%71%B3%CD%C0%E9%B6%54%A9%F6%28%B2%60%A6%60%29%A6%B3%AD%AD%A4%BD%A5%71%A4%BD%A7%69%C1%60%B8%67%B2%7A%C4%F2%A5%F4%AE%D7&h4945=11&pgname=t05st02
2098,https://mops.twse.com.tw/mops/web/t05st02?step=1&off=1&firstin=1&TYPEK=otc&i=104&h1040=%A4%54%B6%EA&h1041=4416&h1042=20191127&h1043=162804&h1044=%A4%BD%A7%69%A5%BB%A4%BD%A5%71108%A6%7E10%A4%EB%A5%F7%A6%DB%B5%B2%A6%58%A8%D6%B0%5D%B0%C8%B3%F8%A7%69%A4%A7%AC%79%B0%CA%A4%F1%B2%76%0D%0A%A1%42%B3%74%B0%CA%A4%F1%B2%76%A4%CE%AD%74%B6%C5%A4%F1%B2%76&h1045=1&pgname=t05st02
2103,https://mops.twse.com.tw/mops/web/t05st02?step=1&off=1&firstin=1&TYPEK=sii&i=115&h1150=%A4%A4%BF%FB&h1151=2002&h1152=20191230&h1153=165121&h1154=%A4%BD%A7%69%A5%BB%A4%BD%A5%71%A4%75%B5%7B%B3%A1%AA%F9%B0%C6%C1%60%B8%67%B2%7A%C5%DC%B0%CA&h1155=1&pgname=t05st02
2114,https://mops.twse.com.tw/mops/web/t05st02?step=1&off=1&firstin=1&TYPEK=sii&i=590&h5900=%A6%50%B6%7D&h5901=3018&h5902=20191112&h5903=201605&h5904=%A4%BD%A7%69%A5%BB%A4%BD%A5%71%B8%B3%A8%C6%B7%7C%B3%71%B9%4C%A9%65%A5%F4%C0%E7%B9%42%AA%F8&h5905=2&pgname=t05st02
2123,https://mops.twse.com.tw/mops/web/t05st02?step=1&off=1&firstin=1&TYPEK=sii&i=210&h2100=%AB%C2%B2%B1&h2101=2388&h2102=20191113&h2103=122024&h2104=%A5%4E%AD%AB%AD%6E%A4%6C%A4%BD%A5%71%AB%C2%BE%57%B9%71%A4%6C%28%AA%D1%29%A4%BD%A5%71%A4%BD%A7%69%B8%B3%A8%C6%B7%7C%B1%C0%BF%EF%B8%B3%A8%C6%AA%F8%AE%D7&h2105=1&pgname=t05st02
2130,https://mops.twse.com.tw/mops/web/t05st02?step=1&off=1&firstin=1&TYPEK=rotc&i=200&h2000=%B5%D8%BF%DD%B9%E7&h2001=6474&h2002=20190712&h2003=175707&h2004=%A4%BD%A7%69107%A6%7E%AB%D7%A6%7E%B3%F8%A7%F3%A5%BF%28%AA%D1%AA%46%B7%7C%AB%E1%AD%D7%AD%71%29&h2005=1&pgname=t05st02
2143,https://mops.twse.com.tw/mops/web/t05st02?step=1&off=1&firstin=1&TYPEK=otc&i=101&h1010=%A8%E4%B6%A7&h1011=3564&h1012=20190803&h1013=14057&h1014=%A4%BD%A7%69%A5%BB%A4%BD%A5%71%A4%BA%B3%A1%BD%5D%AE%D6%A5%44%BA%DE%B2%A7%B0%CA%B0%6C%BB%7B%AE%D7&h1015=2&pgname=t05st02
2148,https://mops.twse.com.tw/mops/web/t05st02?step=1&off=1&firstin=1&TYPEK=sii&i=215&h2150=%A4%A4%B5%D8%A4%C6%BE%C7&h2151=1727&h2152=20190806&h2153=163220&h2154=%A4%BD%A7%69%A5%BB%A4%BD%A5%71%B8%B3%A8%C6%B7%7C%B3%71%B9%4C%B3%5D%B8%6D%A4%BD%A5%71%AA%76%B2%7A%A5%44%BA%DE&h2155=1&pgname=t05st02
2192,https://mops.twse.com.tw/mops/web/t05st02?step=1&off=1&firstin=1&TYPEK=sii&i=150&h1500=%A5%78%C4%A3&h1501=4746&h1502=20191114&h1503=121933&h1504=%A4%BD%A7%69%A5%BB%A4%BD%A5%71%AD%AB%B7%73%B1%C0%C1%7C%C1%7E%B8%EA%B3%F8%B9%53%A9%65%AD%FB%B7%7C%A5%6C%B6%B0%A4%48%A4%CE%B7%7C%C4%B3%A5%44%AE%75&h1505=2&pgname=t05st02
2193,https://mops.twse.com.tw/mops/web/t05st02?step=1&off=1&firstin=1&TYPEK=otc&i=102&h1020=%A8%E4%B6%A7&h1021=3564&h1022=20190803&h1023=14122&h1024=%A4%BD%A7%69%A5%BB%A4%BD%A5%71%B0%5D%B0%C8%A5%44%BA%DE%B2%A7%B0%CA%B0%6C%BB%7B%AE%D7&h1025=3&pgname=t05st02
2194,https://mops.twse.com.tw/mops/web/t05st02?step=1&off=1&firstin=1&TYPEK=sii&i=489&h4890=%B3%CD%AC%FD-KY&h4891=2939&h4892=20191107&h4893=191914&h4894=%A5%4E%AD%AB%AD%6E%A4%6C%A4%BD%A5%71%B3%CD%AC%FD%B0%EA%BB%DA%B1%B1%AA%D1%A6%B3%AD%AD%A4%BD%A5%71%A4%BD%A7%69%B0%5D%B0%C8%AA%F8%B2%A7%B0%CA&h4895=6&pgname=t05st02
2233,https://mops.twse.com.tw/mops/web/t05st02?step=1&off=1&firstin=1&TYPEK=sii&i=70&h700=%A4%A4%B9%56&h701=1809&h702=20191111&h703=141715&h704=%A4%BD%A7%69%A5%BB%A4%BD%A5%71%C1%60%B8%67%B2%7A%B0%68%A5%F0%C3%E3%A5%F4&h705=1&pgname=t05st02
2234,https://mops.twse.com.tw/mops/web/t05st02?step=1&off=1&firstin=1&TYPEK=otc&i=92&h920=%AB%48%AD%B5%A5%F8%B7%7E&h921=6126&h922=20190715&h923=155617&h924=%A4%BD%A7%69%A5%BB%A4%BD%A5%71%B8%B3%A8%C6%B7%7C%A8%4D%C4%B3%B3%71%B9%4C%C1%60%B8%67%B2%7A%C4%F2%A5%F4%AE%D7&h925=4&pgname=t05st02
2251,https://mops.twse.com.tw/mops/web/t05st02?step=1&off=1&firstin=1&TYPEK=otc&i=55&h550=%A5%FE%B9%46&h551=8068&h552=20190717&h553=104621&h554=%A4%BD%A7%69%AD%D7%A5%BF%A5%BB%A4%BD%A5%71107%A6%7E%AB%D7%A6%7E%B3%F8%B3%A1%A4%C0%A4%BA%AE%65&h555=2&pgname=t05st02
2267,https://mops.twse.com.tw/mops/web/t05st02?step=1&off=1&firstin=1&TYPEK=otc&i=452&h4520=%A4%A4%AD%5A&h4521=5205&h4522=20190814&h4523=174813&h4524=%A5%BB%A4%BD%A5%71%B7%7C%AD%70%A5%44%BA%DE%B2%A7%B0%CA&h4525=1&pgname=t05st02
2286,https://mops.twse.com.tw/mops/web/t05st02?step=1&off=1&firstin=1&TYPEK=otc&i=132&h1320=%A4%6A%BC%79%C3%D2&h1321=6021&h1322=20190716&h1323=154745&h1324=%A4%BD%A7%69%B8%C9%A5%BF%A5%BB%A4%BD%A5%71107%A6%7E%AB%D7%A6%7E%B3%F8%B3%A1%A4%C0%A4%BA%AE%65&h1325=1&pgname=t05st02
2289,https://mops.twse.com.tw/mops/web/t05st02?step=1&off=1&firstin=1&TYPEK=otc&i=146&h1460=%A4%5B%B6%A7&h1461=5011&h1462=20190723&h1463=171536&h1464=%A5%BB%A4%BD%A5%71%A4%BA%B3%A1%BD%5D%AE%D6%A5%44%BA%DE%B2%A7%B0%CA&h1465=2&pgname=t05st02
2293,https://mops.twse.com.tw/mops/web/t05st02?step=1&off=1&firstin=1&TYPEK=sii&i=149&h1490=%A4%A4%AF%B2-KY&h1491=5871&h1492=20190917&h1493=174600&h1494=%A5%BB%A4%BD%A5%71%A4%A7%A4%6C%A4%BD%A5%71%A4%A4%AF%B2%AD%7D%A9%4D%AA%D1%A5%F7%A6%B3%AD%AD%A4%BD%A5%71%AC%B0%A8%E4%A4%6C%A4%BD%A5%71%A4%A4%AF%B2%A8%54%A8%AE%AF%B2%B8%EE%AA%D1%0D%0A%A5%F7%A6%B3%AD%AD%A4%BD%A5%71%B4%A3%A8%D1%AD%49%AE%D1%AB%4F%C3%D2%A1%41%A8%CC%A4%BD%B6%7D%B5%6F%A6%E6%A4%BD%A5%71%B8%EA%AA%F7%B6%55%BB%50%A4%CE%AD%49%AE%D1%AB%4F%C3%D2%B3%42%0D%0A%B2%7A%B7%C7%AB%68%A4%BD%A7%69%A1%43&h1495=3&pgname=t05st02
2316,https://mops.twse.com.tw/mops/web/t05st02?step=1&off=1&firstin=1&TYPEK=otc&i=112&h1120=%A4%B8%A4%D3%AC%EC%A7%DE&h1121=8069&h1122=20190909&h1123=172247&h1124=%A5%4E%A4%6C%A4%BD%A5%71%A4%BD%A7%69%B8%B3%A8%C6%AA%F8%B2%A7%B0%CA&h1125=3&pgname=t05st02
2328,https://mops.twse.com.tw/mops/web/t05st02?step=1&off=1&firstin=1&TYPEK=otc&i=116&h1160=%A8%C8%B7%E0%B1%64-KY&h1161=6497&h1162=20190930&h1163=155740&h1164=%A4%BD%A7%69%A5%BB%A4%BD%A5%71%A4%BA%B3%A1%BD%5D%AE%D6%A5%44%BA%DE%B2%A7%B0%CA&h1165=4&pgname=t05st02
2342,https://mops.twse.com.tw/mops/web/t05st02?step=1&off=1&firstin=1&TYPEK=otc&i=553&h5530=%A5%78%C1%70%B9%71%B0%54&h5531=4905&h5532=20190813&h5533=171016&h5534=%A4%BD%A7%69%A5%BB%A4%BD%A5%71%B0%F5%A6%E6%AA%F8%B2%A7%B0%CA&h5535=9&pgname=t05st02
2369,https://mops.twse.com.tw/mops/web/t05st02?step=1&off=1&firstin=1&TYPEK=rotc&i=188&h1880=%A8%DF%B1%4E&h1881=8492&h1882=20190717&h1883=175012&h1884=%A4%BD%A7%69%A5%BB%A4%BD%A5%71%B0%C6%C1%60%B8%67%B2%7A%B2%A7%B0%CA&h1885=1&pgname=t05st02
2389,https://mops.twse.com.tw/mops/web/t05st02?step=1&off=1&firstin=1&TYPEK=sii&i=149&h1490=%A5%78%AA%64&h1491=1101&h1492=20190717&h1493=162928&h1494=%A5%BB%A4%BD%A5%71%B8%B3%A8%C6%B7%7C%A8%4D%C4%B3%B3%71%B9%4C%A5%F8%B7%7E%B9%CE%C1%60%B0%F5%A6%E6%AA%F8%A5%F4%A9%52%AE%D7&h1495=1&pgname=t05st02
2414,https://mops.twse.com.tw/mops/web/t05st02?step=1&off=1&firstin=1&TYPEK=otc&i=164&h1640=%B3%D3%AB%7E&h1641=6556&h1642=20190926&h1643=175253&h1644=%A4%BD%A7%69%A5%BB%A4%BD%A5%71%A9%65%A5%F4%B2%C4%A4%54%A9%A1%BC%66%AD%70%A9%65%AD%FB%B7%7C%A9%65%AD%FB&h1645=12&pgname=t05st02
2450,https://mops.twse.com.tw/mops/web/t05st02?step=1&off=1&firstin=1&TYPEK=otc&i=87&h870=%BB%4F%C0%73&h871=6246&h872=20190716&h873=135644&h874=%B8%C9%A5%BF%A5%BB%A4%BD%A5%71107%A6%7E%AB%D7%A6%7E%B3%F8%B8%EA%AE%C6&h875=2&pgname=t05st02
2483,https://mops.twse.com.tw/mops/web/t05st02?step=1&off=1&firstin=1&TYPEK=sii&i=131&h1310=%A5%FC%C2%D7%AA%F7&h1311=2886&h1312=20190920&h1313=170318&h1314=%A5%4E%A5%BB%A4%BD%A5%71%A4%A7%A4%6C%A4%BD%A5%71%A5%FC%C2%D7%B0%EA%BB%DA%B0%D3%B7%7E%BB%C8%A6%E6%A4%BD%A7%69%A8%E4%0D%0A%AE%E7%A6%CB%AD%5D%B0%CF%C0%E7%B9%42%A4%A4%A4%DF%C0%E7%B9%42%AA%F8%B2%A7%B0%CA%A1%43&h1315=3&pgname=t05st02
2548,https://mops.twse.com.tw/mops/web/t05st02?step=1&off=1&firstin=1&TYPEK=rotc&i=90&h900=%A9%4D%BC%ED%A5%F8%B7%7E&h901=6592&h902=20190926&h903=153541&h904=%A4%BD%A7%69%A5%BB%A4%BD%A5%71%BC%66%AD%70%A9%65%AD%FB%B7%7C%A9%65%AD%FB%B2%A7%B0%CA&h905=4&pgname=t05st02
2549,https://mops.twse.com.tw/mops/web/t05st02?step=1&off=1&firstin=1&TYPEK=otc&i=188&h1880=%A5%5F%B0%F2&h1881=8927&h1882=20190718&h1883=174623&h1884=%A4%BD%A7%69%A5%BB%A4%BD%A5%71%B5%6F%A8%A5%A4%48%A1%42%A5%4E%B2%7A%B5%6F%A8%A5%A4%48%B2%A7%B0%CA&h1885=1&pgname=t05st02
2564,https://mops.twse.com.tw/mops/web/t05st02?step=1&off=1&firstin=1&TYPEK=sii&i=199&h1990=%A6%57%B0%61&h1991=1442&h1992=20191224&h1993=162550&h1994=%A4%BD%A7%69%A5%BB%A4%BD%A5%71%AD%AB%AD%6E%A4%48%AD%FB%B2%A7%B0%CA&h1995=5&pgname=t05st02
2573,https://mops.twse.com.tw/mops/web/t05st02?step=1&off=1&firstin=1&TYPEK=otc&i=172&h1720=%A8%C8%B7%E0%B1%64-KY&h1721=6497&h1722=20190930&h1723=203548&h1724=%A5%BB%A4%BD%A5%71%B8%B3%A8%C6%B7%7C%A8%4D%C4%B32017%A6%7E%B2%7B%AA%F7%BC%57%B8%EA%B0%D1%BB%50%B5%6F%A6%E6%AE%FC%A5%7E%A6%73%B0%55%BE%CC%C3%D2%2C%0D%0A%B8%EA%AA%F7%A5%CE%B3%7E%C5%DC%A7%F3%AC%DB%C3%F6%A8%C6%A9%79&h1725=10&pgname=t05st02
2581,https://mops.twse.com.tw/mops/web/t05st02?step=1&off=1&firstin=1&TYPEK=sii&i=128&h1280=%A5%78%BA%61&h1281=1220&h1282=20190715&h1283=170750&h1284=%A5%4E%AD%AB%AD%6E%A4%6C%A4%BD%A5%71%A5%DD%BA%61%B2%A3%B7%7E%AA%D1%A5%F7%A6%B3%AD%AD%A4%BD%A5%71%A4%BD%A7%69%C1%7B%AE%C9%B8%B3%A8%C6%B7%7C%0D%0A%B1%C0%BF%EF%B3%71%B9%4C%B8%B3%A8%C6%AA%F8%C4%F2%A5%F4%A8%C6%A9%79&h1285=4&pgname=t05st02
2584,https://mops.twse.com.tw/mops/web/t05st02?step=1&off=1&firstin=1&TYPEK=sii&i=99&h990=%AB%6E%AB%D2&h991=2108&h992=20191101&h993=115357&h994=%A5%4E%AD%AB%AD%6E%A4%6C%A4%BD%A5%71--%C2%ED%A6%BF%AB%6E%AB%D2%A4%C6%A4%75%A6%B3%AD%AD%A4%BD%A5%71%A4%BD%A7%69%B7%73%A5%F4%B8%B3%A8%C6%AA%F8%AE%D7%A1%43&h995=1&pgname=t05st02
2589,https://mops.twse.com.tw/mops/web/t05st02?step=1&off=1&firstin=1&TYPEK=otc&i=403&h4030=%A6%58%B4%49-KY&h4031=4745&h4032=20191112&h4033=171933&h4034=%A5%4E%AD%AB%AD%6E%A4%6C%A4%BD%A5%71%A6%58%B4%49%28%A4%A4%B0%EA%29%C2%E5%C0%F8%AC%EC%A7%DE%AA%D1%A5%F7%A6%B3%AD%AD%A4%BD%A5%71%A4%BD%A7%69%0D%0A%BC%57%BF%EF%BF%57%A5%DF%B8%B3%A8%C6&h4035=1&pgname=t05st02
2603,https://mops.twse.com.tw/mops/web/t05st02?step=1&off=1&firstin=1&TYPEK=otc&i=196&h1960=%A5%FA%BE%65&h1961=3624&h1962=20190711&h1963=174545&h1964=%A4%BD%A7%69%A5%BB%A4%BD%A5%71%B8%B3%A8%C6%B7%7C%B3%71%B9%4C%C1%60%B8%67%B2%7A%C4%F2%A5%F4%A8%C6%A9%79&h1965=2&pgname=t05st02
2627,https://mops.twse.com.tw/mops/web/t05st02?step=1&off=1&firstin=1&TYPEK=sii&i=42&h420=%A8%C8%A4%D3%B9%71%AB%48&h421=3682&h422=20190909&h423=141659&h424=%A4%BD%A7%69%A5%BB%A4%BD%A5%71%B0%5D%B0%C8%A5%44%BA%DE%B2%A7%B0%CA&h425=1&pgname=t05st02
2640,https://mops.twse.com.tw/mops/web/t05st02?step=1&off=1&firstin=1&TYPEK=otc&i=77&h770=%A4%A4%B0%EA%B1%B4%B0%77&h771=6217&h772=20190725&h773=142621&h774=%A4%BD%A7%69%A5%BB%A4%BD%A5%71%C1%7E%B9%53%A9%65%AD%FB%B2%A7%B0%CA&h775=2&pgname=t05st02
2658,https://mops.twse.com.tw/mops/web/t05st02?step=1&off=1&firstin=1&TYPEK=rotc&i=358&h3580=%A6%F5%BF%B2&h3581=4980&h3582=20190812&h3583=165509&h3584=%A4%BD%A7%69%A5%BB%A4%BD%A5%71%B8%B3%A8%C6%B7%7C%A8%4D%C4%B3%B2%C4%A5%7C%A9%A1%C1%7E%B8%EA%B3%F8%B9%53%A9%65%AD%FB%B7%7C%A9%65%AD%FB&h3585=1&pgname=t05st02
2682,https://mops.twse.com.tw/mops/web/t05st02?step=1&off=1&firstin=1&TYPEK=sii&i=146&h1460=%A4%64%BF%B3&h1461=2025&h1462=20190806&h1463=151906&h1464=%A4%BD%A7%69%A5%BB%A4%BD%A5%71%B0%5D%B0%C8%A5%44%BA%DE%A1%42%B7%7C%AD%70%A5%44%BA%DE%A4%CE%A5%4E%B2%7A%B5%6F%A8%A5%A4%48%B2%A7%B0%CA&h1465=1&pgname=t05st02
2698,https://mops.twse.com.tw/mops/web/t05st02?step=1&off=1&firstin=1&TYPEK=otc&i=165&h1650=%A5%40%BC%77&h1651=2066&h1652=20190930&h1653=181158&h1654=%A4%BD%A7%69%A5%BB%A4%BD%A5%71108%A6%7E08%A4%EB%A5%F7%A6%DB%B5%B2%A6%58%A8%D6%B0%5D%B0%C8%B3%F8%AA%ED%A4%A7%AC%79%B0%CA%A4%F1%B2%76%A1%42%B3%74%B0%CA%0D%0A%A4%F1%B2%76%A4%CE%AD%74%B6%C5%A4%F1%B2%76&h1655=1&pgname=t05st02
2732,https://mops.twse.com.tw/mops/web/t05st02?step=1&off=1&firstin=1&TYPEK=sii&i=293&h2930=%A9%4D%BA%D3&h2931=4938&h2932=20190808&h2933=150517&h2934=%A4%BD%A7%69%A5%BB%A4%BD%A5%71%AD%AB%AD%6E%C0%E7%B9%42%A5%44%BA%DE%C2%BE%B0%C8%BD%D5%BE%E3&h2935=2&pgname=t05st02
2740,https://mops.twse.com.tw/mops/web/t05st02?step=1&off=1&firstin=1&TYPEK=otc&i=217&h2170=%A5%40%C2%D7&h2171=2065&h2172=20190805&h2173=193303&h2174=%A4%BD%A7%69%A5%BB%A4%BD%A5%71%B8%B3%A8%C6%B7%7C%A8%4D%C4%B3%A9%65%A5%F4%B2%C4%A5%7C%A9%A1%C1%7E%B9%53%A9%65%AD%FB%B7%7C%A9%65%AD%FB&h2175=7&pgname=t05st02
2742,https://mops.twse.com.tw/mops/web/t05st02?step=1&off=1&firstin=1&TYPEK=sii&i=386&h3860=TPK-KY&h3861=3673&h3862=20191112&h3863=170914&h3864=%A5%4E%A4%6C%A4%BD%A5%71TPK+Universal+Solutions+Limited%A4%BD%A7%69%0D%0A%A9%D3%BF%D5%A7%EB%B8%EAWise+Road+Industry+Investment+Fund+I%2C+L.P.&h3865=6&pgname=t05st02
2747,https://mops.twse.com.tw/mops/web/t05st02?step=1&off=1&firstin=1&TYPEK=otc&i=244&h2440=%A4%B8%AC%B2&h2441=3089&h2442=20191111&h2443=171149&h2444=%A5%4E%A4%6C%A4%BD%A5%71%A4%BD%A7%69%A6%BF%C4%AC%BB%B7%AA%40%A5%FA%B9%71%AA%D1%A5%F7%A6%B3%AD%AD%A4%BD%A5%71%B8%B3%A8%C6%AA%F8%A4%CE%C1%60%B8%67%B2%7A%0D%0A%B2%A7%B0%CA%A8%C6%A9%79&h2445=1&pgname=t05st02
2748,https://mops.twse.com.tw/mops/web/t05st02?step=1&off=1&firstin=1&TYPEK=sii&i=180&h1800=%A5%FE%B0%EA%B9%71&h1801=6281&h1802=20190812&h1803=152243&h1804=%A4%BD%A7%69%A5%BB%A4%BD%A5%71%B0%5D%B0%C8%BA%5B%B7%7C%AD%70%A5%44%BA%DE%B2%A7%B0%CA&h1805=1&pgname=t05st02
2767,https://mops.twse.com.tw/mops/web/t05st02?step=1&off=1&firstin=1&TYPEK=sii&i=92&h920=%AD%E2%A5%A8&h921=8105&h922=20191021&h923=173357&h924=%A5%4E%AD%AB%AD%6E%A4%6C%A4%BD%A5%71Giantplus+%28Samoa%29+Holding+Co.%2C+LTD.%A4%BD%A7%69%0D%0ASole+Director%2FSecretary%C5%DC%B0%CA&h925=3&pgname=t05st02
2778,https://mops.twse.com.tw/mops/web/t05st02?step=1&off=1&firstin=1&TYPEK=sii&i=98&h980=%B1%64%C1%70-KY&h981=4144&h982=20190719&h983=140924&h984=%A4%BD%A7%69%A5%BB%A4%BD%A5%71%A7%F3%B7%73107%A6%7E%AB%D7%A6%7E%B3%F8%B3%A1%A4%C0%A4%BA%AE%65&h985=1&pgname=t05st02
2780,https://mops.twse.com.tw/mops/web/t05st02?step=1&off=1&firstin=1&TYPEK=otc&i=167&h1670=%B2%CE%AE%B6&h1671=6170&h1672=20190712&h1673=165613&h1674=%B8%C9%A5%52%AD%D7%AD%71%A5%BB%A4%BD%A5%71107%A6%7E%AB%D7%A6%7E%B3%F8%B8%EA%AE%C6&h1675=1&pgname=t05st02
2782,https://mops.twse.com.tw/mops/web/t05st02?step=1&off=1&firstin=1&TYPEK=sii&i=309&h3090=%A4%40%B9%73%A5%7C&h3091=3130&h3092=20190814&h3093=140720&h3094=%A4%BD%A7%69%A5%BB%A4%BD%A5%71%B8%B3%A8%C6%B7%7C%A8%4D%C4%B3%B5%F9%BE%50%A4%77%A6%AC%A6%5E%AD%AD%A8%EE%AD%FB%A4%75%C5%76%A7%51%B7%73%AA%D1&h3095=1&pgname=t05st02
2798,https://mops.twse.com.tw/mops/web/t05st02?step=1&off=1&firstin=1&TYPEK=pub&i=174&h1740=%A6%58%AC%D5&h1741=5298&h1742=20190830&h1743=162544&h1744=%A7%F3%A5%BF%A4%BD%A7%69%A5%BB%A4%BD%A5%71%BA%CA%B9%EE%A4%48%C3%E3%A5%F4&h1745=1&pgname=t05st02
2800,https://mops.twse.com.tw/mops/web/t05st02?step=1&off=1&firstin=1&TYPEK=sii&i=150&h1500=%A6%58%AE%77%AA%F7&h1501=5880&h1502=20190802&h1503=162050&h1504=%A5%4E%A4%6C%A4%BD%A5%71%A6%58%A7%40%AA%F7%AE%77%A4%48%B9%D8%AB%4F%C0%49%AA%D1%A5%F7%A6%B3%AD%AD%A4%BD%A5%71%A4%BD%A7%69%0D%0A%B7%73%A5%F4%C1%60%B8%67%B2%7A%B8%EA%AE%E6%B7%7E%B8%67%AA%F7%BA%DE%B7%7C%AE%D6%AD%E3&h1505=1&pgname=t05st02
2859,https://mops.twse.com.tw/mops/web/t05st02?step=1&off=1&firstin=1&TYPEK=sii&i=32&h320=%A4%64%BF%B3&h321=2025&h322=20190826&h323=134022&h324=%A4%BD%A7%69%A5%BB%A4%BD%A5%71%BF%57%A5%DF%B8%B3%A8%C6%C3%E3%C2%BE&h325=1&pgname=t05st02
2885,https://mops.twse.com.tw/mops/web/t05st02?step=1&off=1&firstin=1&TYPEK=otc&i=113&h1130=%BA%FB%A5%D0&h1131=6570&h1132=20190715&h1133=163125&h1134=%A4%BD%A7%69%AD%D7%AD%71%A5%BB%A4%BD%A5%71107%A6%7E%AB%D7%A6%7E%B3%F8%B3%A1%A4%C0%A4%BA%AE%65%0D%0A%A1%5D%BC%57%A6%43%B8%EA%A6%77%AD%B7%C0%49%B5%FB%A6%F4%A4%C0%AA%52%A4%CE%A8%E4%A6%5D%C0%B3%B1%B9%AC%49%A1%5E&h1135=4&pgname=t05st02
2915,https://mops.twse.com.tw/mops/web/t05st02?step=1&off=1&firstin=1&TYPEK=sii&i=94&h940=%AB%6E%AB%D2&h941=2108&h942=20191029&h943=100823&h944=%A5%4E%AD%AB%AD%6E%A4%6C%A4%BD%A5%71--%C2%ED%A6%BF%AB%6E%AB%D2%A4%C6%A4%75%A6%B3%AD%AD%A4%BD%A5%71%A4%BD%A7%69%B7%73%A5%F4%B8%B3%A8%C6%A4%CE%BA%CA%B9%EE%A4%48&h945=1&pgname=t05st02
2930,https://mops.twse.com.tw/mops/web/t05st02?step=1&off=1&firstin=1&TYPEK=sii&i=735&h7350=%B9%C5%A8%BD%A4%6A%BA%61&h7351=2608&h7352=20190808&h7353=183232&h7354=%A4%BD%A7%69%A5%BB%A4%BD%A5%71%C1%60%B8%67%B2%7A%B2%A7%B0%CA%AE%D7&h7355=3&pgname=t05st02
2933,https://mops.twse.com.tw/mops/web/t05st02?step=1&off=1&firstin=1&TYPEK=rotc&i=95&h950=%A4%CD%AA%51&h951=6583&h952=20190801&h953=134020&h954=%A4%BD%A7%69%A5%BB%A4%BD%A5%71%B0%5D%B0%C8%A1%42%B7%7C%AD%70%A5%44%BA%DE%A4%CE%B5%6F%A8%A5%A4%48%B2%A7%B0%CA&h955=1&pgname=t05st02
2942,https://mops.twse.com.tw/mops/web/t05st02?step=1&off=1&firstin=1&TYPEK=otc&i=83&h830=%A4%CD%BD%F7&h831=4933&h832=20191028&h833=162249&h834=%B8%B3%A8%C6%B7%7C%A8%4D%C4%B3%B5%6F%A6%E6%AD%FB%A4%75%BB%7B%AA%D1%C5%76%BE%CC%C3%D2%A4%BD%A7%69&h835=2&pgname=t05st02
2943,https://mops.twse.com.tw/mops/web/t05st02?step=1&off=1&firstin=1&TYPEK=rotc&i=308&h3080=%A4%5A%A8%C6%B1%64&h3081=7443&h3082=20190807&h3083=165643&h3084=%A4%BD%A7%69%A5%BB%A4%BD%A5%71%A4%BA%B3%A1%BD%5D%AE%D6%A5%44%BA%DE%B7%73%A5%F4&h3085=4&pgname=t05st02
2949,https://mops.twse.com.tw/mops/web/t05st02?step=1&off=1&firstin=1&TYPEK=sii&i=171&h1710=%A5%78%F7%7E%A7%EB%B1%B1&h1711=2636&h1712=20190807&h1713=144549&h1714=%A5%4E%AD%AB%AD%6E%A4%6C%A4%BD%A5%71%A5%78%C6%57%AF%E8%AA%C5%B3%66%B9%42%A9%D3%C5%F3%28%AA%D1%29%A4%BD%A5%71%A4%BD%A7%69%0D%0A%A5%FE%AD%B1%A7%EF%BF%EF%B8%B3%A8%C6%A4%CE%BA%CA%B9%EE%A4%48&h1715=4&pgname=t05st02
2953,https://mops.twse.com.tw/mops/web/t05st02?step=1&off=1&firstin=1&TYPEK=otc&i=159&h1590=%AD%CA%B1%6A%AA%D1%A5%F7&h1591=3219&h1592=20191104&h1593=180019&h1594=%A4%BD%A7%69%A5%BB%A4%BD%A5%71%AA%6B%A4%48%B8%B3%A8%C6%A5%4E%AA%ED%A4%48%C3%E3%A5%F4&h1595=2&pgname=t05st02
2961,https://mops.twse.com.tw/mops/web/t05st02?step=1&off=1&firstin=1&TYPEK=sii&i=126&h1260=%AB%48%A8%B9%B9%71%A4%6C&h1261=3023&h1262=20190731&h1263=144020&h1264=%A5%BB%A4%BD%A5%71%A5%4E%B2%7A%B5%6F%A8%A5%A4%48%C5%DC%A7%F3%A4%BD%A7%69&h1265=1&pgname=t05st02
2974,https://mops.twse.com.tw/mops/web/t05st02?step=1&off=1&firstin=1&TYPEK=sii&i=182&h1820=%A4%54%B6%A7%A4%75%B7%7E&h1821=2206&h1822=20190830&h1823=163245&h1824=%A5%4E%A4%6C%A4%BD%A5%71VMEP%A4%BD%A7%69%B0%5D%B0%C8%A5%44%BA%DE%A4%CE%B7%7C%AD%70%A5%44%BA%DE%B2%A7%B0%CA&h1825=1&pgname=t05st02
2977,https://mops.twse.com.tw/mops/web/t05st02?step=1&off=1&firstin=1&TYPEK=sii&i=466&h4660=%B6%EA%AE%69&h4661=3669&h4662=20190807&h4663=180606&h4664=%A4%BD%A7%69%A5%BB%A4%BD%A5%71%B8%B3%A8%C6%B7%7C%A9%65%A5%F4%C1%60%B8%67%B2%7A&h4665=2&pgname=t05st02
2979,https://mops.twse.com.tw/mops/web/t05st02?step=1&off=1&firstin=1&TYPEK=sii&i=146&h1460=%A8%CE%A9%4D&h1461=1449&h1462=20191209&h1463=192731&h1464=%A5%4E%A4%6C%A4%BD%A5%71%B2%72%B4%A7%C0%E7%B3%79%28%AA%D1%29%A4%BD%A5%71%A4%BD%A7%69%AA%6B%A4%48%B8%B3%A8%C6%C3%E3%C2%BE&h1465=2&pgname=t05st02
3065,https://mops.twse.com.tw/mops/web/t05st02?step=1&off=1&firstin=1&TYPEK=sii&i=54&h540=jpp-KY&h541=5284&h542=20190918&h543=150451&h544=%A5%4E%AD%AB%AD%6E%A4%6C%A4%BD%A5%71Jinpao+Precision+Industry+Co.%2C+Ltd.%0D%0A%A4%BD%A7%69%B7%7C%AD%70%A5%44%BA%DE%B2%A7%B0%CA&h545=3&pgname=t05st02
3073,https://mops.twse.com.tw/mops/web/t05st02?step=1&off=1&firstin=1&TYPEK=otc&i=106&h1060=%A4%57%B8%E0&h1061=3363&h1062=20190729&h1063=173323&h1064=%A4%BD%A7%69%A5%BB%A4%BD%A5%71%B8%B3%A8%C6%C3%E3%A5%F4&h1065=1&pgname=t05st02
3080,https://mops.twse.com.tw/mops/web/t05st02?step=1&off=1&firstin=1&TYPEK=sii&i=190&h1900=%A6%50%AE%F5%B9%71%A4%6C&h1901=3321&h1902=20190822&h1903=191043&h1904=%A4%BD%A7%69%A5%BB%A4%BD%A5%71%B0%F5%A6%E6%AA%F8%A4%CE%C1%60%B8%67%B2%7A%B2%A7%B0%CA&h1905=1&pgname=t05st02
3146,https://mops.twse.com.tw/mops/web/t05st02?step=1&off=1&firstin=1&TYPEK=sii&i=64&h640=%A5%78%B6%EC%A5%DB%A4%C6&h641=6505&h642=20190710&h643=133824&h644=%A4%BD%A7%69%A5%BB%A4%BD%A5%712019%A6%7E%B2%C42%A9%75%A6%DB%B5%B2%A6%58%A8%D6%B7%6C%AF%71&h645=3&pgname=t05st02
3205,https://mops.twse.com.tw/mops/web/t05st02?step=1&off=1&firstin=1&TYPEK=otc&i=168&h1680=%A8%CE%C1%60&h1681=5355&h1682=20190827&h1683=184839&h1684=%A4%BD%A7%69%A5%BB%A4%BD%A5%71%B8%B3%A8%C6%AA%F8%B8%D1%A5%F4%A8%C6%A9%79&h1685=3&pgname=t05st02
3233,https://mops.twse.com.tw/mops/web/t05st02?step=1&off=1&firstin=1&TYPEK=sii&i=115&h1150=jpp-KY&h1151=5284&h1152=20191126&h1153=161845&h1154=%A4%BD%A7%69%A5%BB%A4%BD%A5%71%B5%6F%A6%E6%A4%A4%B5%D8%A5%C1%B0%EA%B9%D2%A4%BA%B2%C4%A4%47%A6%B8%B5%4C%BE%E1%AB%4F%C2%E0%B4%AB%A4%BD%A5%71%B6%C5%0D%0A%A6%AC%A8%AC%C0%B3%B6%D2%BB%F9%B4%DA&h1155=1&pgname=t05st02
3235,https://mops.twse.com.tw/mops/web/t05st02?step=1&off=1&firstin=1&TYPEK=otc&i=337&h3370=%AD%BF%B7%4C%AC%EC%A7%DE&h3371=6270&h3372=20190807&h3373=170905&h3374=%A4%BD%A7%69%A5%BB%A4%BD%A5%71%C1%7E%B9%53%A9%65%AD%FB%B7%7C%A9%65%AD%FB%A5%F4%B4%C1%A9%A1%BA%A1%A7%EF%BF%EF&h3375=3&pgname=t05st02
3270,https://mops.twse.com.tw/mops/web/t05st02?step=1&off=1&firstin=1&TYPEK=sii&i=168&h1680=%BB%F5%AE%F5&h1681=1616&h1682=20190812&h1683=151521&h1684=%A4%BD%A7%69%A5%BB%A4%BD%A5%71%C1%60%B8%67%B2%7A%B2%A7%B0%CA&h1685=1&pgname=t05st02
3290,https://mops.twse.com.tw/mops/web/t05st02?step=1&off=1&firstin=1&TYPEK=otc&i=359&h3590=%A4%57%B8%E0&h3591=3363&h3592=20190808&h3593=154814&h3594=%A5%BB%A4%BD%A5%71%B8%B3%A8%C6%B7%7C%A8%4D%C4%B3%A5%6C%B6%7D108%A6%7E%B2%C4%A4%40%A6%B8%AA%D1%AA%46%C1%7B%AE%C9%B7%7C&h3595=5&pgname=t05st02
3296,https://mops.twse.com.tw/mops/web/t05st02?step=1&off=1&firstin=1&TYPEK=sii&i=305&h3050=%A4%A4%AB%48%AA%F7&h3051=2891&h3052=20191231&h3053=175840&h3054=%A5%4E%A4%6C%A4%BD%A5%71%A5%78%B9%D8%AB%4F%B2%A3%AA%AB%AB%4F%C0%49%AA%D1%A5%F7%A6%B3%AD%AD%A4%BD%A5%71%A4%BD%A7%69%BC%66%AD%70%A9%65%AD%FB%B7%7C%0D%0A%A6%A8%AD%FB%B2%A7%B0%CA&h3055=2&pgname=t05st02
3316,https://mops.twse.com.tw/mops/web/t05st02?step=1&off=1&firstin=1&TYPEK=sii&i=30&h300=%B0%EA%BB%DA%A4%A4%BE%F3&h301=2104&h302=20191223&h303=144631&h304=%A5%4E%A4%6C%A4%BD%A5%71%A5%78%AA%64%B4%60%C0%F4%AF%E0%B7%BD%AC%EC%A7%DE%AA%D1%A5%F7%A6%B3%AD%AD%A4%BD%A5%71%A4%BD%A7%69%B8%B3%A8%C6%B7%7C%A8%4D%C4%B3%B8%75%0D%0A%A5%F4%C1%60%B8%67%B2%7A%AE%D7&h305=1&pgname=t05st02
3319,https://mops.twse.com.tw/mops/web/t05st02?step=1&off=1&firstin=1&TYPEK=otc&i=105&h1050=VHQ-KY&h1051=4803&h1052=20190827&h1053=161103&h1054=%A5%4E%A4%6C%A4%BD%A5%71VHQ+DIGITAL+MEDIA+LIMITED%0D%0A%A4%BD%A7%69%BC%57%B8%EA%A4%6C%A4%BD%A5%71VHQ+HONG+KONG+HOLDINGS+LIMITED&h1055=1&pgname=t05st02
3325,https://mops.twse.com.tw/mops/web/t05st02?step=1&off=1&firstin=1&TYPEK=sii&i=131&h1310=%B3%D0%B7%4E%B9%71%A4%6C&h1311=3443&h1312=20190801&h1313=154056&h1314=%A5%BB%A4%BD%A5%71%B8%B3%A8%C6%B7%7C%B3%71%B9%4C%A4%BA%B3%A1%BD%5D%AE%D6%A5%44%BA%DE%B2%A7%B0%CA%B0%6C%BB%7B%AE%D7&h1315=2&pgname=t05st02
3326,https://mops.twse.com.tw/mops/web/t05st02?step=1&off=1&firstin=1&TYPEK=sii&i=125&h1250=%A5%FC%C2%D7%AA%F7&h1251=2886&h1252=20190909&h1253=172719&h1254=%A4%BD%A7%69%A5%BB%A4%BD%A5%71%B8%B3%A8%C6%B2%A7%B0%CA%AE%D7&h1255=1&pgname=t05st02
3395,https://mops.twse.com.tw/mops/web/t05st02?step=1&off=1&firstin=1&TYPEK=otc&i=119&h1190=%B3%CD%BA%D3%AC%EC%A7%DE&h1191=8059&h1192=20190829&h1193=160234&h1194=%A5%BB%A4%BD%A5%71%B8%B3%A8%C6%B7%7C%B3%71%B9%4C%AD%D7%AD%71108%A6%7E%AD%FB%A4%75%BB%7B%AA%D1%C5%76%BE%CC%C3%D2%B5%6F%A6%E6%A4%CE%BB%7B%AA%D1%BF%EC%AA%6B&h1195=1&pgname=t05st02
3406,https://mops.twse.com.tw/mops/web/t05st02?step=1&off=1&firstin=1&TYPEK=sii&i=194&h1940=GIS-KY&h1941=6456&h1942=20190805&h1943=183955&h1944=%A5%BB%A4%BD%A5%71%B9%EF%A4%6C%A4%BD%A5%71General+Interface+Solution+Limited%0D%0A%AD%49%AE%D1%AB%4F%C3%D2%A4%BD%A7%69&h1945=3&pgname=t05st02
3411,https://mops.twse.com.tw/mops/web/t05st02?step=1&off=1&firstin=1&TYPEK=otc&i=78&h780=%A8%CE%A8%B9&h781=6284&h782=20190926&h783=151119&h784=%A4%BD%A7%69%A5%BB%A4%BD%A5%71%B8%B3%A8%C6%B7%7C%AD%71%A9%77%B4%EE%B8%EA%B0%F2%B7%C7%A4%E9%A1%42%B4%AB%AA%D1%A7%40%B7%7E%AD%70%B5%65%AE%D1%A4%CE%B4%EE%B8%EA%0D%0A%B4%AB%B5%6F%AA%D1%B2%BC%B0%F2%B7%C7%A4%E9%B5%A5%AC%DB%C3%F6%A8%C6%A9%79&h785=1&pgname=t05st02
3421,https://mops.twse.com.tw/mops/web/t05st02?step=1&off=1&firstin=1&TYPEK=sii&i=48&h480=%A5%78%AB%6E-KY&h481=5906&h482=20191216&h483=160007&h484=%A5%4E%A4%6C%A4%BD%A5%71%AB%61%B9%C5%28%A4%57%AE%FC%29%AA%41%B9%A2%A6%B3%AD%AD%A4%BD%A5%71%A4%BD%A7%69%B4%A3%AB%65%B2%D7%A4%EE%A5%4E%B2%7A%0D%0A%C1%FA%B0%EA%AB%7E%B5%50VOICE+OF+VOICES&h485=1&pgname=t05st02
3455,https://mops.twse.com.tw/mops/web/t05st02?step=1&off=1&firstin=1&TYPEK=sii&i=79&h790=%A9%4D%A6%A8&h791=1810&h792=20190726&h793=110122&h794=%A5%4E%AD%AB%AD%6E%A4%6C%A4%BD%A5%71%BB%A8%A4%68%A6%68%AA%D1%A5%F7%A6%B3%AD%AD%A4%BD%A5%71%A4%BD%A7%69%C1%60%B8%67%B2%7A%C4%F2%B8%75%A8%C6%A9%79&h795=2&pgname=t05st02
3463,https://mops.twse.com.tw/mops/web/t05st02?step=1&off=1&firstin=1&TYPEK=rotc&i=116&h1160=%A4%54%B0%D3%AE%61%C1%CA&h1161=2945&h1162=20190829&h1163=155119&h1164=%A4%BD%A7%69108%A6%7E07%A4%EB%A5%F7%A6%DB%B5%B2%B0%5D%B0%C8%B3%F8%A7%69%A4%A7%AD%74%B6%C5%A4%F1%B2%76%A1%42%AC%79%B0%CA%A4%F1%B2%76%A4%CE%0D%0A%B3%74%B0%CA%A4%F1%B2%76&h1165=1&pgname=t05st02
3481,https://mops.twse.com.tw/mops/web/t05st02?step=1&off=1&firstin=1&TYPEK=sii&i=114&h1140=%A4%54%AA%DA&h1141=1307&h1142=20191107&h1143=145015&h1144=%A5%4E%A4%6C%A4%BD%A5%71San+Fang+International%0D%0AEnterprises+Limited+%A4%CEBrave+Business%0D%0AHolding+Limited%A4%BD%A7%69%C5%DC%A7%F3%B8%B3%A8%C6&h1145=3&pgname=t05st02
3521,https://mops.twse.com.tw/mops/web/t05st02?step=1&off=1&firstin=1&TYPEK=sii&i=101&h1010=%A4%6A%B2%B3%B1%B1&h1011=3701&h1012=20191101&h1013=134319&h1014=%A5%4E%A4%6C%A4%BD%A5%71%BC%73%A4%57%AC%EC%A7%DE%28%BC%73%A6%7B%29%A6%B3%AD%AD%A4%BD%A5%71%A4%BD%A7%69%B8%B3%A8%C6%A4%54%A4%C0%A4%A7%A4%40%A5%48%A4%57%C5%DC%B0%CA&h1015=1&pgname=t05st02
3562,https://mops.twse.com.tw/mops/web/t05st02?step=1&off=1&firstin=1&TYPEK=otc&i=479&h4790=%A4%57%B4%AD%AC%EC%A7%DE&h4791=6222&h4792=20190813&h4793=161308&h4794=%A4%BD%A7%69108%A6%7E%A5%BB%A4%BD%A5%71%B8%B3%A8%C6%B7%7C%A8%4D%C4%B3%A5%6C%B6%7D%AA%D1%AA%46%C1%7B%AE%C9%B7%7C%AC%DB%C3%F6%A8%C6%A9%79&h4795=3&pgname=t05st02
3576,https://mops.twse.com.tw/mops/web/t05st02?step=1&off=1&firstin=1&TYPEK=sii&i=105&h1050=%A4%A4%BA%D2&h1051=1723&h1052=20191029&h1053=131913&h1054=%A4%A4%BF%FB%A4%BD%A5%71%A7%EF%AC%A3%AA%6B%A4%48%B8%B3%A8%C6%A5%4E%AA%ED%A4%48&h1055=1&pgname=t05st02
3590,https://mops.twse.com.tw/mops/web/t05st02?step=1&off=1&firstin=1&TYPEK=sii&i=633&h6330=%A4%54%AA%DA%A4%C6%A4%75&h6331=1307&h6332=20190808&h6333=173742&h6334=%A5%4E%A4%6C%A4%BD%A5%71%A8%A9%B9%46%A5%FD%B6%69%A7%F7%AE%C6%AA%D1%A5%F7%A6%B3%AD%AD%A4%BD%A5%71%A4%CE%BA%D6%B1%B1%BA%EB%B1%4B%A7%F7%AE%C6%AA%D1%A5%F7%A6%B3%AD%AD%A4%BD%A5%71%0D%0A%A4%BD%A7%69%A6%58%A8%D6%AE%D7&h6335=1&pgname=t05st02
3639,https://mops.twse.com.tw/mops/web/t05st02?step=1&off=1&firstin=1&TYPEK=sii&i=374&h3740=TPK-KY&h3741=3673&h3742=20191112&h3743=170726&h3744=%A4%6C%A4%BD%A5%71%AE%66%C2%45%A5%FA%B9%71%AC%EC%A7%DE%AA%D1%A5%F7%A6%B3%AD%AD%A4%BD%A5%71%B9%EF%0D%0A%A4%6C%A4%BD%A5%71TPK+Universal+Solutions+Limited%0D%0A%AC%FC%A4%B82000%B8%55%A4%A7%B8%EA%AA%F7%B6%55%BB%50%AE%D7%28%B2%C5%A6%58%B2%C4%A4%40%B6%B5%B2%C4%A4%47%A1%42%A4%54%B4%DA%29&h3745=5&pgname=t05st02
3663,https://mops.twse.com.tw/mops/web/t05st02?step=1&off=1&firstin=1&TYPEK=rotc&i=206&h2060=ABC-KY&h2061=6598&h2062=20191218&h2063=175209&h2064=%A4%BD%A7%69%A5%BB%A4%BD%A5%71108%A6%7E%B2%C4%A4%47%A6%B8%AB%D7%B2%7B%AA%F7%BC%57%B8%EA%A6%AC%A8%AC%AA%D1%B4%DA%BA%5B%BC%57%B8%EA%B0%F2%B7%C7%A4%E9&h2065=3&pgname=t05st02
3698,https://mops.twse.com.tw/mops/web/t05st02?step=1&off=1&firstin=1&TYPEK=sii&i=485&h4850=%A4%54%B0%D3%AC%FC%A8%B9&h4851=2867&h4852=20190813&h4853=161854&h4854=%A4%BD%A7%69%A5%BB%A4%BD%A5%71%B8%B3%A8%C6%B7%7C%A8%4D%C4%B3%B3%71%B9%4C%A7%EB%B8%EA%AA%F8%B2%A7%B0%CA%AE%D7&h4855=1&pgname=t05st02
3713,https://mops.twse.com.tw/mops/web/t05st02?step=1&off=1&firstin=1&TYPEK=otc&i=232&h2320=%A4%54%B6%EA&h2321=4416&h2322=20191219&h2323=183642&h2324=%A5%4E%A4%6C%A4%BD%A5%71%A4%54%B6%EA%AB%D8%B3%5D%28%AB%43%AE%71%29%B6%7D%B5%6F%A6%B3%AD%AD%A4%BD%A5%71%A4%BD%A7%69%B8%B3%A8%C6%AA%F8%B2%A7%B0%CA%A8%C6%A9%79&h2325=7&pgname=t05st02
3715,https://mops.twse.com.tw/mops/web/t05st02?step=1&off=1&firstin=1&TYPEK=rotc&i=544&h5440=ABC-KY&h5441=6598&h5442=20190812&h5443=175120&h5444=%A4%BD%A7%69%A5%BB%A4%BD%A5%71%B7%7C%AD%70%A5%44%BA%DE%A4%CE%A4%BA%B3%A1%BD%5D%AE%D6%A5%44%BA%DE%A1%5D%BC%C8%A5%4E%A1%5E%B2%A7%B0%CA&h5445=1&pgname=t05st02
3725,https://mops.twse.com.tw/mops/web/t05st02?step=1&off=1&firstin=1&TYPEK=pub&i=128&h1280=%A6%57%B6%57&h1281=4548&h1282=20191227&h1283=111951&h1284=%A5%BB%A4%BD%A5%71108%A6%7E%B2%C4%A4%40%A6%B8%AA%D1%AA%46%C1%7B%AE%C9%B7%7C%B8%C9%BF%EF%BF%57%A5%DF%B8%B3%A8%C6%0D%0A%A5%42%BF%57%A5%DF%B8%B3%A8%C6%C5%DC%B0%CA%B9%46%A4%54%A4%C0%A4%A7%A4%40&h1285=2&pgname=t05st02
3735,https://mops.twse.com.tw/mops/web/t05st02?step=1&off=1&firstin=1&TYPEK=sii&i=372&h3720=%AB%70%A5%CD&h3721=2107&h3722=20190809&h3723=164232&h3724=%A5%4E%A4%6C%A4%BD%A5%71%AA%4F%AB%D8%B6%7D%B5%6F%AA%D1%A5%F7%A6%B3%AD%AD%A4%BD%A5%71%A4%BD%A7%69%A4%BA%B3%A1%BD%5D%AE%D6%A5%44%BA%DE%B2%A7%B0%CA%A1%43&h3725=2&pgname=t05st02
3755,https://mops.twse.com.tw/mops/web/t05st02?step=1&off=1&firstin=1&TYPEK=sii&i=133&h1330=%A4%A4%BF%FB&h1331=2002&h1332=20191218&h1333=154858&h1334=%A5%4E%A4%6C%A4%BD%A5%71%A4%A4%C0%73%BF%FB%C5%4B%A4%BD%A5%71%A4%BD%A7%69%B7%7E%B0%C8%B3%A1%AA%F9%A7%55%B2%7A%B0%C6%C1%60%B8%67%B2%7A%BA%5B%0D%0A%A5%4E%B2%7A%B5%6F%A8%A5%A4%48%C5%DC%B0%CA&h1335=1&pgname=t05st02
3760,https://mops.twse.com.tw/mops/web/t05st02?step=1&off=1&firstin=1&TYPEK=otc&i=221&h2210=%A4%54%B6%EA&h2211=4416&h2212=20191129&h2213=170406&h2214=%A4%BD%A7%69%A5%BB%A4%BD%A5%71%B8%B3%A8%C6%B7%7C%B3%71%B9%4C%A8%FA%AE%F8%B7%73%A5%5F%A5%AB%A6%C1%A4%EE%B0%CF%A4%F4%B7%BD%AC%711076-1%A1%42%0D%0A1083...%B5%A54%B5%A7%A6%61%B8%B9%A6%ED%A6%76%A4%6A%BC%D3%C0%E7%AB%D8%A4%75%B5%7B%A9%D3%C5%F3%AE%D7%A1%43&h2215=4&pgname=t05st02
3790,https://mops.twse.com.tw/mops/web/t05st02?step=1&off=1&firstin=1&TYPEK=sii&i=211&h2110=%A4%A4%AB%48%AA%F7&h2111=2891&h2112=20190725&h2113=192945&h2114=%A5%4E%B5%E1%AB%DF%BB%AB%A4%6C%A4%BD%A5%71CTBC+Bank+%28Philippines%29+Corp.%A4%BD%A7%69%0D%0A%C1%60%B8%67%B2%7A%BF%EF%A5%F4&h2115=5&pgname=t05st02
3791,https://mops.twse.com.tw/mops/web/t05st02?step=1&off=1&firstin=1&TYPEK=sii&i=102&h1020=%A8%CA%B9%A9&h1021=3413&h1022=20190823&h1023=151418&h1024=%A4%BD%A7%69%A5%BB%A4%BD%A5%71%B8%B3%A8%C6%B7%7C%A8%4D%C4%B3%B3%71%B9%4C%B3%5D%B8%6D%A4%BD%A5%71%AA%76%B2%7A%A5%44%BA%DE&h1025=1&pgname=t05st02
3793,https://mops.twse.com.tw/mops/web/t05st02?step=1&off=1&firstin=1&TYPEK=otc&i=114&h1140=%A4%54%B6%EA&h1141=4416&h1142=20190829&h1143=154025&h1144=%A4%BD%A7%69%A5%BB%A4%BD%A5%71108%A6%7E07%A4%EB%A5%F7%A6%DB%B5%B2%A6%58%A8%D6%B0%5D%B0%C8%B3%F8%A7%69%A4%A7%AC%79%B0%CA%A4%F1%B2%76%0D%0A%A1%42%B3%74%B0%CA%A4%F1%B2%76%A4%CE%AD%74%B6%C5%A4%F1%B2%76&h1145=1&pgname=t05st02
3851,https://mops.twse.com.tw/mops/web/t05st02?step=1&off=1&firstin=1&TYPEK=otc&i=114&h1140=%A8%C8%B7%E0%B1%64-KY&h1141=6497&h1142=20190726&h1143=150203&h1144=%A4%BD%A7%69%A5%BB%A4%BD%A5%71%BF%EF%A5%F4%B8%B3%A8%C6%AA%F8%AE%D7&h1145=1&pgname=t05st02
3893,https://mops.twse.com.tw/mops/web/t05st02?step=1&off=1&firstin=1&TYPEK=sii&i=128&h1280=%A4%A4%C2%64&h1281=2613&h1282=20190712&h1283=153654&h1284=%A4%BD%A7%69%A5%BB%A4%BD%A5%71%A4%BA%B3%A1%BD%5D%AE%D6%A5%44%BA%DE%B2%A7%B0%CA&h1285=3&pgname=t05st02
3898,https://mops.twse.com.tw/mops/web/t05st02?step=1&off=1&firstin=1&TYPEK=sii&i=144&h1440=%A4%A4%AB%48%AA%F7&h1441=2891&h1442=20190712&h1443=161600&h1444=%A4%BD%A7%69%A4%6C%A4%BD%A5%71CTBC+Bank+%28Philippines%29+Corp.%C1%60%B8%67%B2%7A%B2%A7%B0%CA%AE%D7&h1445=2&pgname=t05st02
3906,https://mops.twse.com.tw/mops/web/t05st02?step=1&off=1&firstin=1&TYPEK=sii&i=195&h1950=%A5%FE%A4%CD&h1951=2305&h1952=20191107&h1953=161305&h1954=%A4%BD%A7%69%A5%BB%A4%BD%A5%71%A8%C6%B7%7E%B3%E6%A6%EC%C1%60%B8%67%B2%7A%B8%75%A5%F4&h1955=2&pgname=t05st02
3920,https://mops.twse.com.tw/mops/web/t05st02?step=1&off=1&firstin=1&TYPEK=otc&i=153&h1530=%AD%DC%A9%4D&h1531=6538&h1532=20191114&h1533=133451&h1534=%A5%BB%A4%BD%A5%71%B8%B3%A8%C6%B7%7C%A8%4D%C4%B3%A4%BA%B3%A1%BD%5D%AE%D6%A5%44%BA%DE%A5%F4%A9%52%AE%D7&h1535=2&pgname=t05st02
3937,https://mops.twse.com.tw/mops/web/t05st02?step=1&off=1&firstin=1&TYPEK=sii&i=651&h6510=TPK-KY&h6511=3673&h6512=20190813&h6513=175745&h6514=%A4%6C%A4%BD%A5%71%AE%66%C2%45%AC%EC%A7%DE%28%B7%48%AA%F9%29%A6%B3%AD%AD%A4%BD%A5%71%B9%EF%A4%6C%A4%BD%A5%71%B2%BB%B9%46%A5%FA%BE%C7%28%B7%48%AA%F9%29%A6%B3%AD%AD%A4%BD%A5%71%0D%0A%AC%FC%A4%B810000%B8%55%A4%A7%B8%EA%AA%F7%B6%55%BB%50%AE%D7%28%B2%C5%A6%58%B2%C4%A4%40%B6%B5%B2%C4%A4%47%A1%42%A4%54%B4%DA%29&h6515=9&pgname=t05st02
3964,https://mops.twse.com.tw/mops/web/t05st02?step=1&off=1&firstin=1&TYPEK=otc&i=81&h810=M31&h811=6643&h812=20191104&h813=162958&h814=%A4%BD%A7%69%A5%BB%A4%BD%A5%71%B8%B3%A8%C6%B7%7C%B3%71%B9%4C108%A6%7E%B2%C42%A9%75%A6%58%A8%D6%B0%5D%B0%C8%B3%F8%AA%ED&h815=2&pgname=t05st02
3965,https://mops.twse.com.tw/mops/web/t05st02?step=1&off=1&firstin=1&TYPEK=rotc&i=432&h4320=%A5%FA%AC%EA%B0%EA%BB%DA&h4321=6595&h4322=20190814&h4323=172745&h4324=%A4%BD%A7%69%A5%BB%A4%BD%A5%71%B8%B3%A8%C6%B7%7C%B3%71%B9%4C%B7%73%A5%F4%B7%7C%AD%70%A5%44%BA%DE%B0%6C%A5%F4%AE%D7&h4325=4&pgname=t05st02
4005,https://mops.twse.com.tw/mops/web/t05st02?step=1&off=1&firstin=1&TYPEK=sii&i=25&h250=%AB%6E%B4%E4%BD%FC%AD%4C&h251=2101&h252=20190916&h253=112313&h254=%A5%4E%A4%6C%A4%BD%A5%71-%AB%6E%BA%61%B6%7D%B5%6F%AB%D8%BF%76%28%AA%D1%29%A4%BD%A5%71%B8%B3%A8%C6%B7%7C%B1%C0%BF%EF%0D%0A%B1%69%A9%F7%A5%AD%A5%FD%A5%CD%AC%B0%B7%73%A5%F4%B8%B3%A8%C6%AA%F8.&h255=4&pgname=t05st02
4037,https://mops.twse.com.tw/mops/web/t05st02?step=1&off=1&firstin=1&TYPEK=sii&i=134&h1340=%A4%A4%AB%48%AA%F7&h1341=2891&h1342=20190816&h1343=164003&h1344=%A4%A4%AB%48%AA%F7%A5%4E%A4%6C%A4%BD%A5%71%A4%A4%B0%EA%AB%48%B0%55%C3%D2%A8%E9%A7%EB%B8%EA%AB%48%B0%55%28%AA%D1%29%A4%BD%A5%71%0D%0A%A4%BD%A7%69%BF%EC%B2%7A%B4%EE%B8%EA%AB%E1%C4%F2%A8%C6%A9%79&h1345=2&pgname=t05st02
4042,https://mops.twse.com.tw/mops/web/t05st02?step=1&off=1&firstin=1&TYPEK=sii&i=268&h2680=%A5%78%B2%EE%A4%BD%A5%71&h2681=2208&h2682=20190809&h2683=142617&h2684=%A4%BD%A7%69%A5%BB%A4%BD%A5%71%B2%C4%A5%7C%A9%A1%C1%7E%B9%53%A9%65%AD%FB%B7%7C%B7%73%A5%F4%A9%65%AD%FB%A1%43&h2685=1&pgname=t05st02
4046,https://mops.twse.com.tw/mops/web/t05st02?step=1&off=1&firstin=1&TYPEK=sii&i=119&h1190=%A4%54%AC%76%AF%BC&h1191=1472&h1192=20190806&h1193=141238&h1194=%A4%BD%A7%69%A5%BB%A4%BD%A5%71%AD%AB%AD%6E%C0%E7%B9%42%A5%44%BA%DE%B2%A7%B0%CA&h1195=1&pgname=t05st02
4097,https://mops.twse.com.tw/mops/web/t05st02?step=1&off=1&firstin=1&TYPEK=otc&i=82&h820=%A4%57%B8%E0&h821=3363&h822=20190930&h823=140002&h824=%A4%BD%A7%69%A5%BB%A4%BD%A5%71%B8%C9%BF%EF%BF%57%A5%DF%B8%B3%A8%C6%B7%ED%BF%EF%A6%57%B3%E6&h825=2&pgname=t05st02
4146,https://mops.twse.com.tw/mops/web/t05st02?step=1&off=1&firstin=1&TYPEK=sii&i=402&h4020=%A4%51%BB%CD&h4021=4967&h4022=20190808&h4023=161231&h4024=%28%A7%F3%A5%BF-%C3%E3%A5%F4%A5%CD%AE%C4%A4%E9%29%A4%BD%A7%69%A5%BB%A4%BD%A5%71%C1%7E%B9%53%A9%65%AD%FB%B7%7C%A9%65%AD%FB%B2%A7%B0%CA%A8%C6%A9%79&h4025=1&pgname=t05st02
4162,https://mops.twse.com.tw/mops/web/t05st02?step=1&off=1&firstin=1&TYPEK=sii&i=140&h1400=%A4%A4%AF%B2-KY&h1401=5871&h1402=20191029&h1403=161859&h1404=%A5%4E%A4%6C%A4%BD%A5%71%A4%A4%AF%B2%AD%7D%A9%4D%AA%D1%A5%F7%A6%B3%AD%AD%A4%BD%A5%71%A4%BD%A7%69%A8%E4%B8%B3%A8%C6%B7%7C%BF%EF%A5%F4%0D%0A%B3%AF%BB%F1%C0%73%A5%FD%A5%CD%AC%B0%B8%B3%A8%C6%AA%F8&h1405=2&pgname=t05st02
4171,https://mops.twse.com.tw/mops/web/t05st02?step=1&off=1&firstin=1&TYPEK=sii&i=323&h3230=jpp-KY&h3231=5284&h3232=20191112&h3233=164059&h3234=%A4%BD%A7%69%A5%BB%A4%BD%A5%71108%A6%7E%B2%7B%AA%F7%BC%57%B8%EA%BB%7B%AA%D1%B0%F2%B7%C7%A4%E9%A4%CE%A8%E4%A5%4C%AC%DB%C3%F6%A8%C6%A9%79&h3235=1&pgname=t05st02
4178,https://mops.twse.com.tw/mops/web/t05st02?step=1&off=1&firstin=1&TYPEK=otc&i=216&h2160=%A4%54%B6%EA&h2161=4416&h2162=20191129&h2163=170114&h2164=%A4%BD%A7%69%A5%BB%A4%BD%A5%71%B8%B3%A8%C6%B7%7C%B3%71%B9%4C%B2%D7%A4%EE%BB%50%A9%FA%BD%6E%AB%D8%B3%5D%AA%D1%A5%F7%A6%B3%AD%AD%A4%BD%A5%71%A5%48%A6%40%A6%50%A7%EB%0D%0A%B8%EA%BF%B3%AB%D8%A4%E8%A6%A1%A9%D2%C3%B1%AD%71%A4%A7%A6%58%AB%D8%A4%C0%B0%E2%AB%B4%AC%F9%AE%D7%A1%43&h2165=1&pgname=t05st02
4209,https://mops.twse.com.tw/mops/web/t05st02?step=1&off=1&firstin=1&TYPEK=pub&i=119&h1190=%A8%C8%AA%47%A5%CD%C2%E5&h1191=6748&h1192=20191101&h1193=144552&h1194=%A4%BD%A7%69%A5%BB%A4%BD%A5%71%B5%6F%A8%A5%A4%48%A1%42%B0%5D%B0%C8%A5%44%BA%DE%BA%5B%B7%7C%AD%70%A5%44%BA%DE%B2%A7%B0%CA%AC%DB%C3%F6%A8%C6%A9%79&h1195=1&pgname=t05st02
4235,https://mops.twse.com.tw/mops/web/t05st02?step=1&off=1&firstin=1&TYPEK=rotc&i=128&h1280=%A5%FA%AC%EA%B0%EA%BB%DA&h1281=6595&h1282=20190801&h1283=153012&h1284=%A4%BD%A7%69%A5%BB%A4%BD%A5%71%B7%7C%AD%70%A5%44%BA%DE%B7%73%A5%F4%A9%52&h1285=2&pgname=t05st02
4236,https://mops.twse.com.tw/mops/web/t05st02?step=1&off=1&firstin=1&TYPEK=sii&i=97&h970=%A4%57%BA%D6%A5%FE%B2%79&h971=6128&h972=20190708&h973=162713&h974=%A4%BD%A7%69%A5%BB%A4%BD%A5%71%B8%B3%A8%C6%B7%7C%A8%4D%C4%B3%A9%65%A5%F4%B2%C4%A5%7C%A9%A1%C1%7E%B8%EA%B3%F8%B9%53%A9%65%AD%FB%B7%7C%A6%A8%AD%FB&h975=3&pgname=t05st02
4238,https://mops.twse.com.tw/mops/web/t05st02?step=1&off=1&firstin=1&TYPEK=sii&i=383&h3830=TPK-KY&h3831=3673&h3832=20191112&h3833=170850&h3834=%A5%4E%AD%AB%AD%6E%A4%6C%A4%BD%A5%71%AE%66%C2%45%AC%EC%A7%DE%28%B7%48%AA%F9%29%A6%B3%AD%AD%A4%BD%A5%71%A4%BD%A7%69%B8%B3%A8%C6%B7%7C%A8%4D%C4%B3%AC%D5%BE%6C%C2%E0%BC%57%B8%EA&h3835=1&pgname=t05st02
4252,https://mops.twse.com.tw/mops/web/t05st02?step=1&off=1&firstin=1&TYPEK=otc&i=207&h2070=%A4%CD%BD%F7&h2071=4933&h2072=20190730&h2073=170921&h2074=%A4%BD%A7%69%A5%BB%A4%BD%A5%71%B2%C4%A5%7C%A9%A1%C1%7E%B9%53%A9%65%AD%FB%B7%7C%A9%65%AD%FB%A1%43&h2075=2&pgname=t05st02
4293,https://mops.twse.com.tw/mops/web/t05st02?step=1&off=1&firstin=1&TYPEK=sii&i=149&h1490=%A5%78%B6%7D&h1491=2841&h1492=20191030&h1493=163709&h1494=%A5%4E%AD%AB%AD%6E%A4%6C%A4%BD%A5%71%AD%B7%B7%E0%B7%DD%C1%CA%AA%AB%A4%A4%A4%DF%AA%D1%A5%F7%A6%B3%AD%AD%A4%BD%A5%71%A4%BD%A7%69%C1%60%B8%67%B2%7A%B2%A7%B0%CA&h1495=3&pgname=t05st02
4296,https://mops.twse.com.tw/mops/web/t05st02?step=1&off=1&firstin=1&TYPEK=pub&i=124&h1240=%A4%A4%C1%70%AA%6F%AF%D7&h1241=1246&h1242=20191023&h1243=175804&h1244=%A4%BD%A7%69%A5%BB%A4%BD%A5%71%B8%B3%A8%C6%B7%7C%A8%4D%C4%B3%A8%70%B6%D2%B5%6F%A6%E6%B4%B6%B3%71%AA%D1&h1245=1&pgname=t05st02
4301,https://mops.twse.com.tw/mops/web/t05st02?step=1&off=1&firstin=1&TYPEK=sii&i=95&h950=%A4%CD%B0%54&h951=2332&h952=20190930&h953=143857&h954=%A4%BD%A7%69%A5%BB%A4%BD%A5%71%C1%60%B8%67%B2%7A%C3%E3%A5%F4%A8%C6%A9%79&h955=1&pgname=t05st02
4311,https://mops.twse.com.tw/mops/web/t05st02?step=1&off=1&firstin=1&TYPEK=otc&i=70&h700=%A4%57%B4%AD%AC%EC%A7%DE&h701=6222&h702=20190710&h703=135042&h704=%A4%BD%A7%69%A4%57%B4%AD%AC%EC%A7%DE108%A6%7E06%A4%EB%A5%F7%BB%C8%A6%E6%BF%C4%B8%EA%C3%42%AB%D7%0D%0A%BB%50%A8%CF%A5%CE%B1%A1%A7%CE%BA%5B%A5%BC%A8%D3%A4%54%AD%D3%A4%EB%B2%7B%AA%F7%A6%AC%A4%E4%B9%77%A6%F4%B1%A1%A7%CE&h705=1&pgname=t05st02
4353,https://mops.twse.com.tw/mops/web/t05st02?step=1&off=1&firstin=1&TYPEK=rotc&i=142&h1420=ABC-KY&h1421=6598&h1422=20191119&h1423=173839&h1424=%A4%BD%A7%69%A5%BB%A4%BD%A5%71%C3%B1%AD%71108%A6%7E%B2%C4%A4%47%A6%B8%B2%7B%AA%F7%BC%57%B8%EA%A5%4E%A6%AC%AA%D1%B4%DA%A6%E6%AE%77%A4%CE%A6%73%A4%E1%B1%4D%A4%E1&h1425=1&pgname=t05st02
4354,https://mops.twse.com.tw/mops/web/t05st02?step=1&off=1&firstin=1&TYPEK=rotc&i=113&h1130=%A5%5F%B7%A5%AC%50%C3%C4%B7%7E-KY&h1131=6550&h1132=20191024&h1133=165132&h1134=%B8%C9%A5%BF%A4%BD%A7%69%A5%BB%A4%BD%A5%71%AA%6B%A4%48%B8%B3%A8%C6%A6%DB%B5%4D%B8%D1%A5%F4&h1135=1&pgname=t05st02
4419,https://mops.twse.com.tw/mops/web/t05st02?step=1&off=1&firstin=1&TYPEK=sii&i=132&h1320=%A4%A4%B5%F8&h1321=9928&h1322=20190927&h1323=151207&h1324=%A5%BB%A4%BD%A5%71108%A6%7E08%A4%EB%A5%F7%B0%AA%AC%79%B0%CA%A9%CA%B8%EA%B2%A3%A4%CE%AD%C9%B4%DA%AC%DB%C3%F6%B0%5D%B0%C8%B8%EA%B0%54&h1325=1&pgname=t05st02
4430,https://mops.twse.com.tw/mops/web/t05st02?step=1&off=1&firstin=1&TYPEK=otc&i=171&h1710=%AD%5E%AE%E6%BA%B8%AC%EC&h1711=8287&h1712=20190718&h1713=171432&h1714=%A4%BD%A7%69%AD%D7%A5%BF%A5%BB%A4%BD%A5%71107%A6%7E%AB%D7%AA%D1%AA%46%B7%7C%A6%7E%B3%F8%B3%A1%A4%C0%A4%BA%AE%65&h1715=1&pgname=t05st02
4442,https://mops.twse.com.tw/mops/web/t05st02?step=1&off=1&firstin=1&TYPEK=rotc&i=161&h1610=%A5%5F%B7%A5%AC%50%C3%C4%B7%7E-KY&h1611=6550&h1612=20190919&h1613=185606&h1614=%A4%BD%A7%69%A5%BB%A4%BD%A5%71%B8%B3%A8%C6%C3%E3%C2%BE&h1615=2&pgname=t05st02
4450,https://mops.twse.com.tw/mops/web/t05st02?step=1&off=1&firstin=1&TYPEK=otc&i=86&h860=%AB%D8%EB%F9%B9%EA%B7%7E&h861=5014&h862=20190716&h863=135417&h864=%A4%BD%A7%69%AD%D7%AD%71%A5%BB%A4%BD%A5%71107%A6%7E%AB%D7%A6%7E%B3%F8%B3%A1%A4%C0%A4%BA%AE%65%28%BC%57%A6%43%B8%EA%A6%77%AD%B7%C0%49%B5%FB%A6%F4%29&h865=1&pgname=t05st02
4509,https://mops.twse.com.tw/mops/web/t05st02?step=1&off=1&firstin=1&TYPEK=rotc&i=50&h500=%A4%57%AC%76&h501=6728&h502=20191030&h503=93617&h504=%A4%BD%A7%69%A5%BB%A4%BD%A5%71108%A6%7E9%A4%EB%A9%B3%A6%58%A8%D6%A6%DB%B5%B2%B3%F8%AA%ED%A4%A7%AC%79%B0%CA%A4%F1%B2%76%A1%42%B3%74%B0%CA%A4%F1%B2%76%A1%42%0D%0A%AD%74%B6%C5%A4%F1%B2%76%A1%42%B9%77%AD%70%A5%BC%A8%D3%A4%54%AD%D3%A4%EB%A6%58%A8%D6%B2%7B%AA%F7%A6%AC%A4%E4%AA%AC%AA%70%A4%CE%BB%C8%A6%E6%A5%69%A8%CF%A5%CE%BF%C4%B8%EA%C3%42%0D%0A%AB%D7%B1%A1%A7%CE%A1%43&h505=1&pgname=t05st02
4522,https://mops.twse.com.tw/mops/web/t05st02?step=1&off=1&firstin=1&TYPEK=otc&i=220&h2200=%A4%54%B6%EA&h2201=4416&h2202=20191129&h2203=170326&h2204=%A4%BD%A7%69%A5%BB%A4%BD%A5%71%B8%B3%A8%C6%B7%7C%B3%71%B9%4C%A8%FA%AE%F8%B7%73%A5%5F%A5%AB%A6%C1%A4%EE%B0%CF%A4%F4%B7%BD%AC%711063%A1%421068...%B5%A5%0D%0A7%B5%A7%A6%61%B8%B9%A6%ED%A6%76%A4%6A%BC%D3%C0%E7%AB%D8%A4%75%B5%7B%A9%D3%C5%F3%AE%D7%A1%43&h2205=3&pgname=t05st02
4523,https://mops.twse.com.tw/mops/web/t05st02?step=1&off=1&firstin=1&TYPEK=otc&i=42&h420=%A8%CE%BF%6F&h421=3310&h422=20190930&h423=104232&h424=%A4%BD%A7%69%A5%BB%A4%BD%A5%71108%A6%7E08%A4%EB%A5%F7%A6%DB%B5%B2%A6%58%A8%D6%B0%5D%B0%C8%B3%F8%A7%69%A4%A7%AD%74%B6%C5%A4%F1%B2%76%A1%42%AC%79%B0%CA%A4%F1%B2%76%0D%0A%A4%CE%B3%74%B0%CA%A4%F1%B2%76&h425=1&pgname=t05st02
4594,https://mops.twse.com.tw/mops/web/t05st02?step=1&off=1&firstin=1&TYPEK=sii&i=113&h1130=%A4%B8%A4%6A%AA%F7&h1131=2885&h1132=20190726&h1133=150129&h1134=%A4%B8%A4%6A%AA%F7%B1%B1%A4%BD%A7%69%C1%60%B8%67%B2%7A%B2%A7%B0%CA%B8%C9%A5%52%BB%A1%A9%FA&h1135=3&pgname=t05st02
4600,https://mops.twse.com.tw/mops/web/t05st02?step=1&off=1&firstin=1&TYPEK=sii&i=208&h2080=%A4%A4%AB%48%AA%F7&h2081=2891&h2082=20190710&h2083=181855&h2084=%A4%BD%A7%69%A4%6C%A4%BD%A5%71CTBC+Bank+%28Philippines%29+Corp.%B8%B3%A8%C6%C3%E3%A5%F4&h2085=2&pgname=t05st02
4608,https://mops.twse.com.tw/mops/web/t05st02?step=1&off=1&firstin=1&TYPEK=sii&i=154&h1540=%A5%FC%C2%D7%AA%F7&h1541=2886&h1542=20191127&h1543=173329&h1544=%A5%4E%A5%BB%A4%BD%A5%71%A4%A7%A4%6C%A4%BD%A5%71%A5%FC%C2%D7%B2%A3%AA%AB%AB%4F%C0%49%A4%BD%A5%71%A4%BD%A7%69%C1%60%B8%67%B2%7A%A5%CD%AE%C4%A4%E9%B4%C1&h1545=1&pgname=t05st02
4609,https://mops.twse.com.tw/mops/web/t05st02?step=1&off=1&firstin=1&TYPEK=sii&i=94&h940=%AD%E2%A5%A8&h941=8105&h942=20191021&h943=173449&h944=%A5%4E%AD%AB%AD%6E%A4%6C%A4%BD%A5%71Giantplus+Holding+L.L.C.%A4%BD%A7%69Operating%0D%0AManager%2FTreasurer%2FSecretary%C5%DC%B0%CA&h945=4&pgname=t05st02
4641,https://mops.twse.com.tw/mops/web/t05st02?step=1&off=1&firstin=1&TYPEK=otc&i=173&h1730=VHQ-KY&h1731=4803&h1732=20190724&h1733=185724&h1734=%A4%BD%A7%69%A5%BB%A4%BD%A5%71%B8%B3%A8%C6%B7%7C%A8%4D%C4%B3%B5%6F%A6%E6%A4%A4%B5%D8%A5%C1%B0%EA%B9%D2%A4%BA%0D%0A%B2%C4%A4%47%A6%B8%B5%4C%BE%E1%AB%4F%C2%E0%B4%AB%A4%BD%A5%71%B6%C5&h1735=1&pgname=t05st02
4662,https://mops.twse.com.tw/mops/web/t05st02?step=1&off=1&firstin=1&TYPEK=otc&i=163&h1630=%AB%6E%BC%FD&h1631=4712&h1632=20191111&h1633=162520&h1634=%A4%BD%A7%69%A5%BB%A4%BD%A5%71%B8%B3%A8%C6%B7%7C%B3%71%B9%4C%A5%4E%B2%7A%B5%6F%A8%A5%A4%48%B2%A7%B0%CA%AE%D7&h1635=2&pgname=t05st02
4689,https://mops.twse.com.tw/mops/web/t05st02?step=1&off=1&firstin=1&TYPEK=sii&i=203&h2030=%A8%CE%A5%40%B9%46&h2031=2352&h2032=20190830&h2033=170102&h2034=%A4%BD%A7%69%A5%BB%A4%BD%A5%71%B0%5D%B0%C8%AA%F8%BA%5B%B0%5D%B0%C8%A5%44%BA%DE%A1%42%B7%7C%AD%70%A5%44%BA%DE%A1%42%A4%BD%A5%71%AA%76%B2%7A%A5%44%BA%DE%A1%42%B5%6F%A8%A5%A4%48%0D%0A%A4%CE%A5%4E%B2%7A%B5%6F%A8%A5%A4%48%B2%A7%B0%CA&h2035=1&pgname=t05st02
4775,https://mops.twse.com.tw/mops/web/t05st02?step=1&off=1&firstin=1&TYPEK=sii&i=71&h710=%A8%CA%AB%B0%BB%C8%A6%E6&h711=2809&h712=20190923&h713=161202&h714=%A4%BD%A7%69%B8%B3%A8%C6%B7%7C%A8%4D%C4%B3%BF%EC%B2%7A%AE%77%C2%C3%AA%D1%B5%F9%BE%50%A8%C3%BF%EC%B2%7A%B4%EE%B8%EA%A8%C6%A9%79&h715=3&pgname=t05st02
4783,https://mops.twse.com.tw/mops/web/t05st02?step=1&off=1&firstin=1&TYPEK=otc&i=13&h130=%A5%40%AC%C9&h131=5347&h132=20190901&h133=113303&h134=%A5%BB%A4%BD%A5%71%A5%4E%AD%AB%AD%6E%A4%6C%A4%BD%A5%71VIS+Associates+Inc.%A4%BD%A7%69%0D%0A%B0%C6%C1%60%B8%67%B2%7A%B2%A7%B0%CA&h135=2&pgname=t05st02
4788,https://mops.twse.com.tw/mops/web/t05st02?step=1&off=1&firstin=1&TYPEK=otc&i=758&h7580=%A5%40%BC%77&h7581=2066&h7582=20190812&h7583=201400&h7584=%A4%BD%A7%69%A5%BB%A4%BD%A5%71%B8%B3%A8%C6%B7%7C%A8%4D%C4%B3%B3%71%B9%4C%B7%7C%AD%70%A5%44%BA%DE%B2%A7%B0%CA%AE%D7&h7585=3&pgname=t05st02
4821,https://mops.twse.com.tw/mops/web/t05st02?step=1&off=1&firstin=1&TYPEK=sii&i=73&h730=jpp-KY&h731=5284&h732=20191120&h733=140406&h734=%A4%BD%A7%69%A5%BB%A4%BD%A5%71108%A6%7E%B2%7B%AA%F7%BC%57%B8%EA%BB%7B%AA%D1%B0%F2%B7%C7%A4%E9%A4%CE%A8%E4%A5%4C%AC%DB%C3%F6%A8%C6%A9%79%0D%0A%28%B8%C9%A5%52%A4%BD%A7%69%B2%7B%AA%F7%BC%57%B8%EA%A8%43%AA%D1%B5%6F%A6%E6%BB%F9%AE%E6%29&h735=1&pgname=t05st02
4867,https://mops.twse.com.tw/mops/web/t05st02?step=1&off=1&firstin=1&TYPEK=sii&i=142&h1420=%AB%48%C0%41&h1421=1582&h1422=20191219&h1423=164835&h1424=%A5%4E%A4%6C%A4%BD%A5%71%B7%71%B1%6F%AC%EC%A7%DE%AA%D1%A5%F7%A6%B3%AD%AD%A4%BD%A5%71%A4%BD%A7%69%B8%B3%A8%C6%AA%F8%B2%A7%B0%CA&h1425=2&pgname=t05st02
4876,https://mops.twse.com.tw/mops/web/t05st02?step=1&off=1&firstin=1&TYPEK=otc&i=72&h720=%AB%6E%BC%FD&h721=4712&h722=20191024&h723=144123&h724=%A4%BD%A7%69%A5%BB%A4%BD%A5%71%B7%73%A5%F4%B8%B3%A8%C6%AA%F8&h725=1&pgname=t05st02
4907,https://mops.twse.com.tw/mops/web/t05st02?step=1&off=1&firstin=1&TYPEK=sii&i=117&h1170=%A4%41%B2%B1-KY&h1171=5243&h1172=20190827&h1173=164301&h1174=%A5%4E%AD%AB%AD%6E%A4%6C%A4%BD%A5%71%A9%F8%A4%73%A4%41%B2%B1%BE%F7%B1%F1%A4%75%B7%7E%A6%B3%AD%AD%A4%BD%A5%71%A4%BD%A7%69%C1%60%B8%67%B2%7A%B2%A7%B0%CA&h1175=4&pgname=t05st02
4924,https://mops.twse.com.tw/mops/web/t05st02?step=1&off=1&firstin=1&TYPEK=otc&i=159&h1590=%A4%A4%AC%FC%B9%EA&h1591=4702&h1592=20190812&h1593=151233&h1594=%A4%BD%A7%69%A5%BB%A4%BD%A5%71%B8%B3%A8%C6%B7%7C%A5%F4%A9%52%B7%73%A5%F4%B0%5D%B0%C8%BA%5B%B7%7C%AD%70%A5%44%BA%DE&h1595=1&pgname=t05st02
4925,https://mops.twse.com.tw/mops/web/t05st02?step=1&off=1&firstin=1&TYPEK=sii&i=199&h1990=GIS-KY&h1991=6456&h1992=20190805&h1993=184454&h1994=%A4%BD%A7%69%A5%BB%A4%BD%A5%71%B3%5D%B8%6D%A4%BD%A5%71%AA%76%B2%7A%A5%44%BA%DE&h1995=5&pgname=t05st02
4935,https://mops.twse.com.tw/mops/web/t05st02?step=1&off=1&firstin=1&TYPEK=otc&i=102&h1020=%A5%40%A9%5B&h1021=4305&h1022=20191031&h1023=135413&h1024=%A4%BD%A7%69%A5%BB%A4%BD%A5%71%B0%5D%B0%C8%A1%42%B7%7C%AD%70%A5%44%BA%DE%BA%5B%A5%4E%B2%7A%B5%6F%A8%A5%A4%48%B2%A7%B0%CA&h1025=2&pgname=t05st02
4957,https://mops.twse.com.tw/mops/web/t05st02?step=1&off=1&firstin=1&TYPEK=sii&i=198&h1980=%A5%FC%C2%D7%AA%F7&h1981=2886&h1982=20190719&h1983=174514&h1984=%A5%4E%A5%BB%A4%BD%A5%71%A4%A7%A4%6C%A4%BD%A5%71%A5%FC%C2%D7%B0%EA%BB%DA%B0%D3%B7%7E%BB%C8%A6%E6%A4%BD%A7%69%A8%E4%0D%0A%A4%A4%B0%CF%C0%E7%B9%42%A4%A4%A4%DF%C0%E7%B9%42%AA%F8%B2%A7%B0%CA%A1%43&h1985=2&pgname=t05st02
4965,https://mops.twse.com.tw/mops/web/t05st02?step=1&off=1&firstin=1&TYPEK=sii&i=60&h600=%A5%FC%C2%D7%AA%F7&h601=2886&h602=20190830&h603=110228&h604=%A5%4E%A5%BB%A4%BD%A5%71%A4%A7%A4%6C%A4%BD%A5%71%A5%FC%C2%D7%B0%EA%BB%DA%C3%D2%A8%E9%A7%EB%B8%EA%C5%55%B0%DD%AA%D1%A5%F7%A6%B3%AD%AD%A4%BD%A5%71%0D%0A%A4%BD%A7%69%B8%B3%A8%C6%C3%E3%A5%F4&h605=1&pgname=t05st02
