,hyperlink
4774,https://www.setn.com/News.aspx?NewsID=491236
4511,https://www.setn.com/News.aspx?NewsID=514881
3228,https://www.setn.com/News.aspx?NewsID=569210
4590,https://www.setn.com/News.aspx?NewsID=587721
3307,https://www.setn.com/News.aspx?NewsID=588178
2563,https://www.setn.com/News.aspx?NewsID=599892
3712,https://www.setn.com/News.aspx?NewsID=600540
3978,https://www.setn.com/News.aspx?NewsID=605058
224,https://www.setn.com/News.aspx?NewsID=606443
3313,https://www.setn.com/News.aspx?NewsID=622014
2410,https://www.setn.com/News.aspx?NewsID=624619
1533,https://www.setn.com/News.aspx?NewsID=626349
3050,https://www.setn.com/News.aspx?NewsID=628481
295,https://www.setn.com/News.aspx?NewsID=629029
4351,https://www.setn.com/News.aspx?NewsID=637299
4047,https://www.setn.com/News.aspx?NewsID=659791
