https://www.ettoday.net/amp/amp_news.php?news_id=1521289&from=rss,  記者白珈陽、陳韻如／南投報導  南投縣仁愛鄉建設課張姓課長，26日上午被同事發現倒在辦公室沙發一動也不動，嚇得趕緊報警處裡，而警消獲報趕抵現場，確認他已死亡多時。經查，張男25日上午就因身體不適就醫，但仍然堅守崗位，沒想到不到一天就發生憾事，詳細的死因還有待進一步調查釐清。    ▲仁愛鄉建設課長盡忠職守，上周在應變中心期間，仍一直到災區現場勘驗，26日卻不幸猝死。（圖／記者白珈陽翻攝）  警方調查，26日上午8時許，辦公室同仁剛到班，就看見張男躺在沙發上，起初還以為張男是因留守勞累在補眠，便沒有立刻叫醒他，但等到其他同仁陸續到班後，驚覺張男沒有呼吸心跳，臉色蒼白且全身冰冷，遂立即報警並同時施予CPR搶救，但警消到場後，確認張男已死亡多時。    ▲仁愛鄉建設課長盡忠職守，上周在應變中心期間，仍一直到災區現場勘驗，26日卻不幸猝死。（圖／記者白珈陽翻攝）  仁愛鄉鄉長吳文忠獲知消息後相當難過，表示為了這次的颱風，鄉公所災害應變二級開設，張男一直從24日成立颱風應變中心後就沒離開過公所，，但25日他就因胸悶、胃不舒服等症狀就醫後，再返回工作崗位，沒想到26日上午卻被同事發現他倒在沙發上，一動也不動。  吳文忠還提到，由於5、6月的梅雨季節造成鄉內多處發生土石流災害及道路坍方等，接著又陸續有颱風來襲，公所為了災害搶修與防災應變，幾乎沒有時間喘息，而對於張男的猝逝，公所也會全力協助家屬處理後事。
https://www.ettoday.net/news/20191106/1573231.htm,台南市一名李姓女消防員被控有火警時，就躲起來不出勤，甚至稱自己怕火。對此，台南市消防局指出，會考慮是否懲處、調動，若該員在民間企業早被開除。而當事人則不願表達意見。(消防員,台南,救火)
https://www.ettoday.net/amp/amp_news.php?news_id=1527111&from=rss,  ▲一位竹科大地主被抓到偷吃後，竟然跟妻子要回土地。示意圖非本文當事人所有土地。（圖／翻攝自Google）  記者葉國吏／綜合報導  一位家財萬貫的「竹科大地主」，因為偷吃越籍女移工還拍照片，結果一時手殘把照片傳給老婆，讓老婆怒告大地主通姦。大地主為了報復，直接把登記在妻子名下、位在竹科周遭價值好幾億的土地全數收回。  根據《自由時報》報導，陳姓「竹科大地主」因偷吃越籍女移工、傳錯照片被妻子發現，憤而提出妨害家庭告訴，新竹地院依通姦罪判刑大地主6月徒刑。    ▲竹科大地主偷情女移工拍照，結果因傳錯照片被妻子發現。示意圖非當事人。（圖／記者黃克翔攝）  大地主遭判刑後很火大，加上妻子離家出走，他便向法院提告請求履行同居勝訴，並陸續提出民刑事訴訟，要求妻子返還登記在她名下、價值數億元的竹科周邊土地。另外，就連當初在加拿大賣房所得4700萬元台幣也一併要求返還。  妻子說，當時懷孕時公婆說，每生一個小孩就會送她房子、土地、現今，現在已經生了5名子女。而且銀行帳戶內存款是大地主感謝她婚後對家庭的貢獻所贈予，更是她老年生活保障，不是大地主的財產。  但法官認為，雖然銀行帳戶戶名是妻子，但款項實際上是大地主所有，已構成侵權行為及不當得利，判妻子應返還台幣4700萬元。
https://www.ettoday.net/news/20191203/1592945.htm,新北市樹林區某塑膠工廠老闆丁連一，因工廠經營不善、積欠債務，竟合夥越南籍范姓移工，闖入友人住處綁架黃姓母女，搜刮屋內6500元、提款卡等財物，還強拍裸照恫嚇禁止報警，丁男還色問黃婦「可以打一砲嗎？」最高法院審理後，將丁男判刑10年半定讞。
(法律,人權,工廠,洗劫,母女,猥褻,三審,強盜,最高法院,越南移工)
https://www.ettoday.net/amp/amp_news.php?news_id=1486684&from=rss,  ▲吳男誘騙未成年少女自拍裸照上床，被判14年。（示意圖／取自免費圖庫pixabay）  記者唐詠絮／彰化報導  彰化院、檢2018年2月審理吳秉諺涉及的兒少性剝削案，法官陳彥志裁定以3萬元交保引發檢察官莊珂惠的不滿，當庭嗆「腦袋不清楚」惹毛陳彥志官，扯出彰化史上最大的誘拍案，2018年5月吳男一審遭重判22年，但檢方又從吳男電腦中追查還有17名未成年被害人，再度起訴並加重求刑30年，地院判處應執行14年。全案可上訴。  吳秉諺被稱為「彰化李宗瑞」，常以女性身分在臉書留言，稱代言相關產品可以抽獎品，引誘十多名未成年少女傳送自拍裸照，吳男涉在網路用假帳號搭訕未成年少女，並趁機邀約「約炮」，若少女不願意照做，就揚言要散佈裸照直到部分被害少女不甘受騙報警後，全案才曝光，檢警在吳男電腦內有查到50、60張裸照，被害少女約有30人。  吳男一審遭判22年有期徒刑，但檢察官莊珂惠追查下發現，嫌犯電腦還有一個「kingffd」資料夾，內有5千多個檔案，其中有17名未成年，2018年5月依違反兒童及少年性剝削防制條例將吳男起訴，加重求刑30年。  判決書指出，貨車司機吳男從2014年到2017年間，以臉書帳號「林佳佳」、「陳薇婷」化名變身為女性網友，在臉書社群「闆闆找代言MD代言」等打工類社團發布「徵求MD(模特兒)」貼文，代言內衣褲/豐胸美胸/私密處保養產品，不需要PO文會幫打買賽克，代言效果佳有獎金，代言三個月內可抽TR50或HTC-M8，視訊MD時薪/1H-5000$有興趣可詢問喔」。  吳男再於留言區挑選相片年幼、貌美的被害人，私訊互動，只要先提供照片讓公司審核是否符合條件，代言還可抽HTC-M8款式手機等，引誘數十名少女陸續傳送胸部、全身、下半身裸露照片，或僅穿著內衣褲猥褻照片，17名未成年少女掉入陷阱受害。  吳男還叫受害少女穿小可愛(背心)與內褲跟他視訊，還要少女脫衣服，做自慰的動作，供他觀賞，事後給予酬勞，還把少女裸照等猥褻影片上傳至限制級的臉書社群供人觀看，甚至誘騙其中1名少女跟他援交，同時提供猥褻行為之影片，少女知道誘騙手法後不理會吳男，但遭到吳男稱「你想讓大家欣賞你的身體嗎」，恐嚇女方。  法官審酌被告為滿足一己色慾，竟利用未滿18歲之少年年幼識淺，判斷力、自我保護能力未臻成熟，欠缺性隱私之自主決定意思，而分別為本案以詐術使被害人製造猥褻行為電子訊號既遂、未遂，將被害人製造之猥褻行為電子訊號上傳至網際網路供人觀覽等犯行，甚至性交易、恐嚇對方等，造成被害人身心受有重大創傷。  吳男犯後雖坦承不諱，其動機、目的、手段實屬惡劣、惡性重大，依兒童及青少年性交易防制條例、兒童及青少年性剝削防制條例、散播猥褻物品、恐嚇等罪，判處應執行14年徒刑。  【其他新聞】    ►國道翻覆找友頂替　行車紀錄器「我沒駕照喔」罰款變刑法    ►白鼻心暴斃死在菊花田！屍體腫脹發臭　花農：動防所沒人來處理
https://www.ettoday.net/amp/amp_news.php?news_id=1496656&from=rss,  ▲台南17歲少女到台中與4男開毒品性愛趴，疑似混用毒品猝死。（圖／翻攝臉書、記者陳玉攝）    記者陳玉／台中報導  台南17歲少女日前北上台中訪友，卻與4男前往豐原某飯店開毒品性愛趴，過程中疑似混用毒品猝死，4男見狀逃跑，直到飯店員工入房打掃，才驚見少女仰躺在床上明顯死亡；台中檢警循線找到6男，其中3男遭檢方聲請羈押，但法官認為證據不足駁回，中檢不服提起抗告，23日合議庭審理，認為3男離開飯店時明知少女昏迷，卻無通知其家屬獲告知飯店，加上事後3男對於犯案細節的供述皆有不同之處，認為原審裁定未注意及此，認為檢方抗告有理，原裁定撤銷，發回台中地院更為適法之裁定。  台中高分院表示，針對何男、莊男、吳男等3人遺棄致死案件，今日合議庭審理結果，認為少女遭何、莊帶入飯店走到時，應是處於深度昏迷、無自救能力狀態，但被告3人卻稱少女只是昏睡狀態，在他們陸續離開飯店時，並無一人通知少女家屬獲告知飯店櫃檯人員，任由少女獨留房內，能否謂被告等人無遺棄之犯意？  另外，何等人就犯案細節的供述，彼此間亦有不同之處，但少女死因還需待解剖鑑定報告出爐，為確保刑事偵查、審判程序之進行及完成，並保全證據不致遭滅失、偽造、勾串，則何等3人是否確無湮滅證據或勾串共犯、證人之虞，而無羈押必要，亦有再調查審酌之餘地。  台中高分院指出，原審裁定未注意及此，致有上開瑕疵存在。檢方提起抗告，指摘原裁定不當，為有理由，應將原裁定撤銷，發回原審法院更為適法之裁定。
https://www.ettoday.net/news/20190920/1539643.htm,北市1名男子日前與友人到夾娃娃機店消費，竟掏出強力磁鐵猛吸，將機台內2台「藍芽耳機」吸出，還將其中一部送給一旁觀看的友人，隔天還食髓知味上門繼續吸，台主發現物品短缺調監視器報警。(強力磁鐵,藍芽耳機,夾娃娃機)
https://www.ettoday.net/news/20191008/1552637.htm,曾5度入圍金馬、金鐘獎的藝人高盟傑，卻連連爆出負面新聞，不但在2017年傳出欠債150萬元，甚至在拍攝《甘味人生》時跟劇組裡的每個人都借過一輪。沒想到，近日又傳出遭到台中地檢署緝毒小組查獲涉嫌販毒，檢方訊後也向法院聲請羈押禁見獲准，而日前他羈押期滿，檢方在向法院聲請續押獲准，全案目前正擴大偵辦中。(甘味人生,高盟傑,販毒)
https://www.ettoday.net/amp/amp_news.php?news_id=1526038&from=rss,  記者李忠憲／台中報導  台中林姓男子8月31日晚間駕駛BMW自小客車外出，疑與妻子在車內吵架後，竟衝撞路邊3輛機車洩憤；機車車主見狀上前理論，林男竟二度衝撞後開車逃逸。警方獲報出動警網攔截圍捕，20分鐘就逮到林男，雖然沒有人受傷，但仍遭依公共危險、毀損罪嫌送辦。    ▲BMW故意衝撞路邊機車還肇事逃逸。（圖／民眾提供）    8月31日晚間11點半左右，一輛黑色BMW小客車在西區精誠路停留，車內男女發生激烈爭吵，隨後，開車男子竟衝撞停放路邊的機車，造成3輛機車倒地毀損。一名戴著安全帽的騎士見自己愛車被撞，立刻上前理論；但BMW男卻不理會，接著二度狀倒地機車。車內女子為了騎士安全，還要他不要過來，隨後轎車就急速駛離，誇張行徑全都被民眾錄下。    ▲BMW衝撞路邊機車，騎士上前理論。（圖／民眾提供）    ▲副駕駛座女子警告騎士不要過來，車隨後駛離。（圖／民眾提供）    ▲遭撞倒的機車。（圖／民眾提供）  第一警分局第一時間也接獲報案，立刻出動警網來截圍捕，果然在20分鐘後就順利查獲該輛BMW，並將開車的林姓男子及他的妻子帶回派出所。  原來，林姓男子當時載妻子外出，在車內吵架竟開車撞路邊機車洩憤。警方認為林男已涉犯毀損及公共危險罪嫌，警詢後依法送辦。  【更多新聞】  ►欠稅遭罰1300萬直接扣款　他罵執行官「像賊仔政府一樣死要錢」  ►獨／已婚型男中醫騙女單身交往8年東窗事發　200萬封口費答應了還不給  ►獨／電視機待機起火毀18戶1死　法院：屋主無拔插頭義務，無罪！
https://www.ettoday.net/news/20191013/1556057.htm,高雄一名擔任保全的李姓男子長期值大夜班，2016年上班時突然倒地昏迷，經診斷為急性梗塞腦中風，出院後雖持續進行復健治療，仍失去工作能力，被鑑定為「極重度」障礙。家屬提告保全公司，認為公司沒有雇足大夜人力，才會釀成憾事。高雄地方法院審理後，判保全公司應賠償李男575萬餘元。(保全,高雄,大夜班)
https://www.ettoday.net/news/20191217/1603980.htm,「2019蘇澳彩頭節」12/21下午3點，在頂寮國聖廟登場囉！有千份蘿蔔粥品嘗、拔蘿蔔體驗、打卡換文創商品，還能捐發票抽家電好禮以及本土一哥蔡佳麟等歌手開唱，17日約200台斤的蘿蔔堆製成的巨型彩頭福龜，是供奉於國聖廟象徵新的一年平安好彩頭，蘇澳鎮長李明哲邀大家冬遊蘇澳，逛蘇澳彩頭節。(宜蘭,「2019蘇澳彩頭節」)
https://www.ettoday.net/amp/amp_news.php?news_id=1496020&from=rss,▲9歲女童被父親猥褻，到學校向同學示範，被老師發現，揭發狼父惡行。（圖／示意圖／翻攝自免費圖庫Pixabay）  記者楊佩琪／台北報導  新北市一名9歲女童因為在學校拿著長柱狀積木搖晃，還告訴同學說「一直弄會射」喔，引來老師注意。進一步向女童詢問，卻發現女童遭到父親猥褻，向警方報案。台北地方法院審理後，依對未成年猥褻罪，判處該名父親10個月有期徒刑。  根據了解，該名父親某日在家看情色片，不巧被女童發現，父親卻不但沒迴避，還向女童要求「讓我享受一下吧」。過程中也不斷要求女童要握住、搖晃「越快越好」。女童不知父親的要求不妥，才會在學校內在同學面前「示範」並說明。  該名父親在法庭上反駁，是女兒發現他沒穿褲子在看情色片，要求想看，他拒絕，之後上網找適合的性教育影片給女兒看，但女兒一直想摸他的下體，他便把女兒的手撥開。  不過法官根據女童的指證，認為女童在偵查期間所述的都一致，且除非真實的親身經歷，對性知識有足夠理解，女童根本無法清楚詳述。另女童的老師也證稱，女童並非有幻想會說謊的孩子，因此法官採信女童的證詞。  法官認為，該名父親不僅罔顧倫常，犯後還將責任推給女童，甚至怪罪老師，但因未有侵入性手法，因此依對未滿14歲女子為猥褻行為罪，將該名父親判處10個月有期徒刑，全案可上訴。  【更多新聞】  資訊董座「外遇離婚+事業受挫」上吊亡　正宮要小三賠600萬  女兒離家出走投靠哥哥　父母登門找人遭控「無故侵入住宅」  牙痛不給掛號　病患嗆專拔智齒名醫「囂張，讓你上媒體！」
https://www.ettoday.net/news/20191225/1609699.htm,本刊直擊仁寶電腦副董事長陳瑞聰帶著按摩師前往日本泡溫泉，據美容師友人轉述，美容師到了日本大根之花飯店後，在自己的臉書PO文：「我是為了這個溫泉而來的！真是太棒了！房間走出去…有一個專屬自己的溫泉池充滿負離子的開放空間中。」(鏡週刊)
https://www.ettoday.net/amp/amp_news.php?news_id=1518144&from=rss,  ▲Obike於2017年在台大校園違停肆虐，校方當時花了破千萬成本處理，向經營商求償卻遭打臉。（示意圖，非新聞當事地點／新北市交通局提供）  記者羅志華／台北報導  曾被台北市長柯文哲看好能打敗Ubike的「Obike」，已於2019年5月30日停止服務，但Obike當年「違停亂象」留下的爛攤子，卻還得繼續收拾。Obike於2017年在台大違停肆虐，讓校方不得不出面處理；台大主張10個月內移車、保管，再加上土地租金，高達約1000萬元的費用，要Obike經營商「奧致」買單。北院21日判台大敗訴，「奧致」免賠。  台大控訴，奧致網絡於2017年6月間，沒經校方同意就擺了1180台Obike在校園；由於Obike主打隨借隨停，造成使用者經常「騎後不理」，校園內無人使用的Obike停得到處都是，讓校方不得不出面收拾。台大主張「奧致」應給付，自2017年11月3日至2017年12月31日，每次移車費50元，2018年至8月底，每次移車100元、保管費每半天25元，另計每月保管車輛土地租金71萬元，共1021萬2400元要「奧致」買單。  台大主張因處理Obike違停，使「奧致」得利，要求其付費；但「奧致」認為，Obike主打「隨借隨停」，亦為其主要獲利方式，台大拖吊Obike並集中保管，使Obike無法營利，即使占用土地放置，也不會因此得到任何利益；且台大校園本來就允許腳踏車自由進出，Obike在學校裡停得到處都是，到底讓台大損失了甚麼？「奧致」認為，他們不需給付台大移車、保管等費用，更沒有賺到任何「土地租金」。  台北地院認為，台大拖吊Obike，違反他們的營利模式，卻主張奧致「獲利」，即屬無據，且台大本來就允許腳踏車自行進出，Obike亂停到底違了甚麼法，侵害了台大甚麼權利，均屬不明；法官認為台大主張並非有據，應予駁回。
https://www.ettoday.net/news/20191113/1578970.htm,香港反送中抗議堅持5個月衝突延燒，近來有媒體報導香港支持反送中歌手何韻詩、眾志成員黃之鋒來台時曾遭人監控，甚至傳出何韻詩手機遭植入間諜程式；對此專責科技犯罪偵查的刑事局偵九大隊13日表示，目前無證據證實何手機遭他人植入間諜程式，且擅自入侵他人手機是違法行為，警方研判此消息並無證據仍待查證。(刑事局,移民署,何韻詩,手機監控)
https://www.ettoday.net/amp/amp_news.php?news_id=1522777&from=rss,  ▲「台灣女阿甘」傳出變性當和尚，把10元蠟燭當點燈賣10萬。示意圖非本文蠟燭。（圖／翻攝IKEA網站）  記者葉國吏／綜合報導  曾靠著「啟智兒變身億元總裁」出書名噪一時、被稱為「台灣女阿甘」的黃姓女子，最近竟然變成有鬍渣的男和尚，還遭周刊踢爆以解厄為名收取高額消災費，一個IKEA賣的10元蠟燭就要收10萬，因此讓「黃女」坐擁多動豪宅、名車，最後還到英國創辦禪寺，坑殺外國人。  根據《周刊王》報導，「台灣女阿甘」的禪寺位在嘉義市，她總是在信徒遇到瓶頸時聲稱有鬼魂、業障，讓信徒心生恐懼，進而砸前點燈、寫牌位、捐款供養佛寺等。根據了解，牌位要價18000-30000元不等；要價10萬元的點燈，竟然是用IKEA一個不到10元的蠟燭；招牌商品「人偶巫術」更是20萬元起跳。  根據了解，「台灣女阿甘」還會針對特定肥羊，以「投資」為由慫恿信徒借貸大筆金錢給他，但最後卻常以「投資失利」為由中飽私囊。  對於信徒的指控，「台灣女阿甘」表示法會點燈都是按信眾隨喜，沒有強制一定要10萬元，他還氣憤的說「我自己幹嘛用這個賺錢。」
https://www.ettoday.net/news/20190919/1538950.htm,高雄「直播主之亂」延燒3天引發4起街頭鬥毆和槍擊案，其中滋事群眾甚至無視高雄警方部署約制警力、直接在攻擊目標外衝撞警車導致警方開槍壓制，雖然高雄警方強調警依法做為，但仍讓民眾無感，且無法遏止有幫派背景的直播主氣燄，警政署長陳家欽在19日下令刑事局長黃明昭南下坐鎮支援，透露中央無法坐視高雄治安繼續惡化。(警政署,刑事局,高雄警方,直播主,直播主之亂)
https://www.ettoday.net/news/20191128/1590250.htm,台北市徐州路台灣大學男二宿舍28日下午發生一起墜樓事件，事發當時一名男子被發現墜躺在宿舍外2樓平台處，而經送醫搶救後仍是不幸宣告不治。據了解，這名男子是20歲的大二學生，至於詳細事發原因、經過仍有待進一步調查釐清。()
https://www.ettoday.net/amp/amp_news.php?news_id=1498357&from=rss,  ▲19歲少年與13歲少女性交遭對方家人提告，台中法院判他緩刑3年。（示意圖，與本案無關／Ettoday資料照）   記者陳玉／台中報導  台中19歲少年阿新（化名）前年1月間透過網路認識年僅13歲的少女，2人進而成為男女朋友並發生性關係，導致少女懷孕，少女父親發現後提告，他犯後與少女家屬達成和解，加上少女求情「2人還有情份」，希望法官給予緩刑；台中地院依妨害自主罪判他1年9月徒刑、緩刑3年，緩刑期間付保護管束，並接受法治教育課程3場次。  判決書指出，阿新在2017年1月間透過網路遊戲認識13歲少女，2人進而成為男女朋友，阿新竟將少女帶到摩鐵及他住處中發生2次性關係，導致少女懷孕，少女父親發現後怒而提告。  事後阿新坦承犯行，並與少女父親達成和解且已給付完畢，法官認為他有悔悟之心，刊可憫恕，因認為他所犯刑法對未滿14歲女子為性交罪，倘依法科以刑法最低度刑，仍嫌過重，依刑法規定酌量減輕其刑。  而少女也因彼此男女朋友等情分，不願對阿新提告，而阿新犯行時年齡介於19至20之間，且領有輕度身心障礙手冊，足見他年輕識淺、自制力不足外，思慮亦欠周全。  法官審酌，阿新因守法觀念薄弱而觸法，為確保其能記取教訓，並建立尊重法治之正確觀念，使他革除其不正心態，除緩刑宣告外，尚有採取預防再犯之措施，以確實輔導改過、避免再犯之必要，諭知應接受法治教育3場次。
https://www.ettoday.net/amp/amp_news.php?news_id=1506811&from=rss,  ▲15名工會成員2018年為抗議《勞基法》修惡而臥軌。（圖為資料照／記者宋良義攝）  記者劉昌松／台北報導  桃園市產業總工會秘書長姚念祖等15名工運成員，2018年初因不滿《勞基法》修惡，闖入台北車站月台握軌抗議，警方將姚等人依公共危險妨害公眾往來安危罪嫌移送法辦，但台北地檢署檢察官調查認為，當時列車已經停駛，實際上沒造成危害，6日以罪證不足等理由，處分不起訴。    ▲檢察官認為當時火車已經停駛，臥軌並未造成壅塞致生危害。（圖危資料照／記者黃克翔攝，下同）  2018年1月8日，立法院臨時會審查《勞基法》修正案，勞團號召群眾上街頭，表達對修法草案的不滿，兩度與警方爆發肢體衝突，到了晚間下班時間，桃園市產業總工會約百名成員突襲台鐵第三南下月台，高呼「拒絕過勞、撤回惡法」等口號，並發布「臥軌宣言」。  隨後多人突破警方封鎖線，總計7男8女跳下月台臥軌抗議，癱瘓鐵路交通近2小時，直到晚間7點40分才陸續被警方強勢抬離，依涉犯公共危險罪名帶回詢問，移送北檢。    據了解，陳抗者到案供稱，他們當時是看火車已停駛才下去軌道，檢察官考量，當時火車確實已經停駛，陳抗者臥軌行為並沒有損壞或壅塞鐵路致生往來之危險的可能性，不符《刑法》妨害公眾往來安危罪的構成要件與法院實務見解，因此處分15人均不起訴。  【其他新聞】  色運將送客到府　熟女醉癱被扶上床驚醒「下面有東西」  虛構共犯Eric遭揭穿　華山分屍凶嫌判死理由：重返社會恐再犯  UP正妹直播主月入46萬　「休息1個月」跳槽17&hellip;惡意違約賠500萬
https://www.ettoday.net/news/20190911/1533594.htm,經常在台灣電視本土劇擔任臨時演員的男藝人周長輝（31歲），11日驚傳遭台北市松山警方逮捕；警方表示，日前偵辦一起毒品持有案件，發現犯嫌供稱毒品來源是藝人周長輝，警方不動聲色溯源調查，今天收網前往他三重住處搜索，在屋內發現5小包安非他命、吸食器等犯罪工具，周落網後坦承吸食安毒、但否認販毒。()
https://www.ettoday.net/news/20190919/1538485.htm,高雄一名史姓人夫懷疑經營銀樓的妻子與長期配合的主治醫師有「特別交情」，並質疑妻子借款1億元供醫師買房，竟寄陳情書給醫院院長、監察委員、立委等人，讓史妻不堪其擾，一怒之下撕破臉向丈夫求償100萬元。高雄地方法院審理後，判史男應賠償妻子25萬元。可上訴。(房產,醫師,存款,陳情書)
https://www.ettoday.net/news/20191021/1561807.htm,苗栗縣近來傳出多起變裝大盜闖入校園行竊案，1名年約40歲的竊嫌男扮女裝並假冒學生家長於上課時間進入國小教室內行竊，偷走教職員的錢包、信用卡等財物，得手現金約3000元，加上盜刷信用卡上萬元，警方調閱相關監視器畫面已鎖定特定人士，正全力追查中。(男扮女裝,偷竊,校園)
https://www.ettoday.net/amp/amp_news.php?news_id=1520836&from=rss,  ▲台中市專勤隊在神岡查獲3名越南籍逃逸移工。（圖／記者李忠憲翻攝）  記者李忠憲／台中報導  陳姓工程小包商非法收留3名逃逸越南籍移工為他工作，並在宿舍設下監視器、無線電及密道，自以為可以平安躲過查緝。殊不知逃逸移工吹噓「抓不到」，反遭人檢舉。移民署台中市專勤隊日前一舉成擒，依法究辦，也證明「邪不勝正」。  移民署中區事務大隊台中市專勤隊日前獲報，神岡區某處鐵皮屋內，有非法雇主陳姓男子聘僱越南籍逃逸移工住在其中。經多日追查確定地點發現，陳男除了在鐵皮屋使用俗稱「千里眼」的監視器及「順風耳」無線電，並在屋後設有密道，讓逃逸移工免於遭查獲。而這些非法移工在工地跟同事吹噓炫耀，笑說執法人員肯定抓不到，    ▲▼雇主在逃逸移工宿舍設下監視器、無線電及密道。（圖／記者李忠憲翻攝）    雖然查緝難度高，專勤隊經埋伏跟監及沙盤推演後發現，陳男委託呂姓男子清晨會開廂型車接逃逸移工去工地，晚間再將他們載回。8月22日見時機成熟，埋伏幹員清晨趁移工準備上工時，突擊攔截車輛。  其中1名移工驚覺專勤隊人員上門，倉皇下車翻牆逃至密道企圖逃逸，未料該處早已部署查緝人員將其包圍緝獲。  陳姓非法雇主到案後坦認犯行，依違反《就業服務法》相關規定移請台中市政府裁處。被逮的3名越南籍失聯移工，經調查後將儘速強制驅逐出國。  【更多新聞】  ►老藥師殺妻自戕原因曝光！　兄弟房產分不攏子女不挺是主因    ►休旅車凌晨空地起火！男坐駕駛座「燒成焦屍」　兒淚崩：爸說想去看醫生  ►「雙膝十字韌帶斷過」　女警王翊馨勇奪世界警消運動會跆拳季軍
https://www.ettoday.net/news/20190724/1497009.htm,國安局少校吳宗憲、張恒嘉涉嫌幫忙團購私菸，吳為了證明自己沒有與私梟合作賺差價，主動交出一份50人的名單，其中還包含非國安單位的貴婦團，檢調預計近日就會約談這些「跟團」的買受人到案說明。目前檢方訊後以有串證之虞聲押吳、張兩人獲准，另外一起被帶回的特勤人員劉尊彰、潘秉忠等8人，則以20萬至50萬元交保。(吳宗憲,團購,私菸,國安局)
https://www.ettoday.net/news/20191118/1582258.htm,新竹一名羅姓正妹女警，2017年曾被新竹縣政府選為微電影「防狼任務」女主角，2019年她代男友家屬處理交通事故時，因擅自查詢當事人前科資料，遭到查獲，新竹地檢署認為羅員涉犯洩密罪，考量她深表悔悟，給予緩起訴1年處分。(個資,洩密,新竹縣警局,防狼任務)
https://www.ettoday.net/news/20190707/1484046.htm,水產王國「瓏豐水產」3年前乘著直播商機興起，一度業績上看近千萬元，水產大亨還搭著韓流順風車，推出無刺虱目魚「韓國魚」，以及龍蝦、帝王蟹等高級水產；但如今瓏豐水產卻驚傳一夜倒閉，在外負債累累，公司還遭到黑道包圍。對此，蔡志祥則選擇神隱，拒不露面說明。(水產,瓏豐,倒閉,黑道,台南)
https://www.ettoday.net/news/20191021/1562000.htm,21日台北市議員梁文傑在自己臉書粉專PO文，發現今天下午3時許，曾宣布以「世界台灣皇帝」名義再2011、15年參選總統的藍信祺，當時在中山南路設立總統連署攤位，但他的攤位卻張貼「殺蔡英文」布條引發爭議，有熱心民眾向市議員梁文傑檢舉(世界皇帝,藍信祺,市議員,梁文傑,中正一警方)
https://www.ettoday.net/news/20191117/1582070.htm,鄭姓女子與前女友蕭女分手後，因不滿對方不出面處理2人先前共同承擔的車損賠償責任，於是在臉書將蕭女個資曝光還懸賞。新竹檢方依違反個人資料保護法將鄭女提起公訴。(分手,個資,情侶,同性,金錢糾紛)
https://www.ettoday.net/amp/amp_news.php?news_id=1516735&from=rss,  記者黃翊婷／綜合報導  高雄26歲周姓男子2016年間獲准前往美國留學，這一去至今都沒有回來台灣，就算家人接獲徵兵體檢通知也不理會。雖然他的母親稱兒子還要繼續上學，不是故意不回來，但高雄地院法官認為，他的行為的確有逃避兵役的犯意，最後依妨害兵役治罪條例第3條第7款之妨害役男徵兵處理罪，判處3月有期徒刑，得易科罰金9萬元。    ▲26歲的周男應該返台服兵役，卻滯留於美國不回來。（示意圖／國防部發言人粉絲專頁，與本案無關）  判決書中提到，周男明知依法應該履行兵役義務，2016年12月28日經內政部入出國及移民署核准，以就學的身分出境前往美國，沒想到逾期至今仍未返台，顯然已經超過役男出境處理辦法第5條規定的役男出境就學最高年限，高雄市鳳山區公所2018年1月發函催告，要求他在6個月內返台接受徵兵處理，沒想到周母簽收之後就沒有下文。    ▲周母聲稱兒子還要繼續在美國求學。（示意圖／取自免費圖庫pakutaso，與本案無關）  事情鬧上法院後，周母才在偵查過程中辯稱，兒子從美國的大學畢業後就在當地工作，現在已經取得工作簽證，等到工作簽證到期才能繼續上學，到時應該就會回來了，「我收到徵兵檢查的通知後，也有告知他。」  不過，高雄地院法官認為，周男經母親轉告，知道自己應該接受徵兵檢查，卻依舊無視且沒有返台接受處理，還打算在工作簽證到期後繼續求學，顯然是想以求學、工作為由繼續滯留美國，沒有返台服役的意願，主觀上有逃避兵役檢查之意圖，因此依妨害兵役治罪條例第3條第7款之妨害役男徵兵處理罪，判他3月有期徒刑，得易科罰金9萬元，全案仍可上訴。  ►超爽DER！點我現賺 2188
https://www.ettoday.net/news/20191008/1553091.htm,移民署新北市專勤隊破獲雙北最大應召站，綽號「吳董」的吳誌麒在雙北經營色情護膚、卡拉OK超過10年，海撈破3億元，全盛時期旗下小姐多達500人；經紀人「文哥」邱文聰也透過印尼女友「妙妙」招攬同鄉逃逸女移工下海賣淫。新北地院判決，吳誌麒共9罪合併判刑3年2個月，邱文聰5年7個月，妙妙3個月。

()
https://www.ettoday.net/news/20190216/1379327.htm,花式撞球好手余依珊，在2017年時招攬一群酒店正妹組成剝皮軍團，讓80多位火山孝子受害，最後因詐欺罪淪為階下囚。沒想到，余依珊的老公孫凱倫另起爐灶，找來陸藉女子跟被害人談情說愛，最後進行剝皮詐財，2年多來獲利數千萬，只是最後還是被警方查獲送辦。(剝皮酒店,余依珊)
https://www.ettoday.net/amp/amp_news.php?news_id=1486081&from=rss,  ▲18歲女擲筊請走神像挨告竊盜，檢察官認定她依照習俗獲得神明允准，並無不法意圖不起訴。示意圖與本案無關。（圖／記者周宸亘攝）  突發中心／台北報導  18歲謝姓女子為求姻緣到一間四面佛廟拜拜，在經過擲筊後拿走了陳列在一旁櫃子裡的1尊小狐仙，廟方發現後對謝女提告竊盜，但檢察官認為，謝女是依照民間習俗，經過擲筊神明允許後才請狐仙回家供奉，並沒有不法意圖，因此以不起訴處分。  檢方調查，謝女因為想要提升異性緣，3月22日到了位於大同區延平北路上的一間四面佛廟參拜，謝女在擲出聖筊後，取走櫃子中的神像，但事後廟方主張，該神像只是擺放在櫃子上，並未提供給信徒請回家供奉，因此控告謝女竊盜。  檢方調閱監視器畫面，發現謝女當時雙手合十，嘴上還念念有詞，擲筊後卻認為一正一反的聖筊後，才拿走小狐仙神像，且她當時是將神像捧在手上，與一般人要偷竊物品時的藏匿動作不同。  另外，三層櫃中有數十尊神像，只有第一層的神像前面有香爐，謝女可能誤認放在第二層的小狐仙，是宮廟提供讓信徒請回家的，而案發後謝女也主動將神像歸還廟方，因此認定她沒有不法意圖，予以不起訴處分。  【更多新聞】  喊原住民「番仔」！女導遊稱台東嘉蘭村「失落的部落」　族人炸怒：不准再來  保母涉虐童！90公分童血濺2公尺成植物人　法官：「無法證明她動手」判2年  為錢翻臉...他怒把兄弟鎖門外！直奔進房強X對方女友　20分鐘「噴射」2次
https://www.ettoday.net/amp/amp_news.php?news_id=1516170&from=rss,  ▲光華巴士司機因過勞而中風，最高法院判賠820萬元確定。此為示意圖，與當事人無關。（圖／免費圖庫／pakutaso）  記者吳銘峯／台北報導  光華巴士李姓司機2013年11月28日凌晨駕駛末班車回總站時，突然在車內暈倒，送醫急救診斷為腦中風合併腦水腫、高血壓心臟病，已無工作能力且需專人24小時照顧。司機因長時間超時工作，起訴要求光華巴士賠償1723萬餘元，一審判賠238萬，二審加碼改判賠820萬元。案經上訴，最高法院19日駁回上訴確定。  判決指出，李姓司機1999年即進入光華巴士，月薪5萬元，但長時間超時工作。他在2013年11月28日凌晨駕駛末班車回到總站，突然在車內暈倒，緊急送醫急救，被診斷為急性出血性腦中風合併腦水腫、水腦症、高血壓心臟病，經勞動部勞保局鑑定，符合職業促發腦血管及心臟疾病之職業病認定基準，目前已無工作能力，且需專人24小時照顧。  司機認為自己長時間超時工作，起訴請求光華巴士與呂姓負責人連帶賠償1723萬餘元。一審法院審理後，判准238萬餘元，雙方均上訴第二審。二審高等法院審理後，查出2013年5月5日至17日連續工作13日、同年6月10日至22日則是連續工作13日、同年6月24日至7月12日則連續工作19日，總6月10日到7月12日，33天內李男僅6月23日1天休假日。  另外高院也清查他的工時，發現他自2013年5月到10月，每月工作時數分別為260.7、245.4、259.9、255.1、258.0、267.6小時，而意外發生當月計至27日止的工作時數，也有225.9小時，遠超過每月184小時之工時限制；總計每個月最少超時工作60小時，最高甚至超時83小時，等於1個月多上班10天，屬於嚴重的長期工作過重情形。高院因此認定光華公司顯然違反《民法》與《勞基法》相關保護勞工工時、身體的相關規定，必須賠償，改判光華巴士必須賠償820萬餘元。  案經上訴第三審，最高法院審理後，19日駁回雙方上訴，全案就此確定。
https://www.ettoday.net/news/20190601/1458053.htm,彰化市公所興蓋第二納骨，2017年底當時擔任彰化市民代表會主席楊惟欽與民政課長林宏柏，涉嫌對承包彰化市立納骨塔整修案的廠商施壓索賄200萬元，當時震驚政壇，彰化地院5月31日宣判，楊惟欽以違反貪污治罪條例，重判有期徒刑12年6月、褫奪公權6年，林宏柏判有期徒刑7年、褫奪公權4年。(第二公墓,納骨塔,楊惟欽,邱建富,彰化市代會)
https://www.ettoday.net/amp/amp_news.php?news_id=1496816&from=rss,  ▲傅姓男子雇請工人施工採光罩工程，疏忽設置安全維護導致工人摔死挨告。（示意圖／視覺中國CFP）  記者沈繼昌／桃園報導  桃園市傅姓男子去年1月間承攬大溪區某國中採光罩工程，僱用胡姓工人施工，其中胡姓工人施工拆除舊螺絲帽時，疑似踏穿採光罩從2.9公尺高摔落地面，因未戴安全帽導致頭部重擊地面，送醫急救2天後仍宣告不治，檢方以傅姓男子違反職業安全衛生法規定，偵結依業務過失致死罪提起公訴。  檢警調查，54歲的傅姓男子去年1月承攬大溪區某國中採光罩更新工程，僱用胡姓、黃姓工人施工，1月13日上午9時，胡姓工人進行舊採光罩螺絲拆除作業，因腳踩在採光罩時不慎踏穿採光罩，從2.9公尺高摔落地面，頭部因未配戴安全帽導致重擊地面昏迷，送醫後在加護病房插管急救，2天後因腦部重傷，家屬同意拔管後不治。  檢警勘驗時，因工地現場未設有安全通道、安全網、30公分踏板與防墜柵欄，胡施工時又未配戴安全帽，顯示傅姓男子確有疏於安全維護事實，檢方根據桃園市政府勞檢處職災檢查報告提出未於遮雨棚光罩設置安全通道、安全網等安全維護設施，違反職業安全衛生法第37條第2款之死亡職災之事實，檢方認為，傅姓男子事後與死者家屬達成民事和解，並簽有和解書，犯後態度尚稱良好，偵結依業務過失致死罪提起公訴。  【更多新聞】  ►中油觀音外海天然氣接收站補償談不攏　百艘漁船海上繞場抗議  ►總部6棟主建物全違建！市府鐵腕強拆　「台灣民政府」悄悄遷移到平鎮  ►2賣場工讀生發現漏洞「一起鑽」！低價爽買PS4、曲面螢幕　侵占逾23萬    &nbsp;
https://www.ettoday.net/news/20191031/1568488.htm,擁有52萬粉絲的臉書專頁《停班停課最新通知》創辦人羅姓男子日前爆出醜聞！有受害者爆料，羅男從大學時期開始不時透過臉書傳送裸露私密部位的不雅照給同性同學、友人，受害者遍及學長、同屆到學弟。受害者表示，一開始只覺得是此事傳聞，直到近半年來事件發生在自己身上才相信。(停班停課最新通知,創辦人,臉書,粉絲專頁)
https://www.ettoday.net/amp/amp_news.php?news_id=1514011&from=rss,  ▲ 2農為耕地起口角扭打，你揮鋤頭、我舞柴刀練身體。（圖／取自免費圖庫stocksnap）  記者郭世賢／新北報導  新北市金山區李、戴姓男子，因農地除草起口角爆發衝突，兩人分別持柴刀、鋤頭互相揮砍。戴的鋤頭被李男奪走，見李要把鋤頭帶回家，一路尾隨李男，在途中又打了起來，兩人因此雙雙掛彩。戴控告對方涉嫌殺人未遂。檢方認為，戴自行尾隨李返家，並未遭受李追殺；且戴手指骨折，是因雙方扭打跌倒受傷，李男予以不起訴。  檢警調查，2019年4月23日下午1時許，李和戴因爭農地耕種，兩人在新北市金山區某處農地起衝突，當時戴拿著鋤頭在農田除草時，李手持一把柴刀出現，問他「誰准你在這邊除草？」兩人因此起口角  戴男提告表示，他拿鋤頭，李拿柴刀互相揮砍，他用鋤頭戳向李，不料，李一手抓住鋤頭，另一手把柴刀揮了過去，他只好鬆手，最後鋤頭被李給搶走。  戴男說，李搶走鋤頭後帶回家，他一路尾隨李，當時李一手持柴刀，另一手拿著鋤頭，他出手搶刀時，又發生扭打，兩人雙雙跌倒受傷，竟造成戴右手食指骨折，最後警方將李依殺人未遂罪移送法辦。  檢察官認為，戴右手指骨折，是因雙方扭打跌倒所致，並非遭李持刀砍傷，李也未對戴採取刺殺等舉動。此外，戴的鋤頭被李奪走後，自行尾隨李返家，並非遭受李追殺，偵結不起訴。  檢警調查，李帶著戴的鋤頭返家時，曾用髒話辱罵李，事後李控告戴涉嫌傷害及公然侮辱。檢方偵查時，因李男撤回告訴，予以不起訴。
https://www.ettoday.net/amp/amp_news.php?news_id=1535557&from=rss,  ▲內政部長徐國勇聽聞警員烤肉被檢舉，特別跑到派出所打氣。（圖／記者邱中岳翻攝）  記者邱中岳／台北報導  北市中山分局大直派出所，13日中秋節當天烤肉遭民眾檢舉，此舉引起軒然大波，但內政部長徐國勇聽聞此事，特別在14日晚上到大直派出所慰勤打氣，希望警員別因此事影響士氣。    ▲內政部長徐國勇在14日晚上到烤肉遭檢舉的大直所慰問打氣。（圖／記者邱中岳翻攝）  北市中山分局大直所，在13日中秋節當天烤肉遭民眾檢舉，徐國勇14日晚上6時許，突然跑到北市中山分局大直派出所慰問打氣，希望派出所同仁勿因此事而影響士氣及個人情緒，繼續堅守工作崗位。  徐國勇更指出，所長為體恤休假及勤餘無法返鄉過節同仁，特於中秋節當日舉辦烤肉活動並邀請家屬共度佳節，並無不當且為人情之常。  超爽DER！點我現賺 2200  【其他新聞】  內湖加油站2員工加班失蹤&hellip;竟遭強擄帶走2天！　警武裝攻堅  專走後門！埋伏防火巷潛民宅偷50萬...還有5家也被他狂掃
https://www.ettoday.net/amp/amp_news.php?news_id=1522471&from=rss,  ▲3男雖堅稱沒有性侵少女，仍遭檢方起訴。（示意圖／Pixabay）  記者翁伊森／嘉義報導  嘉義去年發生黃、蔡、洪姓三名男子疑似輪流性侵年僅14歲少女一事，事後三人還聘僱計程車將少女送走，事情後經少女跟同學透露後才爆發，少女父親得知後憤而向派出所提告，三男子到場後堅持否認與少女認識。該案因少女及兩名證人和學校輔導老師指證歷歷，加上有員警製作現場圖、相關採證照片以及少女親手描繪的現場圖，檢方認為3名被告說法不可採信，27日依法提起公訴。  黃、蔡、洪姓三名男子到案後否認性侵少女，蔡男更堅稱少女是弟弟國中同學，偶爾會在廟會場合遇到，彼此並不熟絡，也沒有她的聯絡方式，對於少女直指他們性侵，甚至可以畫出現場圖，相關指證讓他們都覺得不可思議，但是「他們真的沒做」，檢方依據被害少女及輔導老師等相關說法，認為3名被告說法違悖常理，將三人依妨害性自主罪嫌提起公訴。  黃男說自己有見過少女但並不熟識，自己當天不在家，更不清楚案發當日少女有沒有去過他的住家，至於少女能清楚把現場格局、空間畫出來提供給警方，他並不了解。洪姓被告也說不認識少女，案發當時他人自己的家，不知道少女到黃男家中。  地檢署起訴書指出，被告蔡、黃、洪三名男子，去年7月1日當天在黃男嘉義縣住家，輪流性侵少女後還聘僱計程車將少女載離現場，因少女事後跟同學聊起不堪回憶，校方得知後隨即知會家長，才讓這起集體性侵案曝了光。
https://www.ettoday.net/amp/amp_news.php?news_id=1525496&from=rss,  記者莊智勝／台南報導  台南市一名年約50歲的蘇姓婦人酷愛檢舉，曾騎車跟蹤另名婦人7公里就為揪她違規，日前還大鬧市場攤販，令地方上頭疼不已。近日，蘇婦轉戰開基玉皇宮，連日到場站崗、叫囂謾罵，警方獲報到場後也莫可奈何；廟方人員忍無可忍，30日上午當場委託律師，並對蘇婦提告《刑法》「妨害祭禮」及違反《社維法》，警方也當即受理，立即將蘇婦上銬，並依現行犯逮回偵訊。廟方人員還在臉書PO文歡慶，「正義得到伸張！」  據悉，蘇姓婦人戰績相當彪炳，過去曾在醫院對著護理人員咆嘯、還大鬧警所，並在偵訊室中「排便」；今年7月，蘇婦因不滿另名邱姓婦人騎車時速僅有30公里，竟開啟「錄影模式」一路尾隨7公里，就為了抓邱婦違規，豈料都跟到邱婦家門前還是一無所獲，蘇婦竟然爆氣選擇「蹲在門口」，伺機等待對方出門後再繼續跟拍，直到警方到場制止，並告知此舉可能違法後，蘇婦才悻悻然離去；8月初，蘇婦又到鴨母寮市場大鬧，刻意找攤販的碴，罵累了，還會拿出香蕉補充體力。  事隔近月，蘇婦轉往宮廟大鬧。主祀玉皇上帝的台南開基玉皇宮在臉書上PO文訴苦，直指蘇婦一連到場騷擾數日，凌霄寶殿上充滿了這位魔人的叫囂、謾罵聲，更慘的是，連員警到場後都對她束手無策，只能任由她繼續大鬧天宮。  開基玉皇宮指出，蘇婦的手段都是同一模式，先是以言語挑釁，激起對方的不悅，進而發生言語爭論、從中尋找把柄；此外，蘇婦還會刻意「胸撞」，並以手機蒐證控訴對方性騷，進而報警、提告求償，荒謬舉止還被網友封為「碗粿魔女」。    ▲蘇婦先以言語挑釁，再拿出手機錄影蒐證，進而提告求償。（圖／翻攝「台南開基玉皇宮臉書」）  「她早上6點就來報到！」廟方人員表示，蘇婦29日從早就開始騷擾、吵鬧到下午1點多，現場員工受不了報警，蘇婦也跟著報警，還對著到場的員警劈頭大罵「瀆職」；而警方似乎也拿她沒轍，僅能溫言勸導。廟方眼看蘇婦越鬧越帶勁，無奈之餘只能死守「三不原則」，堅持不談話、不動手、不理會，「只能默默祝福，她有一天鬧累了離開，別無他法！」  眼見現場眾人都拿她沒辦法，蘇婦30日清晨再度到開基玉皇宮大鬧，只是這次廟方再也忍無可忍，當場委託律師、並正式提出告訴，控告蘇婦違反《刑法》第246條「妨害祭禮」、及《社維法》第68條「藉端滋擾住戶、公司行號和公共場所或公眾得出入之場所」，警方也當場將蘇婦上銬帶回偵訊；廟方事後還PO文歡慶，「檢舉惡魔被警員上銬，正義得到伸張！」此外，廟方管理委員會也強調，經決議後已將蘇婦列為「不受歡迎人物」，爾後再到廟中滋擾，將會持續報警驅離。  【更多新聞】  ►堂姊獲遺產...他秒流口水！誆合夥狂撈「600萬」　她帳戶全空驚喊：被騙了  ►「3萬元汽車買賣糾紛」喬不攏！男替女友出頭被開3槍&hellip;鐵皮小客廳濺大片血  ►男剛入獄3天「綠到出汁」！陣頭哥兒們染指17歲小女友&hellip;挨告性侵結局超逆轉    ▲廟方貼出公告，將蘇婦列為「本廟不受歡迎人物」。（圖／翻攝「台南開基玉皇宮臉書」）
https://www.ettoday.net/news/20191226/1610524.htm,新北市板橋區26日凌晨驚傳街頭喋血案！2名男子日前有債務糾紛，其中一方趁著對方3人在一處酒吧消費時，共4人持多把刀械前往尋仇，雙方一見面當場大打出手，混亂中3人遭到砍傷，被送醫急救，並無生命危險，而尋仇一方則全數逃逸，經警方策動後，4名尋仇男子全數到案，將依殺人未遂及傷害罪嫌偵辦。(持刀,濺血,債務)
https://www.ettoday.net/amp/amp_news.php?news_id=1534256&from=rss,  ▲31歲男子吳茂騰與42歲張姓女子姐弟戀同居在一起，因張女提分手發生爭吵，被吳男涉嫌勒斃再將屍體以鋸子支解7塊，裝袋後棄置於生產路附近之草叢內。（圖／記者林悅翻攝，下同）  記者林悅／台南報導  31歲男子吳茂騰與42歲張姓女子姐弟戀同居在一起，2019年1月間因張女提分手發生爭吵，被吳男涉嫌勒斃再將屍體以鋸子支解7塊，裝袋後棄置於生產路附近之草叢內，檢方依殺人罪嫌起訴，台南地院9月12日開辯論庭，吳男否認計畫殺人，並欲向家屬表達歉意，被家屬嚴拒，家屬希望法院判吳男死刑。    台南地院合議庭12日上午召開辯論庭，吳男向法庭稱不是計畫殺人，辯護律師主張「間接故意」，認為吳男是在雙方口角後發生拉扯，而徒手力道過大造成張女窒息，並強調這是因感情因素，不被原生家庭所接受而引發爭執，並非故意而是失手所致。    惟檢方強調，將人勒住頸部重要部位，被害人一定會反抗掙扎，被告勒住3至5分鐘沒有停手，直至對方沒有反應，已顯有直接故意犯意，事後還用手機充電器電線圍繞，確認被害人沒有呼吸、動作才鬆手，可見吳男故意致人於死，建請法官依殺人及毀損屍體罪量刑。  被害人妹妹則證稱，之前吳男中秋節、過年都和她們一起過年團圓，沒想到竟狠心殺害姐姐，這叫人情何以堪，現在聽到吳男的名字會叫人害怕，被害人妹妹並向法官表達「判死刑」是她們全家人的訴求。  吳男向法官表示很懊悔，他也不希望發生此事，他想當庭向張女家屬致上最深的歉意，但被張女家屬當庭嚴拒，張女兒子並表示：「我媽都走了，還要什麼道歉」。    據了解，2019年1月24日，42歲張女兒子於向台南市警一分局報案，稱其母親已失聯多日，一分局員警本於同理心，想著春節即將到來，為了讓失蹤人口能於春節團圓，除立即受理通報相關單位協尋外，並深入瞭解其母親張女之交友、生活狀況，調閱比對相關資料，訪查相關人，從調查跡證研判失蹤人口張女可能已遇害，即馬上成立專案小組，並報請台南地檢署檢察官指揮偵辦。    警方於2月1日凌晨發現被害人張女使用之交通工具停放於台南市東區生產路附近的路段，即派員會同家屬勘察該車輛，發現該車已經遭清洗，再深入追查，被害人31歲男友吳茂騰曾使用該車嫌疑重大，檢察官立即簽發拘票緊急拘提吳男到案並執行搜索。  吳男坦承因感情糾紛與被害人發生爭吵，1月8日晚上在台南市東區崇明13街租屋同居處，勒斃被害人，再將屍體以鋸子支解成7塊，裝袋後棄置於台南市東區生產路附近草叢內，並帶同警方尋獲遺體。全案偵訊後依殺人罪嫌提起公訴。  ►修圖修到厭世！這款CP值很可以  【更多新聞】  ►絞勒女友15分鐘再切7塊分屍餵狗　法官認吳茂騰手段兇殘仍判免死  ►台南姐弟戀爭吵&hellip;女遭勒死「鋸成7塊」　狠男逃死判無期徒刑
https://www.ettoday.net/news/20191103/1571318.htm,刑事局9月推出公益寫真年曆，刑事警察局從上千名刑警菁英中選出25官警擔任月曆形象大使；3日有平面媒體踢爆該月曆某外勤隊女幹員（30歲），掛階2線3星的形象大使居然竟是台商小三；女警官懷疑遭對方設局仙人跳，會採取法律行動捍衛自己清白。(刑事局,外勤隊,女警官,形象大使)
https://www.ettoday.net/amp/amp_news.php?news_id=1531672&from=rss,  ▲一名男子求愛不成，當街砍殺未成年少女，9日遭羈押獲准。（圖／記者吳奕靖攝）  記者吳奕靖、陳韻如／高雄報導  高雄鼓山區7日下午發生一起當街砍人事件，一名20多歲男子疑似追求不成，竟持刀猛砍一名高中少女20多刀，目擊民眾見狀嚇壞，並報警處理。警方獲報後，緊急將少女送醫搶救，並當場逮捕砍人男子，在經過連夜偵訊，檢方9日聲請羈押獲准。  附近民眾表示，受害少女就讀高中，事發當天正與男子談分手，但男子不願意，竟情緒失控持刀猛砍。少女情急之下用手阻擋，手指當場遭砍斷，而附近民眾見狀立刻衝出來協助，並撿回斷指，隨後報警，無奈少女手指仍來不及接回。  警方獲報趕抵現場後，緊急將少女送醫搶救，並當場逮捕砍人男子，而經過連夜偵訊，檢方9日將男子聲請羈押獲准。此外，少女目前仍在加護病房觀察中，詳細的事發經過還有待警方進一步調查釐清。    ▲未成年少女當街遭砍，地面留有斑斑血跡。（圖／記者吳奕靖攝）
https://www.ettoday.net/amp/amp_news.php?news_id=1534433&from=rss,  ▲2018年時才有少女誤食巴拉刈身亡，周男竟於2019年6月間，登報造謠巴拉刈可防登革熱，遭罰4000元。（圖，資料照／中國附醫提供）  記者羅志華／台北報導  男子周志展化名「陳鼎」以「登革熱發大財」為題投稿《自由時報》，並於2019年6月25日在A13版刊登，內文提及只要口服3c.c農藥「巴拉刈」，數小時內就可將病媒蚊叮咬機率降至趨近於零，且患者因登革熱死亡的機率也會大幅下降，但「巴拉刈」對人體有劇毒，2018年時1位張姓少女更因誤飲「巴拉刈」，住院3天後就不治身亡；周男造謠誤導民眾，新店簡易庭於9月10日，依違反社會秩序維護法判他罰鍰4000元。  法院審理時，周男辯稱文中未提及「巴拉刈」可治療登革熱，也沒建議民眾服用「巴拉刈」，且「巴拉刈」劇毒眾所周知，他投稿是為了提醒民眾「巴拉刈」的危險性，並非想造成他人恐慌。  但6月25日刊登在《自由時報》的內容中，僅見「登革熱患者口服3c.c.巴拉刈，數小時內便可將病媒蚊叮咬機率下降趨近於零」、「患者因登革熱死亡之機率也會大幅下降」等詞，並未特別註明「巴拉刈」為劇毒，一般民眾不見得會知道「巴拉刈」有劇毒；且大多數人都仰賴網路、媒體取得資訊，平時也難以求證，刊登如此離譜的內容，已誤導民眾造成恐慌。法院依違反社會秩序維護法，判周男罰鍰4000元。  南投1位張姓女國中生於2018年間某日深夜，半睡半醒間誤喝了1口「巴拉刈」，雖當下感到強烈藥味即趕緊吐掉，但送醫後只撐了3天就不治身亡。    ▲中國附醫毒物科洪東榮 主任提醒民眾，若誤食巴拉刈，要趕緊灌水催吐，可有效降低死亡率。（圖，資料照／中國附醫提供）  中國醫藥大學兒童醫院兒少保護中心召集人、兒童神經科醫師張鈺孜表示，「巴拉刈」毒性超強，患者中毒後口腔黏膜常有潰瘍，初期會出現噁心、嘔吐、腎小管壞死、肝細胞毒性及膽汁滯留等症狀，短時間內即會導致肝、腎多重器官衰竭、肺部纖維化和呼吸衰竭，即便只是喝了一小口，死亡率都高達6-9成。  中國醫藥大學附設醫院毒物科主任洪東榮表示，巴拉刈是一種除草劑，誤食後會破壞身體大部份器官，氧氣濃度越高的，傷害就越大，最大的傷害在肺部，患者最後往往會缺氧，以目前市面上販賣的24%巴拉刈來看，成年人只要不小心喝一口，死亡率就會超過50%以上，活下來的患者，肺部也會受到輕重不等的傷害。  不過，若不小心誤食巴拉刈，仍可想辦法自救。洪東榮表示，巴拉刈裡有催吐劑，病人下肚後就會想吐，國外研究指出，誤食後只要大量喝水，「一直喝一直吐」，在第一時間減少毒性吸收，死亡率就可從8成降到剩2成。另有研究指出，若在吃飯時不小心誤食巴拉刈，死亡率也會降低10%。  &nbsp;  夜深了...千萬別讓腦公看到  【更多新聞】  影／她工作50年「兒子都不親」&hellip;400萬退休金姊夫失智「全沒了」嘆：日子難過  律師怒告郭台銘選總統「不誠實」&hellip;求償100億！網酸：韓國瑜落跑要賠多少   陳菊連環告吞首敗！費鴻泰評「落井下石、誆騙災民」皆屬有據　獲判無罪 
https://www.ettoday.net/news/20190224/1385682.htm,台中市七期名店「永采烘焙坊」遭離職員工控訴超時工作，還向實習女大生求償59萬，事件鬧得沸沸揚揚，更因此關店。美女老闆彭文潞因將4名員工「高薪低報」勞健保，藉此短繳勞健保費及少提繳勞工退休金共近18000元。台中地院審結，依詐欺得利罪判5月，得易科罰金，緩刑2年，全案可上訴。(彭文潞,永采烘焙坊,高薪低報,勞健保,詐欺,台中地院)
https://www.ettoday.net/news/20191113/1578843.htm,台北市立建國中學日前發現，校內管制的圖書館系統疑遭駭客入侵，台北地檢署接獲報案展開調查，發現周姓畢業校友涉嫌妨害電腦使用罪，周男被傳喚到案後，坦承因為不滿校方紀錄所有學生個資，所以嘗試入侵表達抗議，至於侵入方式，只是「密碼猜一下就進了」，建中得知是優秀校友所犯，考量未實際損失而撤告。()
https://www.ettoday.net/amp/amp_news.php?news_id=1527502&from=rss,  ▲▼13歲少年在溪中漂流。（圖／記者翁伊森翻攝）  記者翁伊森、戴若涵／嘉義報導  嘉義縣一名13歲少年2日清晨6時許突然失蹤，讓家屬全嚇壞，趕緊報警處理！有附近居民表示，有在朴子溪上游看見他。經過一天一夜的協尋，警消終於在3日中午接獲通報，少年卡在月眉潭橋下的大石塊上，所幸人沒有大礙。  據了解，13歲少年罹患身心疾病，2日清晨6時左右，在太保市麻寮里失蹤，家屬發現後，趕緊報警處理，後來有民眾表示，曾在朴子溪上游河床看見少年的蹤影，讓家屬整顆心提更高，擔憂孩子是否落水。    但家屬和警消人員到場，卻遲遲搜尋不到人！直到3日中午，有民眾通報，在新港鄉月眉潭橋發現少年行蹤，警消人員趕緊趕到現場救援，只見他卡在河床中間的大石上，所幸人雖虛脫，但意識清楚，目前已被救上岸。  至於少年為何會在溪中漂流，仍有待警方進一步調查釐清。    【更多新聞】  	超正女師「真理褲照」瘋傳！172cm辣曬雪白長腿　投入偏鄉教育羞喊：不好意思    她前腳才走...男友晚餐加料捧給女兒吃　下秒「扒衣衝刺」痛醒女童：我不持久    載老婆到南投玩...他騎重機猛撞分隔島！夫妻噴飛相距20m雙亡　號誌連根拔起
https://www.ettoday.net/news/20191104/1571758.htm,高雄十全二路一帶9月份開始出現檢舉達人，當地多名店家與住戶陸續接到罰單，少則3、5張，多則10多張，甚至有人接到30張以上，每張罰單需罰600元，民眾雖自知違規，但為規避檢舉，紛紛用布條、紙板遮住車牌來避免被拍照，乍看就像汽車戴口罩。(遮蔽車牌,檢舉達人,三民區)
https://www.ettoday.net/news/20190924/1541945.htm,西門町峨嵋停車場2015年發生雙屍命案，2名販毒集團小弟因為毒品買賣黑吃黑，2人遭槍殺後被堆疊在汽車後座。檢警事後逮捕兇手陳福祥，一二審均判處死刑。案經撤銷發回，高院24日更一審宣判，仍認定陳福祥犯2個殺人罪、手段兇殘，再度判處死刑，這是陳福祥第三度遭判死刑。可上訴。
(法律,人權,西門町,雙屍,陳福祥,死刑,槍殺,更審,毒品)
https://www.ettoday.net/amp/amp_news.php?news_id=1527834&from=rss,  記者鄒鎮宇／台北報導  台北市西門町凌晨發生街頭鬥毆事件，一名黑衣年輕男子酒醉後對著路人嗆聲「跨殺Ｏ！（看甚麼看）」，導致被嗆的白衣男子不滿出手，雙方扭打成一團，而黑衣男的女友想勸架卻不斷被拉扯、摔倒，非常可憐。  黑衣男子8月25日凌晨酒醉在路邊休息，突然不明原因對旁邊的白衣男子嗆聲，他的女友也上前阻止，想要制止男友失控的行為，此時白衣男瞬間出拳，差點就打到黑衣男的女友。    ▲▼黑衣男嗆聲，女友卻無端受到波及。（圖／東森新聞）      「不要推她喔！」黑衣男看到幫忙擋拳的女友被推擠，立刻揮拳攻擊，而白衣男與朋友們也上前飛踢、嗆聲，雙方持續至少3個回合的爭吵與出手，黑衣男的女友也跌倒、被拉扯，情況非常可憐。  附近的居民都在清晨5時被吵架聲嚇醒，紛紛下樓查看。事後，警方獲報到場，先出手的白衣男子早已離開，被打的黑衣男則說「沒有打架也沒有糾紛」，拒絕對白衣男提告。
https://www.ettoday.net/news/20190330/1411345.htm,台南神經外科主治醫師程國忠被控作假病歷，提供病患申請外籍看戶或向勞保局詐領失能給付金，並向仲介收取回扣，2年不法所得破千萬。檢調日前依詐欺、偽造文書罪將程送辦，卻被法官裁定30萬元交保，因此提起抗告，要求收押偵辦。(台南,新樓醫院,程國忠)
https://www.ettoday.net/news/20191002/1547713.htm,位在宜蘭南方澳的跨港大橋，在1日上午9點30分許發生崩塌意外，截至目前為止已知4死2失蹤。意外發生後本刊調查，當時橋樑的設計商就是「亞新工程顧問股份有限公司」，亞新公司在國內可說大名鼎鼎，承包淡海輕軌、新北市捷運三鶯線等多項工程，20年來承攬577件政府工程，連新北市前副市長高宗正也在該公司任研發長，還一度引發立法委員段宜康質疑。(周刊王)
https://www.ettoday.net/news/20190529/1455607.htm,宜蘭前縣議員邱嘉進，在第18屆議員任內，利用職務上機會，以詐術多次將不實文件送交縣議會，致承辦人員陷於錯誤，將每月8萬元助理補助費等撥入相關帳戶後據為己用，宜蘭地檢表示，詐領總金額逾2百萬元，因認邱涉嫌貪污治罪條例等罪嫌才聲押。(宜蘭,縣議員,邱嘉進,貪污,聲押,民進黨)
https://www.ettoday.net/news/20191218/1604373.htm,台中市烏日區17日晚間8時許發生一起嚴重車禍，林姓貨車司機行經中山路二段一間物流公司大門前時，意外撞上騎腳踏車路過的國二林姓女學生，造成林女重傷當場失去呼吸心跳。(貨車,烏日,台中,物流車)
https://www.ettoday.net/amp/amp_news.php?news_id=1514978&from=rss,  記者趙永博／新北報導  新北市三峽區中正路一段上一處知名串燒店前，17日凌晨1時許傳出槍響。據了解，當時是33歲的蘇姓男子與18歲的胡姓少年，疑因債務糾紛在串燒店外起口角，後來更找來青少年並吵了起來，過程中蘇男還鳴槍示威，目擊民眾見狀打電話報警，警方獲報後迅速趕抵現場，逮捕了蘇、胡2人，並繳獲2把槍械，即時阻止了更嚴重的衝突發生。    ▲三峽串燒店前傳債務糾紛，男子開1槍示威，警方即時到場阻止衝突擴大，警方帶回2名涉案男子。（圖／記者趙永博攝）    據悉，蘇男與胡姓少年有一筆3萬元的債務糾紛，17日凌晨雙方在中正路一段上的串燒店外，為了一筆3萬元的債務起了口角，各自打電話叫來支援人力，蘇男更在店門口鳴槍示威。民眾見到有青少年聚集並聽聞槍響，立即打電話報警，由於事發地點距離三峽警分局僅百米遠，警方很快就趕抵現場，並控制了整個場面。    ▲▼轄區派出所長到場指揮，並派出16名快打警力前往支援。（圖／記者趙永博攝）      到場的員警見到現場有大批青少年聚集，又叫來16名快打警力到場協助，由於衝突雙方並未動手，所以現場並沒有傷者送醫。報案人向警方表示有人開槍，警方也在現場拾獲一枚彈殼，但卻沒有人承認是誰開的槍。  一名來自香港的女性目擊民眾向記者表示，衝突當下見到大約有5、60人聚集在門外吵架，過程中有見到青少年打電話叫人一直來，也有聽到1聲疑似鞭炮的槍聲，但沒有見到有人受傷，警方趕來之後，聚集的青少年還一派輕鬆地離去。  這名女性遊客還表示，雖然剛下飛機的第一天，就遇到這樣的事情，還是相信台灣的治安及警察。見到警方辦案的過程，十分快速且溫和，並且有效的控制住場面，相較於香港日前發生的警民衝突，仍對台灣的治安及警察充滿了信心。  經過警方逐一盤查訊問現場的青少年，很快就釐清整起案件的經過，並清楚知道就是蘇男所開的槍，但蘇男卻一直矢口否認，甚至請友人交出一把道具槍，試圖誤導警方辦案。    但警方找到的彈殼，與蘇男所交出的道具槍不符，讓警方認為蘇男並未坦承，經過轄區派出所所長曾琮庭軟硬兼施的勸說下，蘇男最後才向警方承認有開1槍，並用電話將槍枝載走的友人請回現場，將作案用的改造槍枝交給警方處理。    ▲▼在三峽派出所所長曾琮庭的勸說下，蘇男請友人將作案槍枝開車送回，並交由警方處理。（圖／記者趙永博攝）      警方除了帶回蘇男所繳的道具槍及改造手槍外，也將發生衝突的蘇男與胡姓少年，分別用警車載回派出所進行偵訊，警方表示，目前雙方對債務糾紛各說各話，將會進一步了解，訊後將依違反槍砲彈藥刀械管制條例，將大膽開槍的蘇男移送法辦，而胡姓少年也因糾眾在公共場合非法聚眾，訊後也將會依社維法將他函送法辦。    ▲涉案的胡姓少年被警方帶回派出所偵訊。（圖／記者趙永博攝）      ▲三峽串燒店前，凌晨1時許傳出有衝突發生。（圖／記者趙永博攝）
https://www.ettoday.net/amp/amp_news.php?news_id=1499899&from=rss,  ▲1名男子因欣賞共租的婦人，竟在廁所偷裝針孔趁婦人洗澡時開直播觀看。（示意圖／翻攝自網路，非當事人）  記者邱中岳／台北報導  北市1名48歲的男子與另名身材姣好的62歲美魔女分租雅房在某公寓頂樓，男子欣賞婦人已久，竟在共用的廁所偷裝針孔攝影機，每次女子進去洗澡，男子就透過遠端APP在房間觀看，事後遭婦人發現報警。  警方調查，遭偷拍的62歲吳姓美魔女承租雅房於北市某公寓頂樓，而與涉嫌偷拍的48歲張男共用一個廁所，但19日晚上9時許，吳女在洗澡時發現衛生紙盒底有異物，打開赫然發現是針孔攝影機，嚇得婦人緊急報警。  警方事後從鏡頭內發現一段測試影片，吳女一看偷拍狼竟然就是隔壁鄰居，警方也隨即敲門將男子帶回派出所偵訊，張男聲稱因吳女保養得意，面容姣好、身材火辣，所以才會在廁所裝針孔偷窺。  張男向警方供稱，半年前搬進與吳女當鄰居，認為對方雖有年紀，但身材保持相當好，一時忍不住就買來攝影機，每次聽見吳女返家，就會先跑到廁所偷裝攝影機。  待吳女進入洗澡時就馬上透過遠端APP開直播窺看，警方訊後依妨害秘密罪嫌將張送辦。  張男擔心攝影機沒電看不過癮，竟然還加裝「行動電源」續電，讓吳女直呼「太可惡了」。警方也呼籲民眾，承租雅房與他人共用廁所時，應隨時注意是否有遭裝設針孔偷拍，以免遭人偷拍窺看影響自身。  【其他新聞】
https://www.ettoday.net/news/20191008/1553141.htm,桃園機場一名李姓移民官今年7月利用工作職務之便，上網查詢某空服員前男友個資，並將其個資截圖傳給他人觀看，後來被男子得知李之惡行憤而投訴該單位主管，質疑李利用職務之便窺探他人個資隱私，已明顯觸法；移民署查獲確有此事，除約談李員外已向廉政署自首，並私下與男子達成和解，移民署依規定將李記過一次，並取消其查詢旅客個資權限，廉政署亦已立案偵辦中。(桃機,移民官,濫權查詢情敵個資,廉政署立案偵辦)
https://www.ettoday.net/news/20191025/1565007.htm,陳姓男子與彭姓空姐結婚多年，但近年來彭女卻經常以加班為由鮮少在家。直到某日，2人的孩子使用彭女的iPad時，突然跳出「我是大仁哥」的對話，陳男察覺有異，點進去一看，發現內容極其曖昧，且「大仁哥」還自稱「小狼狗」，氣得質問彭女，彭女這才承認外遇，且加班其實是跑去「大仁哥」家。案經陳男提告，法官則判「大仁哥」須賠償陳男10萬元。(外遇,大仁哥,小狼狗)
https://www.ettoday.net/amp/amp_news.php?news_id=1532510&from=rss,  ▲1歲女童疑似受虐，親友PO出相關照片。（圖／翻攝爆料公社）  記者陳雕文／新北報導  新北市一名20歲母親在八大行業上班，晚上都把1歲4個月大的女兒託前夫照顧，但近期前夫聯繫不上母女。直到本月3日，女童被送到醫院，主訴是流感，但院方驚見女童體無完膚，全身多處瘀青、燙傷痕跡，立即通報社會局；女童爸爸接到通知趕去醫院，發現心肝寶貝變成這副模樣，心都碎了，決定爭取監護權。  新北市社會局家暴防治中心主任許芝琦解釋，9月3日接到通報，當天即緊急安置，目前安全無虞，而女童的父親已聲請保護令，並將向其前妻提告傷害罪，等保護令發下來後，女童的父親可得到暫定監護權。    ▲1歲女童疑似受虐，20歲生父在醫院看到孩子的慘樣，心疼不已；儘管他的經濟狀況不好，還是決心要爭取監護權。（圖／翻攝爆料公社）  許芝琦表示，女童的母親稱孩子的傷勢只是因為跌倒造成；根據社會局及醫院觀察，孩子的瘀傷遍布全身，還有疑似燙傷的痕跡，而各處瘀傷色澤不同，表示其發生在不同的時間點，再觀察女童幾處受傷的部位，似乎不太可能是跌倒造成&hellip;但實際傷勢以及是否有家暴的情形，仍須等醫院鑑定報告出爐才能釐清。  此外，一名自稱女童的親友9日晚間在臉書《爆料公社》PO文，稱女童父母離異後，女童監護權交由媽媽，但平時因工作關係，晚上由父親接手照顧，但沒想到再次見到女童，她全身布滿多處瘀青，就連可愛的小臉也全被紅黑色瘀青覆蓋，幾乎沒有一處完好。  原PO氣憤表示，「還有閒情逸致發文？身為孩子的母親，妳怎麼忍下心，到底是妳打的還是同居人打的？」、「我們就也才兩個禮拜左右沒看到妹妹而已，為何一個好好的人可以打成這樣！？」並痛心地說，「雖然跟妹妹相處時間不長，但我看到都無法忍住淚水，如果都沒人發現受虐，這孩子是不是就是下一個受虐致死的孩子？！」  原PO補充說，「爸爸這邊經濟也是個問題，他是一個很乖的也很上進的爸爸，目前也都有在工作，他很想要妹妹的扶養權，就是經濟狀況不是很好...加上家人又不幫忙反而是會一直跟他要錢！我們也都不知道該怎麼幫他...」女童未來的生活仍堪慮。  夜深了...千萬別讓腦公看到    ▼1歲女童疑似受虐，還有類似燙傷的痕跡，但對於孩子的傷勢，其20歲生母皆稱是跌倒所致，與社會局、醫院觀察研判的傷勢有出入，詳情仍待醫院的傷勢鑑定報告出爐才能釐清。（圖／翻攝爆料公社）  
https://www.ettoday.net/news/20190924/1542203.htm,台北市一名陳姓人夫透過透過工程師群組結識一名趙姓女子，天雷勾動地火，不顧已婚身分發展婚外情。趙女更傳訊息嗆正宮，囂張表示，「妳需要什麼？用過的保險套？」，氣得對方提告求償150萬元。法院發現，趙女曾傳訊給人夫「感覺做太多了下面痛痛的」，認定她破壞他人家庭，判應賠正宮50萬元。可上訴。(婚外情,出軌,小三,工程師)
https://www.ettoday.net/news/20190520/1448345.htm,陳菊任內高市府公務員貪汙遭判刑！高市府養工處前分隊長康明璋因業務之便收受賄賂等不法，不僅要營造公司幫忙繳車貸，甚至還拿了出國和養小孩的錢。高雄地院1月一審依違反貪污治罪條例判有期徒刑4年2個月，褫奪公權3年，公懲會也決議撤職，並停止任用2年。(養工處,高雄地院,貪汙)
https://www.ettoday.net/news/20190411/1419738.htm,中華壘球協會傳貪污弊案2017年受國訓中心委託，辦理女壘國手赴美培訓，卻涉嫌勾結運佳旅行社，浮報70多萬元的旅費，而運佳實際負責人，還是中華奧會副主席蔡賜爵，檢調10日發動搜索約談後，台北地檢署11日凌晨依貪污罪嫌，諭令蔡20萬元交保，壘球協會副秘書長畢鈞輝等6人以30萬到5萬不等交保。(中華奧會,壘球協會,國手,培訓,浮報,赴美,東京奧運,運佳旅行社,蔡賜爵,畢鈞輝)
https://www.ettoday.net/news/20191004/1550013.htm,雲林土庫國中校長楊善淵及業者等8人辦理學生校外教學、參訪等勞務採購標案，涉嫌圖利廠商接受喝花酒招待，在5月間因為涉貪遭到檢方起訴，今天下午宣判，楊善淵涉嫌違反貪污治罪條例，被依共同犯公務員洩漏國防以外秘密消息罪共2罪，應執行有期徒刑1年，其餘被告分別被判6月或2年2月不等。(喝花酒,涉貪,旅行社,圖利)
https://www.ettoday.net/news/20191118/1582266.htm,宋姓男子在國小擔任警衛保全，2018年1月值班時他見1名17歲少女獨自行經國小門口，以盤查身分名義藉機詢問少女個資，加入少女LINE好友後再要求她擇日來報到。少女赴約當日，宋男不僅以脅迫方式問她有無看過A片、有無自慰過，還暗示少女要不要一起發生關係。新北地院審理後13日依妨害秩序等罪，判宋男拘役50天，緩刑2年，須付保護管束，提供100小時的義務勞務。(警衛,保全,國小,義警,騷擾,少女)
https://www.ettoday.net/news/20191108/1574989.htm,新北市中和區8日凌晨4時許，環河西路三段一處水泥公司發生堆高機翻覆意外，一名操作工人被壓在機具下，當場失去生命跡象，被經過民眾發現後協助報警。警消到場將傷者送醫急救，並由警方鑑識人員在場採證，釐清事故原因。(操作不慎,堆高機)
https://www.ettoday.net/amp/amp_news.php?news_id=1529246&from=rss,  ▲前移民署中區事務大隊陳姓專員，涉嫌與人口販子郭姓女子勾結，協助大陸女子以「假結婚」申請來台，從事賣淫工作。（示意圖／翻攝GoogleMap，與本案無關）  記者廖安莘／台中報導  前移民署中區事務大隊陳姓專員，涉嫌與人口販子郭姓女子勾結，協助大陸女子以「假結婚」申請來台，從事賣淫工作。因被壓榨的賣春女「小琪」（化名）8個月達104萬元，宣稱還欠105萬元，小琪不堪被壓榨事件才因此曝光。除小琪外，他還協助「小玲」（化名）來台，但小玲被識破而未遂。台中地院依違反台灣與大陸地區人民關係條例，分別判陳男及郭女徒刑1年10月及2年6月，得上訴。  判決書指出，陳男在2010年調任到移民署中區事務大隊專員，竟與舊識郭女勾結，以他多年辦理大陸地區人民入境審查的經驗，協助小琪以假結婚方式，來台打工賺錢從中牟利。  郭女安排陳男和人頭丈夫搭機前往大陸，在泉州與小琪辦理假結婚及公證處登記後，配妥來台的一切證件，由陳男教導兩人如何應對申請入境時的審查，順利通過移民署官員的面談程序，成功入境台灣。  小琪來台後，郭女協助她從事賣淫工作，自2013年12月至2014年9月間，小琪從事「半套」性服務，每次3小時收費2100元的性交易。而郭女宣稱，她辦假結婚的過程共花費人民幣24萬元、新台幣80萬元等，要求小琪清償，讓她繼續從事性交易，8個月累積達104萬元，並稱還欠105萬元。  此外，陳男及郭女等人還以同樣手法，協助另名大陸女子「小玲」（化名）來台打工，但移民署2014年1月間在桃園機場進行面談時被識破而未遂。此案查無陳分得上述非法利益，僅依違反臺灣地區與大陸地區人民關係條例處置。  ►超爽DER！點我現賺 2188    【更多新聞】   手機導航被帶進鄉間小路...　迷航男倒車差點掉進魚塭   打肉毒桿菌虛報良性腫瘤　整形名醫詐3767元健保費判6月
https://www.ettoday.net/news/20191223/1608702.htm,信義警分局三張犁派出所警員偵辦竊盜案件，因查到犯嫌騎乘機車犯案，11月1日以電話通知車主丈夫陳姓民眾詢問車輛使用狀況，但陳姓民眾認為警察未查清楚涉案犯嫌，就調閱他的電話個資：「就算要傳喚問筆錄，也應該發個通知書吧！」(信義警分局,偷竊,警民糾紛)
https://www.ettoday.net/news/20191231/1614638.htm,台大政治系教授蘇宏達31日在臉書PO文，稱自己去年11月批評政府的故宮政策，現在過了追溯期還被警察上門「查水表」，蘇受訪質疑「這是白色、綠色恐怖嗎？」對此，調查局澄清，全案是因今年10月間發現有網友轉貼「民進黨計畫2025消滅故宮之不實影片」，溯源查出影片是由蘇宏達製播，所以函請警方依《社維法》處理。()
https://www.ettoday.net/amp/amp_news.php?news_id=1481442&from=rss,  記者鄒鎮宇／台北報導  台北一名已婚空姐多次以加班、隔天要飛航班為由拒絕回家，卻都跑到暱稱「大仁哥」的小王家過夜，直到與對方的曖昧訊息被陳姓丈夫發現才讓這段姦情曝光。台北地院認為，空姐與小王間的關係已超越一般男女交往行為，判小王須賠償陳男10萬元，全案可上訴。    ▲陳男發現自己的空姐妻子外遇。（示意圖／達志影像／美聯社）    陳男指控，他與妻子結婚多年且育有兩名子女，但對方卻在1年多前開始不愛回家，僅留下他一人照顧兒女，對方最多回家待一晚又說隔天要飛；直到某日他發現家中的平板上有妻子與暱稱「我的大仁哥」的對話訊息，這才發現對方不回來都是跑去住小王家。    ▲「大仁哥」小王的訊息讓陳男氣炸，直接求償100萬元。（圖／示意圖／達志影像）    陳男指控，訊息中兩人以「大仁哥」、「寶貝」互稱，還調情說，「我是小狼狗」、「好想回去抱妳一起看劇」、「不管精神虐待還是肉體虐待妳都做得很好」、「你就回家整理然後來弄亂我這邊、很會」等，證明自己的配偶權確實遭到侵犯，憤而告上法院，求償100萬元。  「大仁哥」否認姦情，辯稱陳男把訊息斷章取義，其實他跟空姐人妻沒有調情、也沒有曖昧，訊息更無法證明兩人有親吻、摟抱等行為；另外，他也說陳男調出的訊息是破解空姐的密碼才非法取得，不能作為證據。  對此，法官表示，該平板是陳男家中共用的物品，密碼每個人都知道，因此認定訊息有做為證據的能力；此外，根據兩人的對話紀錄發現，陳妻的確有到小王家居住，因次判他須賠償陳男10萬元，全案可上訴。
https://www.ettoday.net/amp/amp_news.php?news_id=1495139&from=rss,  記者李忠憲／台中報導  大甲4名富商好友2016年同車到苗栗打高爾夫，駕駛王錫昌因清晨陽光刺眼撞上中央分隔島，害死3人。王雖幸運逃過死劫，但刑事部分遭依過失致死罪判8月定讞，更面臨3名死去好友家屬控告，判賠1700多萬。王及家屬雖提國家賠償，一二審均駁回，或許因為害死好友加上2年官司纏訟，王錫昌因此癌症舊疾復發，去年過世，終能與死去好友們相聚。    ▲4富商搭車到苗栗要打高爾夫球，卻自撞槽化島，除王姓駕駛外其他都車禍死亡。（圖／東森新聞）  4名富商出身大甲，包括從事鋁門窗生意有成已退休的王錫昌、南興化工廠退休董座楊焙元、三和塑膠工廠前總裁鄭聰壎及清一診所王清一醫師。4人感情好又熱心公益，地方頗具聲望，4、5年來，每隔幾天就會一起去苗栗苑裡打高爾夫球。  這起意外發生在2016年5月27日清晨，當時62歲的王錫昌一如以往，開著賓士E系列房車載著楊、鄭、王3人，從大甲前往苑裡要打高爾夫。該車行經140線北堤東路時，王錫昌疑似因陽光刺眼，高速自撞分隔槽化島。坐在後座的80歲鄭聰壎及81歲楊焙元當場傷重不治，73歲王清一雖送醫急救後有呼吸心跳，但數日後仍不治死亡，獨留輕傷的王錫昌。    ▲▼王姓駕駛自承陽光太刺眼釀禍，判刑8月定讞，也判賠3人家屬1700多萬，最後因癌症復發去世。（圖／東森新聞）    王錫昌痛失3名好友，遭好友家屬在法庭上質疑是故意製造車禍，害死人命，自己家人更受到外界異樣眼光看待。即使法官不採信，認為車禍屬單純意外，一審依過失致死罪判6月，2審判8月定讞。  王與家屬也在2017年向法院提出國家賠償，認為槽化島高達35公分過高，導致車輛猛烈撞擊造成嚴重死傷，請求苗栗縣政府賠償500萬。但一審法官認為沒有設置不當，且王男已自承陽光直射造成視線不良，一時緊張誤踩油門才釀禍，2018年4月駁回起訴。家屬不服上訴，今年7月3日駁回。  即便二審已判王錫昌須賠償3人家屬1700多萬元（含強制險），民事與國賠仍可上訴。王錫昌可能在心力交瘁下，癌症舊疾復發，2018年5月5日去世。原本是好朋友的4人或許能再團聚，但4人家庭卻因此交惡，感情破裂，令人不捨。  【更多新聞】  ►持凶器性侵女並拍片恐嚇　色狼聲請撤銷羈押理由：我自責不已  ►報復前男友母親　她跨年夜訂達92家達美樂比薩11萬元全棄單  ►機器出包？加油站「刷到上一張信用卡」　台中女無辜挨告被函送
https://www.ettoday.net/amp/amp_news.php?news_id=1480758&from=rss,  圖、文／鏡週刊  銓敘部公務員個資外洩風暴愈滾愈大！由美英等國組成的情報交換網「5眼聯盟」日前輾轉通知台灣這起重大資安事件後，經行政院緊急調查，發現包括國安局、軍情局、調查局、警政署、檢察、海巡、政風及憲兵等8大情治系統個資全都流出。    ▲經美英等國組成的情報交換網「5眼聯盟」日前輾轉通知，才發現我國安局、軍情局、調查局、警政署、檢察、海巡、政風及憲兵等8大情治系統人員個資全都流出。（圖／鏡週刊提供，下同）    令人驚訝的是，連統籌國內情報工作的龍頭國安局高官都不能倖免，且PO出我公務員個資的帳號已確認來自中國，顯示中國早在馬政府時代就已掌握該份機密檔案，行政院資通安全會報緊急危機處理，除鎖定銓敘部外洩的電腦主機，循線追查是否有內鬼或駭客入侵，還透過情報交換系統希望撤下刊登在美國的網頁內容。      6月22日，行政院高層收到由美國、英國、加拿大、澳洲及紐西蘭等國組成的五眼聯盟（Five Eyes）提供的情資，發現銓敘部高達59萬筆公務員個資遭外洩，事件震動府院高層。      銓敘部在事件發生4天後主動對外揭露此事，表明洩漏的是一般文官資料，對國家安全層面影響有限，企圖大事化小。但本刊調查，遭洩露的個資包括國安局、軍情局、調查局、警政署、檢察系統、海巡、政風及憲兵等八大情治系統人員，舉凡身分證字號、本名、行動電話及服務單位全都流出，扣除重複洩露，仍有高達24萬筆，其中有28,000名官員仍在原單位任職，影響層面不容小覷，國安局已透過美方情報系統緊急要求業者下架。    更多鏡週刊報導  【情報員個資洩光光4】59萬筆個資只賣10歐元　在阿宅最愛網站任人下載  【情報員個資洩光光5】解放軍少將供在台北忠烈祠　全因總統3個字說溜嘴  【情報員個資洩光光6】24萬公務員通通有獎　個資外洩可向銓敘部求償2億
https://www.ettoday.net/news/20190115/1356666.htm,金管會前副主委呂東英之子呂建安，涉在2013年間，利用仲介股權買賣業務之便，先買後賣上櫃公司佳營電子股票，獲利22萬元，15日被台北地檢署依《證券交易法》內線交易罪嫌起訴，但考量呂事後坦承犯行並交出不法所得，請求法院減輕其刑。(呂東英,呂建安,黃淑頻,內線交易,友尚,佳營,天悅)
https://www.ettoday.net/amp/amp_news.php?news_id=1486748&from=rss,  記者孫于珊／台北報導  台灣師範大學UBA明星球員朱姓女子涉嫌虐狗事件，9日下午2時許在家屬與校方的陪同下到台北市動保處說明。動保處救援隊長吳晉安表示，朱女坦承犯行，因「狗尿沾手」才一時情緒失控將狗重摔在地，也承認有踢狗舉動，儘管朱女犯下無心之過、深感歉意，但仍要負法律責任。    ▲Kiwi遭朱女又摔又踢致重傷，住院觀察中。（圖／翻攝自《Dcard》）  李姓飼主在《Dcard》上指控，6月30日她把愛犬「愛寶（Kiwi）」借給朱女，但Kiwi卻是健康出門「重傷」回家，她詢問朱女發生什麼事，朱女一開始還騙說是社區大狗衝向他們所以跌倒了，後來又說是因轉彎摔車才受傷，令飼主質疑朱女說話的可信度，且第一時間沒送Kiwi去醫院造成延誤治療，加上狗的治療費龐大，飼主決定報案處理。    ▲Kiwi多處瘀血、腹腔內出血、中度腦震盪以及敗血症，目前仍在重症治療中。（圖／翻攝自《Dcard》）  警方校閱監視器畫面發現，朱女抓著Kiwi胸背袋在空中甩呀甩，隨後便將Kiwi重摔在地，還狠扯牽繩、踹狗等，令飼主看了心痛難耐。然而，吳晉安表示，朱女前往動保處說明案情時稱，Kiwi可能沒被陌生人載過而感到害怕，於是在機車腳踏墊上大小便，同時朱女有提供另一段他們下機車走進社區中庭的監視影像。  吳晉安轉述，朱女原本將Kiwi抱在懷裡，但由於Kiwi身上有穢物，她才抓胸背袋拎著Kiwi，但Kiwi不斷掙扎，加上尿液沾到朱女手，才將Kiwi摔掉在地，Kiwi落地後又想往反方向跑回社區大門口，朱女才「出腳」怒踹，對此她深感抱歉，也說願意支付所有醫藥費。  吳晉安指出，朱女雖然無心造成這樣的結果，但在法律程序上，朱女有「故意」傷害狗狗行為，已違反《動保法》，而Kiwi還在住院中，目前無生命危險，仍需關注1到2週恢復情況，若Kiwi能康復將處朱女1.5萬至7.5萬元，若Kiwi有難以回復的傷害，可將朱女移送法辦，依法處2年以下有期徒刑或拘役，併科20萬至200萬以下罰金。  ▼Kiwi後頸部有個非常深、疑似被咬的傷口。（圖／翻攝自《Dcard》）    【更多新聞】  ►影／台師大UBA女星涉虐狗「當籃球打」　坦承心情不好才動手...已被禁賽  ►每天摔2次...汐止「6月大男嬰」疑遭保姆施虐！腦出血縫近20針    ►汐止廢棄工寮大火！濃烈黑煙猛竄衝天35分鐘
https://www.ettoday.net/news/20191013/1555399.htm,16歲少女小美（化名）寒假前往哥哥位在新竹的租屋處遊玩，卻遭哥哥室友林姓男子性侵得逞。林男到案時辯稱當時是小美主動貼上才會發生關係，但因小美患有有中度智能障礙，法官認定她恐對性交一事並不了解，因此依故意對少年犯乘機性交罪，判林男有3年6個月有期徒刑，全案可上訴。(妨害性自主,乘機性交罪,新竹,性侵)
https://www.ettoday.net/amp/amp_news.php?news_id=1528472&from=rss,  ▲105元地瓜餅變950多萬。（圖／記者沈繼昌翻攝）  記者沈繼昌／桃園報導  桃園楊梅區一名超商新手店員，疑似因為太忙太累，不小心把售價105元的地瓜餅，開成950多萬元的發票，讓店家嚇壞了，擔心必須多付出47多萬元的營業稅，不過所幸在警方幫忙之下，順利將發票給追回。  該名超市店員，9月初才剛上班，對收銀機操作還不太熟悉，3日竟將一張1百多元的發票開成9百餘萬元，老闆發現後臉色大變，因顧客也沒注意發票金額，買完結帳就離開超市，老闆趕緊向派出所求助，所幸警員透過監視器順利找到消費者拿回發票重新補開，讓老闆瞬間破涕為笑，也對員警的熱心助人感謝再三。  所幸楊梅分局富岡所警員馬維廷查證後，循線聯繫上轄內民眾，店員見到將發票歸還的民眾到店，重新補開，原本緊繃一整天的臉，瞬間也破涕為笑，替烏龍事件畫上句點，而劉姓店員對於警方熱心服務的精神感激不已。  【更多新聞】  ►牆壁滲水結怨狠刺鄰居6刀險死　他辯稱失去理智「但沒要殺人」  ►欣桃前董座、總經理拿公關費買禮券自肥　4年貪1500萬被訴  ►色影師客運站見長裙美女　她閉嘴夾緊全身「從中壢被摸到北車」    &nbsp;
https://www.ettoday.net/news/20191015/1557600.htm,新北市女子凡凡（化名）2015年間，與黃姓男子相識結為乾兄妹，4個孩子與黃男相處融洽，都叫他「偉叔叔」，不料黃男竟利用這份信任，於2018年中秋前夕某晚，在凡凡面前指侵她10歲的女兒小花，小花覺得很痛一度躲開，卻又被黃男硬抱回來再度指侵，直到黃男睡著後，小花才含淚把「偉叔叔」的狼爪從「尿尿的地方」抽出。(強制性交,單親媽,女童)
https://www.ettoday.net/news/20190925/1543323.htm,潤寅實業公司涉嫌向台企銀、王道、星展等14家銀行詐貸84億多元，事隔3年東窗事發前，疑似潛逃香港，日前台北地檢署緊急約談潤寅實業務責人楊文虎的女兒楊宇晨，並向法院聲押獲准後，對楊文虎和妻子王音之發布通緝，調查局25日在外逃通緝犯查詢系統中，公布楊文虎夫妻資料，2人將被通緝20年。(潤寅,詐貸,楊文虎,王音之,通緝,銀行法,商業會計法,稅捐稽徵法)
https://www.ettoday.net/news/20191105/1572530.htm,臉書社團《彰化139、148縣道幹礁版》有民眾PO出一段影片指出，「下午1點在139練習孤輪，X！我只怕你撞到我的車賠不出來，在馬路上練孤輪還拍影片，以為自己在賽道上喔」，彰化警方獲悉即刻派員循線調閱監視器畫面過濾比對，鎖定1名男性重機車車主，他到案後坦承不諱，依公共危險罪移送彰化地檢署偵辦。(139縣道,翹孤輪,大彰路,飆車)
https://www.ettoday.net/amp/amp_news.php?news_id=1522072&from=rss,  記者陳玉／台中報導  台中黃姓男子與黃姓少年有債務、感情上的糾紛，26日晚間9點多相約在天津路、綏遠路口的超商外談判，雙方一言不合，黃男竟撂人，並持現場鐵製把手往少年頭部猛毆，少年當場頭破血流，負傷逃往附近彩券行求救；警獲報啟動快打到場，歐人男子早已逃竄，經連夜調閱監視器追人，4小時內逮回7名嫌犯偵辦。    ▲2男因債務糾紛在街頭鬥毆，黃男持鐵棍猛毆少年。（圖／記者陳玉攝）  據了解，17歲黃姓少年與黃男有債務及感情上的糾紛，26日晚間9點半，2人相約在超商外談判，未料一言不合，黃竟叫來6名友人助陣，隨手持現場鐵製把手對少年一陣亂歐，造成其頭部外傷，少年負傷跑到300公尺外的彩券行躲藏求救，由彩卷行人員報警。所幸少年並無生命大礙，送醫包紮後已返家休息。    ▲黃姓少年滿臉血急奔彩卷行求救。（圖／記者陳玉攝）  警獲報後立即出動8警車、16名快打警力，但到場時已不見7名歐人男子，經連夜調閱相關監視器，迅速鎖定7嫌，分赴大雅、豐原、彰化及苗栗等4處將人帶回釐清案情。  【更多新聞】  澎湖1晚爆3意外！驚見2船員緊抱船尾：救我...警消急奔入海　又見火燒車累趴  影／姐去年同地溺斃...男童跟父舊地捕魚離奇失蹤！離家僅有30米　家人崩潰急壞  走路差點被車撞！莽男揮拳猛推　騎士頭部重擊地面「7天後不治」            
https://www.ettoday.net/news/20191227/1611476.htm,台中市大甲區27日上午發生一起意外事故，事發當時有3名工人正在清洗發酵槽體，但3人卻因不明原因從3公尺高的槽體摔落，造成其中一名男子左腳擦傷、一名缺氧、而另一名男子則是當場失去生命跡象，目前都已被緊急送往醫院救治，至於詳細事故發生原因仍有待調查釐清。()
https://www.ettoday.net/news/20190614/1467376.htm,檢調偵辦國寶集團總裁朱國榮，因涉嫌炒作松崗數位科技股票，不法獲利逾億元，檢調5月間才搜索約談朱和女性密友林桂馨等人，朱當時被以1億元交保，檢調根據查扣卷證，懷疑鄭姓股市名嘴也牽涉其中，14日搜索鄭的住處等2個地點，並再度約談朱與鄭等10名被告釐清案情。(朱國榮,炒股,國寶,松崗,林桂馨,證交法,天價,交保,龍邦,股市名嘴)
https://www.ettoday.net/amp/amp_news.php?news_id=1534117&from=rss,  ▲桃園市林姓房仲業者今年5月間在八德區某社區，以手機偷拍包裹屋主個資後私下向屋主詢價挨告。（示意圖／視覺中國CFP）  記者沈繼昌／桃園報導  桃園市林姓房仲業者為爭取業績，2019年5月間在八德區某社區，發現快遞送來包裹有黃姓女屋主個資，林趁保全不注意時以手機偷拍後取得聯絡電話等個資，私下打電話詢問黃女有關房屋買賣事宜，黃女直覺個資外洩憤而提告；檢方12日偵結依違反個資法聲請簡易判決處刑。  檢警調查，28歲的林姓女房仲業者於今年5月23日上午11時許，在八德區某社區內，正好快遞送來大批郵件包裹至社區內，林女則趁社區保全忙於收取信件不注意之際，以手機偷拍黃姓女屋主連絡電話、地址等個資，隔天晚上再撥打電話給黃姓女屋主詢問有關房屋買賣事宜。  黃姓女屋主質疑為何林女知道她想買賣房屋訊息，詢問林如何取得其個資？林女坦承用手機拍攝包裹取得個資資料，黃女憤而向警方提告；林女在偵訊時坦承以手機拍攝包裹取得黃女個資，警方提供社區監視器畫面截圖佐證，證明林女非法取得個資，損害黃姓女屋主權益，偵結依違反個人資料保護法聲請簡易判決處刑。    ►夜深了...千萬別讓腦公看到  【更多新聞】  ►店員挑的！中秋節第一張台彩「1000萬大富翁」刮刮樂頭獎桃園刮出  ►被指「學歷造假」　蔡英文：真的事情是假不了的  ►KTV「看三小」遭海K致死　家屬對共犯聲請再議仍不起訴
https://www.ettoday.net/amp/amp_news.php?news_id=1508224&from=rss,記者陳以昇、陳雕文／新北報導  新北市三重對夫妻原本相當恩愛，育有一對兄妹，看似幸福美滿，直到有天妻子癌症過世，丈夫性情大變，經常對兒子動手，打零工度日。阿姨看他們可憐，決定收留，但這對小兄妹的生活依舊坎坷！15歲的哥哥晚上沒睡覺就被阿姨打罵，10歲的妹妹經常聽哥哥哀號，本月7日更看到哥哥溺死在浴缸裡&hellip;    ▲三重少年生前經常遭到父親不當管教，又被阿姨修理，如今還是去性命。警方獲報後到場蒐證。（圖／記者陳以昇翻攝）    據了解，劉姓（從母姓）少年一家人原本住在集美街，沒想到去年遭遇不幸，先是自家公寓遭祝融吞噬，一時之間無家可歸，其母親又癌症過世&hellip;後來母親的姊姊決定收留她們一家三口。  然而劉姓少年有智能障礙且情緒起伏大，搬到阿姨家，一直適應不良，晚上不願入睡，但躁動的聲響卻激怒了父親跟阿姨，經常被輪番修理，現年10歲的妹妹說，深夜經常聽到哥哥被打罵的聲音，一開始很害怕，久了就習慣了。    ▲鑑識人員到場採證。（圖／記者陳以昇攝）  本月7日凌晨3點多，劉少還是難以入眠，焦慮的情緒讓他發出吼叫聲，當時其父親在客廳呼呼大睡，而阿姨聽到聲響，起身要求劉少下跪，但劉少持續亂動，阿姨火冒三丈，拿了童軍繩綑綁其四肢，再逼他跪進浴室裡充滿水的浴缸中！隨後走到外頭陽台抽菸，熄菸後回浴室發現人已經溺斃，再也不會動了&hellip;阿姨驚覺大事不妙，急忙報案。  新北市家防中心主任許芝琦表示，周父對少年的脫序行為相當頭疼，為了控制劉少的行為，常沒來由地要求他下跪，或當劉少下課一進家門，周父就要他下跪；許主任還說，今年8月5日有派社工到家中探訪，6日還打電話關係狀況，但怎麼都沒想到，7日就發生憾事。  事發後社工已將10歲周姓小妹妹安置，至於劉姓阿姨向警供稱，案發當時她去抽煙，不知道為何外甥溺斃，周父則表示，當時在客廳睡覺，不清楚狀況。警方懷疑都是推託說詞，依過失致死罪送辦；檢察官訊問後認為劉姓阿姨涉嫌刑法第286條第3項（對未滿十八歲之人施以凌虐致死罪）罪嫌重大且有勾串證人之虞，向法院聲請羈押禁見。至於周姓父親無羈押之必要，具保2萬元。  出稿時間：21：03    更新時間：22：42（新增劉姓阿姨遭檢方聲請羈押禁見）  ▼少年的父親及阿姨被三重警方依法移送。（圖／記者黃彥傑攝）  
https://www.ettoday.net/amp/amp_news.php?news_id=1515598&from=rss,  ▲ 2名少年清晨發生行車糾紛，演變成兩派人馬互毆。（圖／記者郭世賢攝）  記者郭世賢／新北報導  新北市石門區台二線靠近24K處、石門往淡水方向，18日凌晨5時許發生鬥毆事件，雙方共9人加入混戰、互毆。據悉，2名少年疑似發生行車糾紛，遭塑膠水管打傷頭、手。警消獲報後立即趕抵現場，並將2名少年送往淡水馬偕醫院救治，目前警方已將涉案人士全數帶回偵辦中。  據現場民眾表示，有看到雙方互鳴喇叭，總共有9人，雙方發生爭執，引發互毆情事，其中2名少年被送往醫院救治。  ▼金山分局代理偵查隊長陳怡龍說明案情。（圖／記者郭世賢攝）  
https://www.ettoday.net/news/20190110/1353015.htm,隨著近年兩岸開放，陸配在台灣活動也漸趨活躍，但也有部分不肖陸配打著「同鄉齊心協力賺錢」的民意，違法吸金找同鄉投資虛擬貨幣盤，實際上卻以吸金手法大賺黑心錢，讓被害陸配辛苦血汗錢血本無歸。日前一位曾擔任六都大選陸配後援會幹部的C女因結識一名在台北市松山區開茶行的陸配同鄉介紹投資「藍天SKY拆分盤」強調投入3萬5千元資金，8個月可拿回本金，14個月後可拿回12萬獲利，結果C女不疑有他還介紹10多名陸配、台灣朋友加入投資，迄今一毛錢都沒拿回來憤而提告。(陸配,藍天集團,茶商,吸金詐騙)
https://www.ettoday.net/amp/amp_news.php?news_id=1491705&from=rss,  記者葉國吏／綜合報導  台南一位長相清秀、擁有一對電眼的17歲少女，在7月中到台中參加毒品性愛趴，結果疑似混用毒品猝死，5位男子見狀直接一哄而散，把少女赤裸裸的丟在摩鐵床上，直到女員工進入才發現報警。    ▲一位少女參加毒趴猝死被棄屍。（示意圖／記者黃克翔攝）  根據《自由時報》報導，在單親家庭長大的少女，母親是外配，本月11日到台中找朋友玩，後來又在網路發言「台中的朋友還有沒有人要拎我出去玩」，馬上引來多人報名。少女派對一攤接過一攤，直到14日凌晨，她又前往台中某家摩鐵開毒品性愛趴。  摩鐵中有5位男子，只有她一位女性，眾人在房內吸毒、性愛，期間少女說肚子痛、頭暈，在一旁休息。有位男子靠近發現少女已無呼吸心跳，眾人見狀馬上離去，丟下全裸的少女在床上。  女員工發現後報警，警方獲報通知家長，並且陸續傳喚參加毒趴的男子，檢察官複訊後聲請羈押禁見。
https://www.ettoday.net/amp/amp_news.php?news_id=1512427&from=rss,  圖、文／鏡週刊  駐外單位爆發性騷擾醜聞。已婚的外交部駐德國漢堡辦事處前處長沈文強，遭控對女部屬言語騷擾、送禮追求、強邀約會，甚至有不恰當的肢體碰觸，而外交部的一封電子郵件，讓這起發生在德國駐處的性騷擾案意外曝光。本刊調查，沈文強的叔叔是現任經濟部長沈榮津，也因此官官相護的說法已經在外交圈傳開。  今年7月3日，外交部發出的電郵寫道：「有關您今年6月30日以電子郵件舉報本部駐漢堡辦事處處長沈文強性騷擾女部屬一事，本部已依性騷擾防治申訴及處理要點&hellip;依公務人員考績法規定予以懲處，本案查處結果亦函知監察院在案。」    ▲外交部駐漢堡辦事處前處長沈文強被控性騷擾女部屬，遭調職回台。圖中女性非當事人。（圖／鏡週刊提供，下同）  知情人士告訴本刊，沈文強因性騷擾事件，被外交部記了一支申誡，從德國調回台灣，目前在外交部國際傳播司擔任「總領事」，雖然已被拔掉主管職務，但看在許多基層外交官的眼裡，卻無法接受，認為外交部「輕輕放下」，和台北高等行政法院法官陳鴻斌性騷擾女助理遭到嚴懲，簡直天差地遠。  此外，沈文強的叔叔是現任經濟部長沈榮津，是否因官官相護才讓沈文強免於受到更進一步處分的說法，更是在外交圈傳得沸沸揚揚。    ▲沈文強（圖）擔任駐漢堡辦事處處長剛滿1年，就因性騷案遭調職。  沈文強性騷擾女部屬卻遭輕縱的消息傳開後，引發外交圈一片嘩然，知情人士氣憤地說，很多人都為該名女外交官感到憤憤不平，此事也在漢堡當地僑界引起議論。  該人士痛批，沈文強是駐外單位處長，在當地代表國家與德國官員交流並與僑社活動，並非基層的外交官，理應以最高標準來要求，結果在漢堡當地卻做出這種有辱國家顏面的事，丟臉丟到國外，卻還能繼續享有厚祿，未來還可以領高額退休金，讓人無法忍受。  沈榮津回應本刊表示，確實有沈文強這麼一個親戚，但其涉犯性騷擾案件，還是第一次聽說，不過，對違法亂紀他個人是深惡痛絕，所以，「國有國法，公事公辦」，與個人絕無關係。另外交部也說明「一切依法處理，內容不便對外透露。」  更多鏡週刊報導  【輕放狼高官2】長官狼爪一直伸　受害女自購機票逃回台  【輕放狼高官3】外交紅人藍綠通吃　剛接處長就爆性騷  
https://www.ettoday.net/amp/amp_news.php?news_id=1521910&from=rss,  ▲2名女子在推拿時，因被柯醫師下體緊貼而感到噁心，決定提告。（圖／取自免費圖庫Pixabay）   記者張靖榕／綜合報導  高雄一名柯姓中醫師第一次獨立看診就接連被2名女性控告性騷擾，他疑似趁推拿姿勢，將下體緊貼在2名女性的胸部及臀部間，甚至來回磨蹭，被其中一人怒吼「他用下半身頂我」！2女事後提告柯醫師，但在高雄地院審理期間已和柯醫師達成和解，便決定撤銷告訴。  判決書指出，2017年5月1日，該間中醫診所一名醫師身體不適，由柯醫師代診；柯醫師在當天下午替下背疼痛的阿嬌（化名）進行背部推拿，卻暗中將下體貼在阿嬌背上來回磨蹭，還捏她的左側乳房。  到了晚上，柯醫師為受到便秘及頭痛所苦的阿美（化名）看診，同樣利用推拿之便，將下體貼緊阿美胸部和臀部，更來回擺動，誇張行徑惹得阿美怒斥，「你以為你做這些事情我都沒有感覺嗎」？雖然柯醫師當下就和阿美道歉，但不僅沒得到阿美原諒，還被她和阿嬌一起告上法院。  柯醫師因涉嫌性騷擾而出庭，在庭上表示當天確實有為兩人推拿，而且阿美隔天也有回來抱怨前一晚的事情，自己則是當下就道歉，但堅決否認性騷擾。他辯稱學過傷科中醫，做的動作都是推拿動作，並無刻意貼緊病人。  中醫診所院長則表示，柯醫師是為了學習技術前來跟診，當天正好是他唯一一次獨立看診；針對2名女性指控的不雅動作，院長指出「確實是推拿動作」，不過礙於某些指定動作的確會有下半身必須貼在對象身上的情況，就看醫師個人如何避諱，部分人會選擇乾脆不做。  事後2女和柯醫師達成和解，決定撤銷「乘人不及抗拒而為觸摸身體隱私處罪嫌」的告訴。提出公訴的高雄地檢署偵結，最後以全案不受理，仍可上訴作結。
https://www.ettoday.net/news/20190927/1544431.htm,近日發生數起校園學生因「聲援反送中運動」而遭受暴力攻擊事件，警政署已要求相關縣市警察局主動與轄內大專院校聯繫，如有暴力違法情事，配合依法偵辦，以維護校園安全。(警政署,反送中,社會安全,暴力,集會,遊行)
https://www.ettoday.net/amp/amp_news.php?news_id=1524814&from=rss,  記者劉昌松／台北報導  2014年太陽花學運期間攻佔行政院，大批警力展開驅離行動，造成37位民眾受傷漸血，周榮宗等30位民眾自訴控告當時總統馬英九、行政院長江宜樺、警政署長王卓鈞、北市中正一分局長方仰寧涉嫌殺人未遂罪，歷經5年訴訟，台北地院30日首度傳喚馬、江2人與王、方一起以被告身分出庭。    ▲前總統馬英九首度以殺人未遂罪被告身分到台北地院出庭。（圖／記者李毓康攝）    ▲佔領行政院行動爆發警民流血衝突。（圖／資料照）  太陽花學運起因於2014年間，學生與群眾質疑當時政府與大陸的服貿協議有黑箱作業，在3月18日佔領立法院，24日由黑色島國青年陣線成員與群眾再發起攻佔行政院行動，警方展開大動作驅離行動，警民爆發流血衝突，事後數十位民眾分別自訴控告馬、江等人涉嫌殺人未遂。  眾多自訴案件中，多數因重複提告而併案或遭駁回，台北市警察局長黃昇勇被控殺人未遂案，已在7月間以依法下令驅離、可阻卻違法等理由，判黃無罪，現在剩下周榮宗(已過世，由女兒周佳京承受訴訟)等30人提告部分，至今在一、二審間來回更審，且僅王卓鈞、方仰寧曾為此出庭，沒傳喚過馬英九與江宜樺。    ▲太陽花學運反服貿有大批民眾衝進行政院內或在院外靜坐。（圖／本報資料照）  北院在2018年間第2次裁定馬案駁回的理由，是依據北市警局函文，以及江宜樺、王卓鈞、方仰寧在另案的供述筆錄，認為不足以證明馬等人犯殺人未遂、重傷害等罪，周等23名自訴人不服提起抗告。  高院指出，現行《刑事訴訟法》規定，法院審理「自訴案件」，不可以在審判期日前蒐集證據，但北院所依證據並非自訴人或是馬、江等被告所供，又沒說明為何不調查自訴民眾所提證據，因此在3月間以理由不備為由，將全案發回，北院因此在30日一口氣同時傳喚馬英九、江宜樺、王卓鈞、方仰寧4名被告和23名自訴人同時出庭。    ▲前行政院院長江宜樺（右二）步入台北地院。（圖／記者羅志華攝）    ▲前警政署署長王卓鈞步入台北地院。（圖／記者羅志華攝）    ▲前北市中正第一分局分局長方仰寧步入台北地院。（圖／記者羅志華攝）  【其他新聞】    前新北副市長收賄入獄續打官司　隱匿蕭邦錶+百萬存款挨罰20萬確定  大創案偵結「黃偉哲未涉入」　辦公室主任收3千萬真的有做事  私菸案偵辦遭疑「貼心迴護高層」　北檢回擊「無謂揣測打擊士氣」
https://www.ettoday.net/news/20190611/1464877.htm,桃園客運因應公路總局客運車輛汰舊換新補助購車計畫於2016年間，利用購買低底盤公車，和廠商謀議以議價金額虛報為3億7600萬元，平均每輛公車高出市價10至25萬不等之購車契約，向公路總局詐領1244萬多元補助款，桃檢11日偵結將董事長吳運豐等11人依詐欺罪嫌提起公訴。
(桃園客運,詐領千萬補助,董座等11人,詐欺)
https://www.ettoday.net/amp/amp_news.php?news_id=1507006&from=rss,  ▲2018年6月，三重6打2街頭談判，李男持刀砍人釀2死1重傷             。（圖／資料照）    記者陳豐德／新北報導  新北市三重區2018年6月間發生街頭殺人案。一名陸軍空特部傘兵退伍的李姓男子陪朋友赴約談判感情糾紛，見友人被圍，情急下拿出折疊刀大喊「呼哩系！」37秒內刺死2人、重傷1人，遭判無期徒刑；其中一名游姓死者母親提出求償，李男表示願意賣地賠償，地院審理後判賠414萬餘元。  2018年4月間，黃姓男子的女友搭乘謝姓男子的車輛，因為將錢包掉在車上，男姓友人打電話通知將錢包取回，黃男得知此事後氣急敗壞，雙方約在蘆洲一家超商前談判，陸軍傘兵退伍李姓男子也陪同到場，和對方起口角後，持摺疊刀刺傷謝男游姓友人。  6月8日雙方再度約同談判，李嫌陪同黃男前往新北市三重區三和路上的咖啡廳談判，對方要求查看黃男的包包有無危險物品時，過程中對方疑似掉出金屬物品，黃男以為對方有攜帶刀械，與對方爆發衝突。  衝突過程中，李嫌拿出折疊刀衝入人群，分別刺進游姓男子心臟、洪姓男子頸動脈、李姓男子腰間肝臟部位，造成游、洪2人失血過多死亡，李男傷及肝臟住進加護病房，短短37秒內3刀奪2命1重傷，審理時他辯稱自己是陸軍空特部傘兵一般義務役退伍，並沒有受過特殊戰技訓練，沒有要致人於死地的意思，強調只是「防衛過當」，並無殺人犯意。  新北地院認為李男犯行惡劣造成2死1重傷，嚴重危害社會治安，且犯後未向被害人及家屬道歉請求原諒，開庭時還避重就輕，但考量是談判發生的偶發衝突，非預謀殺人，認為尚無剝奪生命、與社會永久隔離的必要，判李男無期徒刑，全案可上訴。  此外游姓死者的母親還提出殯葬費、扶養費、精神慰撫金的414萬餘元求償，民事開庭時李男堅稱自己沒有殺人犯意，其餘請求願意配合，自己在台南的一塊地可以賣掉賠償，法官判賠李男須賠償游母414萬餘元，仍可上訴。  ▼嫌犯所持之兇刀 。（圖／資料照）  
https://www.ettoday.net/amp/amp_news.php?news_id=1486375&from=rss,    ▲2歲男童全身骨瘦如柴、佈滿傷痕，還有中度脫水症狀，最後在社工搶救下才順利脫困。示意圖。（圖／翻攝自pixabay）  記者陳凱力／新竹報導  新竹縣2歲男童的父親，將男童託給新婚妻古女照顧，但古女卻認為繼子是「拖油瓶」，又再轉交黃男與一名少女照顧，由於男童常哭鬧，2人竟綑綁男童手腳，從吊床像大怒神一樣落地，還用BB槍、橡皮筋射男童，男童終日活在驚恐之中骨瘦如柴，全身沾滿糞便，黃男與少女還用滾燙熱水泡奶給男童喝，最後經由社工訪視才發現報警。新竹地院依與少年共同妨害幼童發育罪將古女與黃男判刑1年2月與1年6月，另少女范姜則交由少年法庭審理。    男童父親劉男入獄前，因找不到兒子的生母，只好將男童託付給再婚的妻子古女。古女多次帶男童到姪女范姜和黃男住處，請2人暫時照顧，只是2歲男童經常哭鬧，少女范姜與黃男覺得厭煩，因而情緒失控對男童多次施以暴行。  兩人抓著男童往牆壁丟、將他掛天花板後向大怒神一般自由落體墜地、持鍵盤敲打頭部、用滾燙熱水沖泡奶粉強餵男嬰、持「愛的小手」力打手腳、捏大腿、摑掌、用橡皮筋或繩索綑綁手腳、膠帶封嘴、衛生紙塞嘴、用空氣BB槍將男嬰當射擊活靶，男童終日活在驚恐之中，骨瘦如材，全身都是傷。  社工到古女住處訪視發現男童情況不對，全身瘀傷、虛弱且營養不良，甚至有中度脫水現象，身上還有排泄物沾染，但古女、黃男與范姜3人卻拒絕將男童交給社工帶走，社工利用言語放鬆3人心防，趁其不備將男童抱起奪門而出，第一時間先衝往醫院讓男童就醫，並同時啟動市府安置機制。  古女供稱確見黃男毆打虐待男童，雖有口頭制止，但手機被范姜搶走，也拒絕她帶男嬰去就醫。黃男坦承用橡皮筋彈射男童等行為，卻否認男嬰的傷是施虐，還辯稱「男嬰自行從吊床掉下來、男嬰自行跌倒受傷，男嬰有自殘傾向，才會導致身上多處瘀傷。」新竹地院依與少年共同妨害幼童發育罪將古女與黃男判刑1年2月與1年6月，另少女范姜則交由少年法庭審理。  ★圖片為版權照片，由免費圖庫pixabay供《ETtoday新聞雲》專用，任何網站、報刊、電視台未經免費圖庫pixabay許可，不得部分或全部轉載！
https://www.ettoday.net/amp/amp_news.php?news_id=1531708&from=rss,  ▲2男結伴偷香油錢，卻同車出車禍相繼喪命。（圖／民眾提供）  記者鄧木卿／台中報導  台中52歲阿正（化名）與45歲阿義（化名）疑似缺錢花用，竟將歪腦筋動到寺廟香油錢上，還一連偷了2次以上。警方獲報後循線逮人，但沒想到，2人卻在4月26日時同車出車禍，阿正當場死亡，而阿義急救1個月後也傷重不治。  警方表示，3月19日接獲寺廟報案，稱有人偷竊廟內香油錢。警方獲報後立刻調閱監視器畫面，並查出阿義涉嫌開車載著阿正到廟內行竊，事後警方正積極追捕2人到案。    ▲2男結伴偷香油錢，卻同車出車禍相繼喪命。（圖／民眾提供）  事隔不到一個月，阿正又與另名男子到另間寺廟偷香油錢，但當場被抓包，當時警方不但查扣贓款，還將他壓至神明面前道歉。之後警方要再通知阿義到案說明時，竟赫然發現2人在4月26日時，共乘小貨車發生車禍，相隔一個月後相繼喪命，恐怖巧合也讓警方大為驚訝。  據了解，2名嫌犯偷竊的廟宇是當地知名的李舵先師廟，過去神蹟不斷，還曾發生有警官在夜間巡邏時迷路，但抬頭卻赫見有一道紅光指引道路，最後回到李舵先師廟前。此外，還有信徒前來問卜，擲筊後卻黏在布幔上，讓信徒嘖嘖稱奇，而如今卻發生有嫌犯前往偷竊，事後卻車禍相繼死亡，也讓不少人震驚不已。  【更多新聞】  快訊／迪化抽水站驚見「紅衣女浮屍」！不明物體漂水面　運動民眾近看秒嚇傻  畫面曝！高雄男告白遭拒　持西瓜刀砍少女20多刀...她頭皮被削掉、斷指接不回  酒店妹被她騙出場　醒來全身赤裸　驚見1男浴室爽泡澡
https://www.ettoday.net/amp/amp_news.php?news_id=1492411&from=rss,  ▲王姓大學生提告指控台鐵洩漏他的投訴人個資。（圖為資料照與本案無關／記者季相儒攝）  記者劉昌松／台北報導  就讀東華大學的王姓學生，2018年間向台鐵投訴，檢舉汪姓列車長查票態度惡劣，之後卻接到警局通知，他被汪姓列車長控告妨害名譽，王氣得再告汪和台鐵相關處理人員違反《個資法》，但台北地檢署調查，投訴信上的個資早被塗掉，汪連提告的時候都不知該告誰，警方是另循正式管道調取王的個資，因此處分不起訴汪等台鐵人員。    ▲王大生認為台鐵汪姓列車長態度惡劣，因此投訴希望鐵路局處理。（圖為資料照與本案無關／記者李毓康攝）   就讀東華大學的王姓大學生提告指出，汪姓列車長在2018年3月25日態度惡劣，有對乘客大聲怒罵等情形，王姓大學生隔天填寫旅客意見書，寄到鐵路局申訴。  結果申訴信被鐵路局台北運務處車班副主任，直接交給汪姓列車長，汪拿去向警方提告妨害名譽，而鐵路局林姓客服人員則依警方要求，提供投訴人的身分，王姓大學生因此控告汪等3人分別涉嫌蒐集、利用、洩漏個資。    ▲檢察官認為台鐵確實有保護投訴人個資，警方位偵辦刑案調取投訴人資料，並無違法。（圖為資料照與本案無關／記者邱中岳翻攝）  據了解，汪姓列車長當時被不只1位民眾投訴，但他只針對王姓大學生部分提告，而他到北檢出庭時喊冤，表示拿到上級交辦的旅客意見書時，上面的投訴人個資早被塗掉了，受理報案的警局也作證表示，汪拿出來的旅客意見書上，投訴人資料遭覆蓋，所以警方必須另外向台鐵調取投訴人資料。  檢察官認為，台鐵內部確實先將旅客資料塗銷後，才把旅客意見書發給相關單位調查實情，而台鐵在收到警局發函要求協助偵辦刑事案件後，提供原始沒被塗改過的投訴書，並沒有違反《個資法》相關規定，因此處分不起訴汪姓列車長等3名台鐵人員。  【其他新聞】  狂按電鈴又對警施暴！　法官不給李婉鈺緩刑「原因曝光」  裝潢送鬧鐘「偷拍老闆娘睡覺」　設計師辯沒存檔：怕拍到自己  鈕承澤涉性侵案開庭　騎著腳踏車微笑與女學生玩自拍
https://www.ettoday.net/news/20191114/1579672.htm,邁入第9年的「新北市歡樂耶誕城」15日將登場，活動為期48天，此次首度將市民廣場耶誕樹主燈及市府大樓的牆面光雕投影，串聯臺鐵板橋車站南面外牆雷射燈光秀，打造「雙塔一樹、全球唯一」的聲光體驗，預計將吸引大批參展人、車潮，對此轄區海山警方規劃4項交管措施，確保民眾皆能安心遊玩、安全返家。(新北歡樂耶誕城,交管,海山,板橋,市民廣場)
https://www.ettoday.net/amp/amp_news.php?news_id=1530000&from=rss,  記者吳奕靖、莊智勝／高雄報導  高雄市一名陳姓男子因日前在酒店簽帳未還，5日下午2時許遭到朋友設局，於台南一處洗車場被4名惡煞強擄上車，並拘禁、圍毆逼迫陳男還款，還撥打電話通知陳父，要他「子債父償」。警方接獲通報後立即展開偵辦，趁著嫌犯下車取款時一舉將4人逮捕，並救出陳男，訊後依妨害自由、恐嚇、傷害罪嫌偵辦。    ▲4惡煞押著陳男前往約定地點取款，遭到快打警力當場制伏。（圖／記者吳奕靖翻攝）  警方調查，陳姓男子平時以經商為業，約在1的多月前曾上酒店消費，並簽帳30萬元，但卻遲遲未還款；5日下午2時許，陳男受到朋友邀約獨自前往台南一處洗車場訪友，孰料才剛現身立刻就遭曾姓男子等4名惡煞押上車帶回高雄。  陳男遭擄上車後，曾嫌等人立刻開口要求他償還30萬元款項，但一時之間陳男也拿不出錢，因此遭到4名惡煞「賞拳頭吃」，還被押到一處飯店拘禁長達10的小時，過程中屢屢遭到痛毆。期間4煞要求陳男撥打電話向父親求救，並當場告知陳父，要求「子債父償」，要他準備30萬元贖回兒子。  陳父當天晚間8時許得知愛子遭擄後相當驚慌，立即報警求助；警方在得知雙方約定取款地點後，立即派遣快打警力到場處置，趁著4嫌下車取款之際一舉將其逮捕，同時救出陳男。全案偵訊後依妨害自由、恐嚇、傷害等罪嫌將4人移送法辦。
https://www.ettoday.net/news/20190814/1512602.htm,南部分署第11岸巡隊2019年5月底，獲破一起偷渡客及保育類動物「食蛇龜」的走私案，而檢方調查後，赫然發現台南市安平區金城里里長黃俊策也牽涉其中，但他矢口否認犯案，其他相關人員則都已坦承，檢方遂依藏匿人犯、野生動物保育法及違反移民法等罪向台南地院聲押聲請羈押獲准。(台南,里長,走私,保育龜)
https://www.ettoday.net/amp/amp_news.php?news_id=1529535&from=rss,  ▲更生保護協會桃園分會5日邀請30名更生人參與秋節社區關懷活動。（圖／記者沈繼昌攝）  記者沈繼昌／桃園報導  更生保護會桃園分會5日在桃園地檢署舉辦「秋節社區關懷活動」，邀請30名更生人參與手作盆栽、手語表演等關懷活動，透過活動更認識生命真諦，其中更生人「樂樂」分享自己在17歲時參與擄人勒贖案判刑入監服刑，假釋後懂得珍惜自由可貴，未來將計畫參加職訓，希望自力更生爭取家人認同與支持。  今年25歲的「樂樂」自述，17歲時還在高中就讀時期，曾被安置在青少年收容機構，後來因正值叛逆期逃離，誤交壞朋友，當時有損友說想幹一票大的，結果由她出面負責上網釣出1名男網友，約出見面後一夥人將其擄走，並向其家屬勒索100萬元，後來錢沒拿到，一夥人全遭逮捕，並依擄人勒贖重罪判刑。    ▲更保協會桃園分會5日與更生人在秋節社區關懷活動，慈濟志工示範手語舞蹈。（圖／記者沈繼昌攝）  「樂樂」說，落網後因為當年僅17歲未成年，原遭判刑16年，因未成年刑期酌減為8年，服刑3年後曾申請假釋，2度申請才獲准，去年獲准假釋出監，對於自己年輕荒唐行徑悔不當初，結果犯下大錯入獄才體認自由的可貴，自己高中就讀的是美髮科，但自己其實對餐飲工作很有興趣，假釋出來後曾向美髮店求職過，但因有前科屢被拒於門外，她計畫參加職訓，靠自力更生重回社會，也希望爭取家人認同支持，證明自己還有謀生能力。  更保協會桃園分會主委朱仁才指出，更生人因犯錯遭法律制裁，重獲自由要讓社會重新接納並不容易，家庭的支持與社會關懷是一大契機，這次藉著在中秋前夕舉辦活動，鼓勵更生人培養謀生專長與健康心態，最重要是不要輕言放棄自己。  桃園地檢署檢察長郭文東表示，普天下沒有不能原諒的人，勉勵更生人用愛的力量化解恩怨，儘管生命受過波折考驗，只要有愛與關懷就能度過難關，迎向新世界。  【更多新聞】  ►直擊狙殺角頭現場！連轟6槍行刑式奪命　「雨衣殺手」正面曝光  ►幼兒園學童參訪龍潭警所　體驗警察打擊罪犯與治安維護  ►台男帶「廣式肉餅」入境　防檢局當場查獲開罰20萬
https://www.ettoday.net/amp/amp_news.php?news_id=1506058&from=rss,  ▲49歲黃姓臨時工，因酒後騎機車闖紅燈被查獲，依公共危險罪嫌送辦，被台南地院認定是酒駕累犯，依法加重判處1年徒刑以示懲戒。（圖／記者林悅攝）  記者林悅／台南報導  49歲黃姓臨時工，2016年因酒駕被法院判處5個月徒刑，易科罰金仍不悔改，今年5月24日他在將軍區再度酒後騎車上路，因闖紅燈遭警方攔下，酒測值每公升0.49毫克，被依公共危險罪嫌送辦，台南地院審理認為他酒駕累犯，前案執行完畢，5年以內故意再犯，依法加重判處1年徒刑，仍可上訴。    判決書指出，黃男有多次公共危險（酒後駕車）前科，最近一次因公共危險案件（酒後駕車）案件，經台南地院判處有期徒刑5月，如易科罰金，以新台幣1千元折算1日確定，於2017年1月18日易科罰金執行完畢。  不料黃男猶不知警惕，於2019年5月24日12時30分許，在台南市將軍區友人住處飲用啤酒後，明知飲用酒類後吐氣所含酒精濃度已達每公升0.25毫克以上者，不得駕駛動力交通工具，仍於同日下午3時10分許，騎機車上路。在下午3時40分許，行經佳里區安西里南29線南向1.3公里處時，因闖紅燈違規而為警攔查，經警發現其身上散發酒味，即對其施以吐氣酒精濃度測試，測得黃男吐氣酒精濃度為每公升0.49毫克，被依公共危險罪嫌送辦。    法官認為黃男屢屢再犯酒駕犯行，顯見其除漠視自己安危，尤枉顧法律禁止規範與公眾道路通行之安全，對交通往來顯已造成高度危險，再參酌黃男犯後坦承犯行，態度尚佳，及其從事臨時工工作、生活狀況等一切情狀，依刑法第47條第1項規定加重其刑，量處1年徒刑，以示懲儆。仍可上訴。  ● 《ETtoday新聞雲》提醒您：喝酒不開車，開車不喝酒。
https://www.ettoday.net/amp/amp_news.php?news_id=1482882&from=rss,  記者吳奕靖、林姸君／高雄報導  25歲的鐵路警察李承翰3日晚間8時40分在台鐵嘉義站為保護乘客安全，遭鄭姓男子持刀捅腹身亡。沒想到，一名21歲年輕男警竟在個人IG發出限時動態「警專畢業生狂賀！嘉義鐵路多一個缺」，引起網友憤怒。對此警政署保安警察第五總隊發新聞稿表示，該員情節嚴重，記過一次。  就在社會為李哀悼時，一名保大的年輕男警竟在個人IG上發出限時動態嘲諷，表示李承翰的離開，會讓剛畢業的警專生很開心，因為多出一個缺額可以進入工作，該文也迅速被網友截圖瘋傳、砲轟。  事後年輕警發文滅火，「您好包括各位樓層，我只是用特別嘲諷言詞，反諷現今政府、社會、長官，對於警察值勤人身安全的不重視。在警界當個佛系警察、沒必要以命相搏，拚了這回，也殉職了，值得嗎？看出這位英勇學長救下的乘客嘴臉、拍照的拍照、笑的笑。總之，強調的是嘲諷社會對此事過幾日馬上會忘記，難過的也是自己家人愛人朋友，言論偏激備感抱歉。」後來應是承受不住輿論壓力，IG關板。  對此警政署保安警察第五總隊指出，該員保警專34期畢業，於2017年10月23日分發本總隊第三大隊第三中隊服務迄今一年8個月餘，平日工作表現正常，惟從警歷練尚嫌不足，由於本總隊勤務性質條以整體機動保安訓練及支援他機關執勤為主軸，平日僅兼負隊部值班及園區巡邏，外勤實務歷練較不足。  第五總隊表示，今後會持績加強教育訓練，宣導同仁對於即時通訊軟體使用應確實依「警察機關加強使用即時通訊軟體注意事項」辦理，並要求各級幹部平日應主動深人了解開懷同仁，如有偏頗之言行，應及時告誠導正。  【更多新聞】  嘉義25歲警英勇殉職&hellip;21歲屁警PO文嗆：狂賀！嘉義鐵路多1個缺  影／送25歲勇警回家...長官哽咽擦淚敬禮！同仁痛哭：承翰，任務結束一路好走	    25歲勇警獨身肉搏！鏡頭外「乘客嬉笑錄影」掀戰　網怒吼：都去靈堂跪    影／眼淚都哭乾了...25歲勇警母親緩緩走進靈堂！警政署長哽咽：攻擊警察要嚴懲
https://www.ettoday.net/news/20190618/1470041.htm,泰國日前傳出一起台灣人走私毒品，涉案的28歲台灣籍男子洪正義（Hung Cheng Yi）17日遭到警方逮捕，在飯店內菸灰缸內搜出5.17公斤的K他命粉，在追朔上游竟發現提供毒品的夫妻，女方竟是泰國早期的當紅女歌手Pookie (Priscilla Pookie Gemelli)，讓警方大吃一驚，3人立即遭到扣押。(毒品,泰國,台灣,運毒)
https://www.ettoday.net/news/20191127/1589404.htm,基隆市政府不是台北市、新北市等六都直轄市，所以除了市長是首長外，所屬處長都是單位主管，依規定不得配車載送上下班，沒想到，基隆市政府掌管車輛財產的財政處長翁利芳，竟然長期「公務車私用」，卻由市府司機開公務車，每天接送上、下班。(基隆,公務車,私用)
https://www.ettoday.net/news/20190716/1490807.htm,被媒體封為「牛樟芝大王」的台商劉威甫，4年前在大陸成立「中國珍菌堂集團」，聲稱首創「椴木培植法」結合「家庭富農」專案，以直銷手法吸引會員加入，賺了不少錢。(牛樟芝大王,劉威甫,吸金)
https://www.ettoday.net/amp/amp_news.php?news_id=1528174&from=rss,  ▲19歲正妹蜜大腿竟遭公車狼猥褻1小時，下車就哭了。此為示意圖，與當事人無關。（圖／記者周姈姈攝）    記者吳銘峯／台北報導  新北市林姓男子，前年11月間下午喝了酒後在新北市三芝區搭上公車，發現19歲少女「小施」（化名）單獨在後方座位，林男隨即坐到小施旁，仗著力氣大強行撫摸小施大腿、鼠蹊部，直到公車抵達淡水紅樹林站才下車，時間長達1小時。小施下車後因極度委屈，竟站在路旁哭泣，路人因此陪同報警。林男二審遭判刑8月，可上訴。  判決指出，本案發生於2017年11月間，下午4點多，林男喝了酒後，在新北市三芝區三芝國中附近搭上公車。林男一上車後，就發現19歲的小施一人單獨坐在公車右側後面靠窗位置。林男見色心起，不顧車上仍有許多空位，竟大喇喇地坐在小施旁的座位，隨即將頭靠在小施的肩膀上，而後伸手撫摸小施的大腿、鼠蹊部。  小施大驚！雖以手推拒，並明確表明拒絕意思，但林男仗著自己成年男子的力氣較大，壓制小施的推拒反對，持續撫摸、猥褻小施的蜜大腿。一直到公車開到淡水區的紅樹林捷運站，林男與小施先後下車。小施因極度委屈，下車後就站在路旁哭泣，一同下車的乘客發覺有異，陪同小施報警，警方循線逮捕林男，林男被依照「強制猥褻罪」提起公訴。  法院審理時，林男雖坦承撫摸小施，但又說自己當時喝了酒，不記得發生什麼事情，企圖以行為時失去辨識能力為由，要求法院減刑。但一審法院根據小施、公車司機等人的供詞，認為林男行為時雖有飲酒，但並未失去辨識能力，還能清楚與小施等人對話。一審法院因此將林男判刑8月。  案經上訴，二審高等法院審理時，林男還是辯稱喝了酒，什麼都不記得了。但高院根據證人供詞，還是認定林男行為時意識清楚。而雖然林男在最後陳述時對小施說「對不起，我錯了，我要謝謝你。」高院認為林男並無悔意，因此駁回上訴，仍判刑8月。可上訴。
https://www.ettoday.net/amp/amp_news.php?news_id=1527490&from=rss,  ▲2男持小刀劃破「中華民國退休警察人員協會」懸掛的布條，法官判拘役20天。（示意圖／取自免費圖庫pixabay）  記者陳韻如／台北報導  「中華民國退休警察人員協會」總會2018年在北市忠孝西路天橋上掛布條，但卻遭到廖姓、陳姓男子持小刀劃破。台北地院審理後，依毀損罪判2人各拘役20日，得易科罰金2萬元，2人不服提出上訴，遭到二審法官駁回，但宣告2年緩刑確定。  判決書指出，中華民國退休警察人員協會總會2018年在忠孝西路天橋上懸掛寫有「踐踏警消 誰來保護人民」，1幅是「警消危勞 政府視而不見」，來對政府表達自己的不滿。  然而，同年5月16日卻遭到廖男及陳男2人持小刀劃破布條，案經協會提告後，2人被依毀損罪各判拘役20天，但2人不服判決，提出上訴。2人共同主張，天橋上本來就不得懸掛布條，縱使他們割毀布條有阻卻違法的事由，但是有也已與總會理事長，希望獲判緩刑。  二審法官審理後，認為2人過去沒有犯罪紀錄，也已道歉和解，並賠償布條文萱的損害，審酌2人犯情，維持原判，但諭知緩刑2年，全案確定。  【更多新聞】  早上大吵一架！母剛跳日月潭命危　兒接著醉倒停車場...下秒遭輾爆頭慘死  還沒結婚媽急壞！「桃園直奔高雄」找媳婦　兒子苦勸：別找了，她已是前女友  行人闖馬路...騎士猛急煞！下秒人車「360度前空翻」　倒地撫腰痛苦翻滾            
https://www.ettoday.net/news/20191014/1556983.htm,一名60歲邱姓領隊14日上午帶領9男1女登山隊爬玉山時，突然在距離玉山登山口500公尺處不明原因昏倒，同隊的其他人見狀立刻打電話求救。嘉義消防局阿里山分隊獲報後立刻趕往救援，但邱男在他們趕往的途中就已經呈現OHCA狀態，送醫治療仍宣告不治，未來檢方會相驗遺體、釐清邱男真正的死因。(阿里山,玉山,登山口,爬玉山,領隊)
https://www.ettoday.net/amp/amp_news.php?news_id=1527812&from=rss,  ▲事發的新莊區頭前路李男公司大門深鎖             。（圖／記者陳以昇翻攝）  記者陳以昇／新北報導  新北市新莊區一名男子因公司營運不佳向朋友調頭寸，約好要償還40萬元卻一直爽約，最後相約男子在公司碰面，竟再度耍賴，朋友火大夥同5名友人持棍棒痛毆他，並砸毀公司設備，警方獲報到場時，僅剩遍體鱗傷的男子滿臉鮮血不知所措，警方當晚循線將6人逮捕移送偵辦。  李姓男子（49歲）因公司營運不佳週轉不靈，向鄭姓友人（34歲）調頭寸借了40萬元，雙方協議歸還日期，但李男卻多次找理由拖欠。上個月（8月）30日下午2時許，2人又約好在新莊區頭前路的公司面交40萬債款，碰面後竟再度耍賴爽約。  這時鄭男再也按耐不住脾氣，與同行的5名友人拿出預藏的棍棒痛毆李男，造成他全身多處擦挫傷，頭、手撕裂傷，還將公司設備砸毀並強行拿走他身上的4000元現金後逃逸。警方獲報到達時，僅剩一臉茫然的3名員工及頭破血流、上身赤裸的李男呆立現場。  警方調閱周遭監視影像，當天晚間9時許循線將打人的鄭男等6人逮捕到案，訊後坦承犯案，依傷害、妨害自由、恐嚇取財、毀損等罪嫌移送新北地檢署偵辦。
https://www.ettoday.net/news/20190731/1502896.htm,新北市三之區的珊瑚貝殼廟（原名：富福頂山寺）的第一任管委會副主委李佰全，在擔任主委的父親病逝之後，與妻子葉玲向監委拿取她保管的大小章及存摺，並到銀行盜領382萬元轉到李佰全帳戶內；新北地院判決李佰全夫妻檔6個月徒刑，並沒收犯罪所得，此外監委也被判刑3月，皆可易科罰金，全案確定。(三芝,貝殼廟,盜領,香油錢)
https://house.ettoday.net/news/1522144,防火塗料涉嫌摻雜澱粉等劣質材料，魚目混珠，騙倒故宮南院、好市多等一干知名廠商。該塗料商恩企實業，因詐欺、偽造文書等案，遭到判刑，其公司負責人崔明禮名下的信義路店面，也以3.17億餘元遭到法拍，賠了夫人..
https://www.ettoday.net/amp/amp_news.php?news_id=1490625&from=rss,  ▲圖為移民署外觀。（圖／翻攝GoogleMap）  記者張君豪／台北報導  台灣國際勞工協會15日踢爆「各部聯手搞南向、瀆職剝削境外生」情事，勞工團體並提出六大訴求，要求教育部徹查是否有境外生遭學校或仲介控制外來學生在台非法工作等問題。  台灣國際勞工協會認為，政府2016年提出新南向政策，讓國際產學專班的引進東南亞國家人力，一方面學校可收取教育部補助款，還可以跟學生收取學費；其二反而衍生境外學生打工問題，等於讓更多廉價勞力輸台。  台權會副祕書長施逸翔表示，境外生淪為奴工涉及人口販運，行政院有人口販運防治的協調會報，今年1月在處理斯里蘭卡假留學生打工時，請教育部積極溝通持續作好管理機制，適時對外說明，結果3月又發生東南科大新南向專班把外籍生當外勞的事件。  勞團並提出六大訴求，包括教育部應要求招收境外學生的學校，將就學資訊翻譯成各國語言；教育部應徹查是否有境外生遭學校、仲介控制；教育部應全面採用政府對政府方式，招收新南向專班學生；勞動部應明文禁止以仲介境外生獲利打工；教育部及勞動部應建立境外生打工實習查察機制。另外勞團也要求移民署應尊重被害人意願安置，避免安置成監禁。  對此內政部今天澄清，強調，人口販運被害人「安置」非監禁不會失去自由。內政部移民署澄清，經鑑別為人口販運被害人，依現行安置保護機制，會進入移民署安置處所，除提供人身安全保護、安排健檢等醫療膳宿等協助。  移民署並會提供被害人祖國餐飲，並讓他們向母國家人們通報平安，每人都可以自由進出庇護所，所以人身自由都不會受到拘束，人權團體所稱失去自由，顯然誤解。被害人如想盡速返家，庇護所亦會予以協助。教育部及被害人母國在臺代表處在108年7月初均曾進入安置處所進行關懷。  【其他新聞】  ►影／造假蘇貞昌追悼殉職警丟筆影片　警48小時查獲「韓粉」工程師涉案   ►誆稱費玉清澳洲演唱會　揪打工團兩周騙上百本護照     ►蘇貞昌赴鄉親告別式丟筆！　遭移花接木成不尊重殉職勇警                             
https://www.ettoday.net/news/20190917/1536776.htm,沒有內文
https://www.ettoday.net/amp/amp_news.php?news_id=1485869&from=rss,  ▲台中港印尼籍船員灑水時水管不慎遭輸送帶捲入，導致他右手臂當場遭絞斷。（圖／記者陳玉翻攝）  地方中心／台中報導  台中港29號碼頭8日下午發生一起工安意外，一名印尼船員在船上灑水時，水管疑似不慎遭到輸送帶捲入，船員右手臂當場遭到絞斷。警消人員獲報後緊急將他送醫搶救，暫時無生命危險，而目前船也已經停工。  據了解，8日下午近3時許，29號碼頭「兆明輪」的31歲印尼籍船員wijaya當時正在船上灑水，但水管卻不慎遭到輸送帶捲入，導致他右手臂當場被絞斷、左手上臂腫脹變形。  意外發生後船員被送往童綜合醫院搶救，但因傷口嚴重，遂立即轉往林口長庚醫院救治，所幸並無生命危險，而目前船已停工，至於詳細的事發原因，職業安全衛生處正釐清調查中。  【更多新聞】  喊原住民「番仔」！女導遊稱台東嘉蘭村「失落的部落」　族人炸怒：不准再來  國小新校長任期僅24天！一圓夢想卻引「過水」爭議　家長怒批：在作賤學校  為錢翻臉...他怒把兄弟鎖門外！直奔進房強X對方女友　20分鐘「噴射」2次            
https://www.ettoday.net/news/20190924/1542316.htm,一名家住基隆市一棟大樓21樓住戶發現天花板漏水，原先以為是22樓房屋出問題，結果經鑑定後才發現，竟是12樓住戶的給水管路滲漏才引發問題，轉向12樓住戶求償22萬6千元的修繕及管理費。法院審理後，判12樓住戶應賠償21樓徐姓住戶。可上訴。(天花板,漏水,基隆,餐廳,客廳)
https://www.ettoday.net/news/20190923/1541202.htm,台北科技大學前教授王隆昌，因臨時遞補受聘為南港展覽館工程案評委，結果法院僅因汙點證人的供詞，就以貪汙罪將王隆昌判刑7年8月定讞。王隆昌出獄後公開喊冤並提出再審，前大法官許玉秀也出面為他背書，但最高法院審理後，認為再審無理由，23日駁回再審確定。
(法律,人權,王隆昌,汙點證人,司改,台北科技大學,貪汙,冤獄,定讞)
https://www.ettoday.net/news/20191227/1611760.htm,彰化縣花壇鄉一處工地，27日上午10時許發生一起意外事故，事發當時一群工人正在進行整地，而其中2人準備架設圍籬時，一旁的民宅圍牆卻突然倒塌，導致2名工人當場被水泥磚牆活埋，僅露出一不份的頭、腿，而2人經緊急救出後，身體都已經變形，送醫搶救後仍是不幸宣告不治。()
https://www.ettoday.net/amp/amp_news.php?news_id=1488099&from=rss,  ▲員警機智破解老人衣服之密碼，助其返家。（圖／記者林妍君翻攝）  實習記者傅一珩／高雄報導    高雄市林浦分局日前接獲一起民眾報案稱，一名老婦獨自坐在路邊很久了。警方先將老婦送至派出所安頓，因為老人年事已高，無法準確說清楚家庭住址。正當警方無計可施時，眼尖的警員發現老人的衣服背後似乎繡著一些字樣，仔細一看才發現原來是老人的名字和住址，這才順利將老人送回家。  據了解，該名老婦是獨自一人步行至走失的地方，因為辨別不清方向，又加上體力不支，才坐在路邊。路過民眾擔心過往車輛眾多，一不小心可能會擦撞老婦，便上前詢問想要幫助老人，但老婦口齒不清，並且想要離開現場，情急之下民眾才向警方報了案。  警方表示，由於擔心老婦的安全，員警先將她帶回派出所休息，但因為沒有找到可以辨識身份的證件，老人也無法清楚表達有關的個人信息，只能另尋方法。果然發現老人的衣服背後有繡一些字樣，仔細一看才明白原來衣服後繡著的正是老人的姓名和家人聯絡電話，這才幫助警方聯繫到老人家屬，安全將她送回家。  警方透露，該名老婦近期患有輕微的失智症，又沒有按時吃藥的習慣，才會發生走失的情況。警方稱之前對此類情況有做宣導，告知家屬可在老人的衣服縫隙處繡上老人的相關信息和聯絡電話，以方便警方送老人返家，這才使得這次的案件有驚無險。
