64,https://www.ettoday.net/amp/amp_news.php?news_id=1521289&from=rss
81,https://www.ettoday.net/news/20191106/1573231.htm
156,https://www.ettoday.net/amp/amp_news.php?news_id=1527111&from=rss
193,https://www.ettoday.net/news/20191203/1592945.htm
194,https://www.ettoday.net/amp/amp_news.php?news_id=1486684&from=rss
283,https://www.ettoday.net/amp/amp_news.php?news_id=1496656&from=rss
336,https://www.ettoday.net/news/20190920/1539643.htm
351,https://www.ettoday.net/news/20191008/1552637.htm
449,https://www.ettoday.net/amp/amp_news.php?news_id=1526038&from=rss
495,https://www.ettoday.net/news/20191013/1556057.htm
504,https://www.ettoday.net/news/20191217/1603980.htm
507,https://www.ettoday.net/amp/amp_news.php?news_id=1496020&from=rss
508,https://www.ettoday.net/news/20191225/1609699.htm
548,https://www.ettoday.net/amp/amp_news.php?news_id=1518144&from=rss
568,https://www.ettoday.net/news/20191113/1578970.htm
645,https://www.ettoday.net/amp/amp_news.php?news_id=1522777&from=rss
662,https://www.ettoday.net/news/20190919/1538950.htm
747,https://www.ettoday.net/news/20191128/1590250.htm
792,https://www.ettoday.net/amp/amp_news.php?news_id=1498357&from=rss
949,https://www.ettoday.net/amp/amp_news.php?news_id=1506811&from=rss
963,https://www.ettoday.net/news/20190911/1533594.htm
1027,https://www.ettoday.net/news/20190919/1538485.htm
1060,https://www.ettoday.net/news/20191021/1561807.htm
1103,https://www.ettoday.net/amp/amp_news.php?news_id=1520836&from=rss
1139,https://www.ettoday.net/news/20190724/1497009.htm
1176,https://www.ettoday.net/news/20191118/1582258.htm
1214,https://www.ettoday.net/news/20190707/1484046.htm
1234,https://www.ettoday.net/news/20191021/1562000.htm
1346,https://www.ettoday.net/news/20191117/1582070.htm
1347,https://www.ettoday.net/amp/amp_news.php?news_id=1516735&from=rss
1417,https://www.ettoday.net/news/20191008/1553091.htm
1419,https://www.ettoday.net/news/20190216/1379327.htm
1463,https://www.ettoday.net/amp/amp_news.php?news_id=1486081&from=rss
1617,https://www.ettoday.net/amp/amp_news.php?news_id=1516170&from=rss
1620,https://www.ettoday.net/news/20190601/1458053.htm
1663,https://www.ettoday.net/amp/amp_news.php?news_id=1496816&from=rss
1753,https://www.ettoday.net/news/20191031/1568488.htm
1767,https://www.ettoday.net/amp/amp_news.php?news_id=1514011&from=rss
1865,https://www.ettoday.net/amp/amp_news.php?news_id=1535557&from=rss
1876,https://www.ettoday.net/amp/amp_news.php?news_id=1522471&from=rss
1971,https://www.ettoday.net/amp/amp_news.php?news_id=1525496&from=rss
2037,https://www.ettoday.net/news/20191226/1610524.htm
2059,https://www.ettoday.net/amp/amp_news.php?news_id=1534256&from=rss
2104,https://www.ettoday.net/news/20191103/1571318.htm
2106,https://www.ettoday.net/amp/amp_news.php?news_id=1531672&from=rss
2139,https://www.ettoday.net/amp/amp_news.php?news_id=1534433&from=rss
2146,https://www.ettoday.net/news/20190224/1385682.htm
2154,https://www.ettoday.net/news/20191113/1578843.htm
2176,https://www.ettoday.net/amp/amp_news.php?news_id=1527502&from=rss
2200,https://www.ettoday.net/news/20191104/1571758.htm
2242,https://www.ettoday.net/news/20190924/1541945.htm
2265,https://www.ettoday.net/amp/amp_news.php?news_id=1527834&from=rss
2329,https://www.ettoday.net/news/20190330/1411345.htm
2344,https://www.ettoday.net/news/20191002/1547713.htm
2346,https://www.ettoday.net/news/20190529/1455607.htm
2370,https://www.ettoday.net/news/20191218/1604373.htm
2433,https://www.ettoday.net/amp/amp_news.php?news_id=1514978&from=rss
2473,https://www.ettoday.net/amp/amp_news.php?news_id=1499899&from=rss
2506,https://www.ettoday.net/news/20191008/1553141.htm
2591,https://www.ettoday.net/news/20191025/1565007.htm
2663,https://www.ettoday.net/amp/amp_news.php?news_id=1532510&from=rss
2680,https://www.ettoday.net/news/20190924/1542203.htm
2709,https://www.ettoday.net/news/20190520/1448345.htm
2727,https://www.ettoday.net/news/20190411/1419738.htm
2814,https://www.ettoday.net/news/20191004/1550013.htm
2901,https://www.ettoday.net/news/20191118/1582266.htm
2917,https://www.ettoday.net/news/20191108/1574989.htm
2993,https://www.ettoday.net/amp/amp_news.php?news_id=1529246&from=rss
3071,https://www.ettoday.net/news/20191223/1608702.htm
3074,https://www.ettoday.net/news/20191231/1614638.htm
3108,https://www.ettoday.net/amp/amp_news.php?news_id=1481442&from=rss
3165,https://www.ettoday.net/amp/amp_news.php?news_id=1495139&from=rss
3169,https://www.ettoday.net/amp/amp_news.php?news_id=1480758&from=rss
3176,https://www.ettoday.net/news/20190115/1356666.htm
3350,https://www.ettoday.net/amp/amp_news.php?news_id=1486748&from=rss
3450,https://www.ettoday.net/news/20191013/1555399.htm
3527,https://www.ettoday.net/amp/amp_news.php?news_id=1528472&from=rss
3569,https://www.ettoday.net/news/20191015/1557600.htm
3609,https://www.ettoday.net/news/20190925/1543323.htm
3642,https://www.ettoday.net/news/20191105/1572530.htm
3765,https://www.ettoday.net/amp/amp_news.php?news_id=1522072&from=rss
3788,https://www.ettoday.net/news/20191227/1611476.htm
3800,https://www.ettoday.net/news/20190614/1467376.htm
3836,https://www.ettoday.net/amp/amp_news.php?news_id=1534117&from=rss
3849,https://www.ettoday.net/amp/amp_news.php?news_id=1508224&from=rss
3861,https://www.ettoday.net/amp/amp_news.php?news_id=1515598&from=rss
3882,https://www.ettoday.net/news/20190110/1353015.htm
3908,https://www.ettoday.net/amp/amp_news.php?news_id=1491705&from=rss
3929,https://www.ettoday.net/amp/amp_news.php?news_id=1512427&from=rss
3948,https://www.ettoday.net/amp/amp_news.php?news_id=1521910&from=rss
3962,https://www.ettoday.net/news/20190927/1544431.htm
4016,https://www.ettoday.net/amp/amp_news.php?news_id=1524814&from=rss
4056,https://www.ettoday.net/news/20190611/1464877.htm
4179,https://www.ettoday.net/amp/amp_news.php?news_id=1507006&from=rss
4188,https://www.ettoday.net/amp/amp_news.php?news_id=1486375&from=rss
4189,https://www.ettoday.net/amp/amp_news.php?news_id=1531708&from=rss
4213,https://www.ettoday.net/amp/amp_news.php?news_id=1492411&from=rss
4216,https://www.ettoday.net/news/20191114/1579672.htm
4262,https://www.ettoday.net/amp/amp_news.php?news_id=1530000&from=rss
4362,https://www.ettoday.net/news/20190814/1512602.htm
4365,https://www.ettoday.net/amp/amp_news.php?news_id=1529535&from=rss
4426,https://www.ettoday.net/amp/amp_news.php?news_id=1506058&from=rss
4441,https://www.ettoday.net/amp/amp_news.php?news_id=1482882&from=rss
4482,https://www.ettoday.net/news/20190618/1470041.htm
4505,https://www.ettoday.net/news/20191127/1589404.htm
4517,https://www.ettoday.net/news/20190716/1490807.htm
4634,https://www.ettoday.net/amp/amp_news.php?news_id=1528174&from=rss
4743,https://www.ettoday.net/amp/amp_news.php?news_id=1527490&from=rss
4760,https://www.ettoday.net/news/20191014/1556983.htm
4763,https://www.ettoday.net/amp/amp_news.php?news_id=1527812&from=rss
4765,https://www.ettoday.net/news/20190731/1502896.htm
4862,https://house.ettoday.net/news/1522144
4872,https://www.ettoday.net/amp/amp_news.php?news_id=1490625&from=rss
4889,https://www.ettoday.net/news/20190917/1536776.htm
4937,https://www.ettoday.net/amp/amp_news.php?news_id=1485869&from=rss
4951,https://www.ettoday.net/news/20190924/1542316.htm
4952,https://www.ettoday.net/news/20190923/1541202.htm
5002,https://www.ettoday.net/news/20191227/1611760.htm
5012,https://www.ettoday.net/amp/amp_news.php?news_id=1488099&from=rss