60,https://sina.com.hk/news/article/20190919/1/11/2/%E9%BE%90%E5%A4%A7%E8%91%A3%E4%BA%8B%E6%8F%9B%E8%A1%80%E6%B7%B1%E5%95%86%E6%8E%A7%E8%82%A1%E5%92%8C%E5%85%83%E7%B6%AD%E8%B3%87%E7%94%A2%E9%AB%98%E7%AE%A1%E5%85%A5%E9%A7%90-10637091.html
203,https://sina.com.hk/news/article/20190927/1/11/2/%E6%B5%B7%E9%A6%AC%E6%B1%9F%E6%B7%AE%E6%B1%BD%E8%BB%8A%E8%B3%A3%E6%88%BF%E8%A3%9C%E7%AA%9F%E7%AA%BF%E6%9D%B1%E5%B1%B1%E5%86%8D%E8%B5%B7%E9%9C%80%E6%A0%B8%E5%BF%83%E6%8A%80%E8%A1%93%E6%94%AF%E6%92%90-10666720.html
254,https://sina.com.hk/news/article/20190925/1/27/2/%E7%89%B9%E6%9C%97%E6%99%AE%E9%81%AD%E7%9C%BE%E9%99%A2%E5%BD%88%E5%8A%BE%E8%AA%BF%E6%9F%A5-%E5%B0%8D%E6%89%8B%E6%8B%9C%E7%99%BB%E6%94%AF%E6%8C%81%E5%BA%A6%E4%B8%8A%E5%8D%87-10657279.html
347,https://sina.com.hk/news/article/20190924/1/10/84/%E5%A5%B3%E5%AD%90%E9%A3%B2%E6%B7%B7%E5%85%A5%E8%BF%B7%E5%A7%A6%E8%97%A5%E6%9E%9C%E6%B1%81%E5%BE%8C%E8%A2%AB%E4%BE%B5%E7%8A%AF-%E7%94%B7%E8%AD%B7%E5%A3%AB%E8%AA%8D%E5%BC%B7%E5%A7%A6%E7%BD%AA%E9%82%84%E6%8A%BC-10652937.html
408,https://sina.com.hk/news/article/20190924/1/11/2/%E5%BF%AB%E6%89%8B%E8%81%AF%E5%90%88%E5%89%B5%E5%A7%8B%E4%BA%BA%E9%8A%80%E9%91%AB%E5%8D%B8%E4%BB%BBA%E7%AB%99%E6%B3%95%E5%AE%9A%E4%BB%A3%E8%A1%A8%E4%BA%BA%E7%AD%89%E8%81%B7-%E8%B3%88%E5%BC%98%E6%AF%85%E6%8E%A5%E4%BB%BB-10651962.html
501,https://sina.com.hk/news/article/20190929/1/27/2/%E9%80%9A%E7%83%8F%E9%96%80%E7%99%BC%E9%85%B5-%E7%BE%8E%E5%9C%8B%E9%A7%90%E7%83%8F%E5%85%8B%E8%98%AD%E7%89%B9%E5%88%A5%E4%BA%8B%E5%8B%99%E4%BB%A3%E8%A1%A8%E8%A2%AB%E6%9B%9D%E8%BE%AD%E8%81%B7-10670127.html
510,https://sina.com.hk/news/article/20190926/1/27/2/%E7%89%B9%E6%9C%97%E6%99%AE%E5%92%8C%E6%8B%9C%E7%99%BB%E6%8D%B2%E5%85%A5%E9%9B%BB%E8%A9%B1%E9%96%80%E6%BC%A9%E6%B8%A6-%E6%B2%83%E5%80%AB%E6%88%96%E6%88%90%E6%BD%9B%E5%9C%A8%E8%B4%8F%E5%AE%B6-10661326.html
582,https://sina.com.hk/news/article/20191219/1/27/4/%E6%8E%A7-%E5%AE%89%E5%80%8D%E5%A5%BD%E5%8F%8B-%E5%BC%B7%E5%A7%A6-%E6%97%A5%E5%A5%B3%E8%A8%98%E8%80%85%E7%8D%B2%E8%B3%A023%E8%90%AC-10973673.html
589,https://sina.com.hk/news/article/20191006/1/67/66/%E5%85%A8%E7%90%83%E7%98%8B%E7%8E%A9Tetris-Challenge-%E7%9C%9F%E4%BA%BA%E9%96%8B%E7%AE%B1%E6%8C%91%E6%88%B0-%E9%BD%8A%E9%BD%8A%E5%B0%87%E8%87%AA%E5%B7%B1%E9%96%8B%E7%AE%B1-10684211.html
791,https://sina.com.hk/news/article/20190926/1/27/2/%E8%8B%B1%E5%9C%8B%E9%AE%91%E9%87%8C%E6%96%AF%E5%B7%B4%E5%A3%AB%E8%A6%81%E7%A0%B4%E7%94%A2-%E5%B7%B4%E5%A3%AB%E5%B8%82%E5%A0%B4%E5%87%BA%E7%8F%BE%E4%B8%AD%E4%BC%81%E8%BA%AB%E5%BD%B1-10660821.html
858,https://sina.com.hk/news/article/20191008/1/11/2/%E5%8D%81%E4%B8%80%E6%B6%88%E8%B2%BB%E5%A0%B1%E5%91%8A-%E5%85%8D%E7%A8%85%E5%BA%97%E4%BA%BA%E5%9D%87%E8%8A%B1%E8%B2%BB%E5%85%A9%E5%8D%83%E4%B8%AD%E5%9C%8B%E5%A4%A7%E5%AA%BD%E6%88%90%E7%A7%BB%E5%8B%95%E6%94%AF%E4%BB%98%E4%B8%BB%E5%8A%9B-10687214.html
926,https://sina.com.hk/news/article/20190927/1/27/2/%E7%89%B9%E6%9C%97%E6%99%AE%E9%9B%BB%E8%A9%B1%E9%96%80%E6%AA%A2%E8%88%89%E4%BF%A1%E8%A2%AB%E5%85%AC%E4%BD%88-%E7%99%BD%E5%AE%AE%E8%A2%AB%E6%8C%87%E5%B0%81%E9%8E%96%E5%85%A7%E5%AE%B9-10663496.html
1012,https://sina.com.hk/news/article/20190926/1/27/2/%E7%BE%8E%E5%AA%92-%E7%BE%8E%E7%9C%BE%E9%99%A2%E6%9C%89%E9%81%8E%E5%8D%8A%E8%AD%B0%E5%93%A1%E6%94%AF%E6%8C%81%E5%B0%8D%E7%89%B9%E6%9C%97%E6%99%AE%E5%95%9F%E5%8B%95%E5%BD%88%E5%8A%BE%E8%AA%BF%E6%9F%A5-10661325.html
1314,https://sina.com.hk/news/article/20190926/1/27/2/%E7%BE%8E%E5%85%AC%E9%96%8B%E7%BE%8E%E7%83%8F%E7%B8%BD%E7%B5%B1%E9%80%9A%E8%A9%B1%E8%A8%98%E9%8C%84-%E7%83%8F%E7%B8%BD%E7%B5%B1%E9%81%AD%E9%81%87%E5%A4%96%E4%BA%A4%E8%BB%8A%E7%A6%8D-10663297.html
1380,https://sina.com.hk/news/article/20191016/1/27/2/%E6%97%A5%E5%AA%92-%E5%AE%89%E5%80%8D%E6%9A%97%E7%A4%BA%E6%88%96%E5%B0%87%E8%88%87%E9%9F%93%E7%B8%BD%E7%90%86%E6%9C%83%E8%AB%87-%E7%A8%B1%E5%BF%85%E9%A0%88%E4%BF%9D%E6%8C%81%E5%B0%8D%E8%A9%B1-10721529.html
1495,https://sina.com.hk/news/article/20190929/1/27/2/%E5%89%8D%E5%89%AF%E7%B8%BD%E7%90%86%E8%A6%96%E9%A0%BB%E9%86%9C%E8%81%9E%E8%87%B4%E6%94%BF%E5%A3%87%E5%B7%A8%E9%9C%87-%E5%A5%A7%E5%9C%B0%E5%88%A9%E8%88%89%E8%A1%8C%E6%8F%90%E5%89%8D%E5%A4%A7%E9%81%B8-10670688.html
1502,https://sina.com.hk/news/article/20191121/1/10/84/%E4%BC%91%E7%8F%AD%E8%AD%A6%E5%93%A1%E4%B8%8A%E6%B0%B4%E6%9D%B1%E6%85%B6%E8%B7%AF%E7%96%91%E9%81%87%E8%A5%B2%E5%8F%97%E5%82%B7-72%E6%AD%B2%E7%94%B7%E5%AD%90%E8%A2%AB%E6%8D%95-10867452.html
1522,https://sina.com.hk/news/article/20190930/1/27/2/%E7%BE%8E%E6%BF%AB%E7%94%A8%E8%A3%BD%E8%A3%81%E5%A4%A7%E6%A3%92-%E4%BF%84%E5%B8%8C%E6%9C%9B%E8%81%AF%E5%90%88%E5%9C%8B%E7%B8%BD%E9%83%A8%E6%90%AC%E9%9B%A2%E7%BE%8E%E5%9C%8B-10673226.html
1536,https://sina.com.hk/news/article/20190920/1/11/2/%E7%99%BD%E5%B2%A9%E9%AC%86-%E8%AE%93%E9%86%AB%E7%94%9F%E5%9B%9E%E6%AD%B8%E6%9C%AC%E8%81%B7-%E5%B9%B2%E8%A9%B2%E5%B9%B9%E7%9A%84%E4%BA%8B-10641924.html
1579,https://sina.com.hk/news/article/20191231/1/10/84/%E7%A4%BE%E4%BA%A4%E5%B8%B3%E6%88%B6%E6%8E%A8%E9%80%81%E5%96%9C%E5%A5%BD%E7%89%A9%E5%93%81%E5%BB%A3%E5%91%8A-%E5%AD%B8%E8%80%85-%E6%9C%89%E6%A9%9F%E6%9C%83%E5%B1%AC%E7%A8%8B%E5%BC%8F%E5%81%B7%E8%81%BD-11017716.html
1669,https://sina.com.hk/news/article/20190925/1/11/2/%E6%B5%99%E8%B4%9B%E7%B0%BD%E7%BD%B2%E8%B7%A8%E7%9C%81%E6%95%B8%E6%93%9A%E5%85%B1%E4%BA%AB%E5%8D%94%E8%AD%B0-%E6%8E%A8%E9%80%B2%E9%9B%BB%E5%AD%90%E8%AD%89%E7%85%A7%E4%BA%92%E8%AA%8D-10657157.html
1719,https://sina.com.hk/news/article/20190926/1/11/2/%E7%9A%87%E6%B0%8F%E9%9B%86%E5%9C%98%E5%8F%83%E8%88%87%E8%A8%AD%E7%AB%8B%E6%8A%95%E8%B3%87%E5%9F%BA%E9%87%91%E8%81%9A%E7%84%A6%E7%8F%BE%E6%9C%89%E4%B9%B3%E6%A5%AD%E8%88%87%E4%BF%A1%E6%81%AF%E7%94%A2%E6%A5%AD-10661057.html
1723,https://sina.com.hk/news/article/20190925/1/27/2/%E6%B6%89%E6%80%A7%E9%A8%B7%E6%93%BE%E9%86%9C%E8%81%9E-%E5%A4%9A%E6%98%8E%E6%88%88%E5%8F%96%E6%B6%88%E5%A4%A7%E9%83%BD%E6%9C%83%E6%AD%8C%E5%8A%87%E9%99%A2%E6%9C%AA%E4%BE%86%E6%89%80%E6%9C%89%E8%A1%A8%E6%BC%94-10656916.html
1804,https://sina.com.hk/news/article/20190925/1/11/2/%E5%BB%A3%E5%85%83%E5%B8%82%E4%BA%BA%E5%A4%A7%E5%B8%B8%E5%A7%94%E6%9C%83%E5%89%AF%E4%B8%BB%E4%BB%BB%E5%8A%8D%E9%96%A3%E7%B8%A3%E5%A7%94%E6%9B%B8%E8%A8%98%E5%90%91%E6%B0%B8%E6%9D%B1%E4%B8%BB%E5%8B%95%E6%8A%95%E6%A1%88-10657388.html
1962,https://sina.com.hk/news/article/20190928/1/11/2/%E9%9B%85%E5%A3%AB%E5%88%A9%E7%A8%B1%E9%97%9C%E8%81%AF%E4%BA%A4%E6%98%93%E9%81%95%E8%A6%8F%E4%B8%BB%E5%9B%A0%E7%B3%BB%E6%A5%AD%E5%8B%99%E6%93%B4%E5%BC%B5%E5%B7%B2%E6%94%B9%E5%96%84%E7%9B%B8%E9%97%9C%E8%A3%BD%E5%BA%A6-10668611.html
1988,https://sina.com.hk/news/article/20190922/1/11/2/%E7%9F%B3%E5%AE%B6%E8%8E%8A-%E8%BE%B2%E6%B0%91%E5%B7%A5%E6%AC%A0%E8%96%AA%E5%86%AC%E7%97%85%E5%A4%8F%E6%B2%BB%E8%BF%BD%E5%9B%9E%E6%AC%A0%E6%AC%BE8947%E8%90%AC%E5%85%83-10645436.html
2003,https://sina.com.hk/news/article/20190928/1/27/2/%E6%9B%B4%E5%A4%9A%E7%B4%B0%E7%AF%80%E6%9B%9D%E5%85%89-%E7%99%BD%E5%AE%AE%E8%A2%AB%E6%8C%87%E8%A9%A6%E5%9C%96%E7%82%BA%E7%89%B9%E6%9C%97%E6%99%AE%E6%91%80%E8%93%8B%E5%AD%90-10669598.html
2128,https://sina.com.hk/news/article/20190929/1/11/2/%E9%A6%96%E5%80%8B%E5%AE%8C%E6%95%B4%E5%B1%95%E7%A4%BA%E4%B8%AD%E5%9C%8B%E5%B7%A5%E4%BA%BA%E9%81%8B%E5%8B%95%E6%9B%86%E5%8F%B2%E7%9A%84%E5%B1%95%E8%A6%BD%E5%9C%A8%E5%8C%97%E4%BA%AC%E8%B1%90%E5%8F%B0%E9%96%8B%E5%B1%95-10671635.html
2264,https://sina.com.hk/news/article/20190926/1/27/2/%E6%88%91%E6%83%B3%E8%A6%81%E4%BD%A0%E5%B9%AB%E5%80%8B%E5%BF%99%E7%99%BD%E5%AE%AE%E5%85%AC%E4%BD%88%E7%BE%8E%E7%83%8F%E7%B8%BD%E7%B5%B1%E9%80%9A%E8%A9%B1%E8%A8%98%E9%8C%84-10659371.html
2285,https://sina.com.hk/news/article/20190924/1/27/4/%E6%97%85%E7%A4%BE%E5%85%83%E7%A5%96Thomas-Cook%E5%80%92%E9%96%89-60%E8%90%AC%E5%AE%A2%E6%BB%AF%E7%95%99%E5%85%A8%E7%90%83%E5%90%84%E5%9C%B0-10650241.html
2292,https://sina.com.hk/news/article/20190926/1/11/2/%E6%B3%95%E5%9C%8B%E5%89%8D%E7%B8%BD%E7%B5%B1%E5%B8%8C%E6%8B%89%E5%85%8B%E9%80%9D%E4%B8%96-2%E5%88%86%E9%8D%BE%E5%9B%9E%E9%A1%A7%E5%85%B6%E5%82%B3%E5%A5%87%E4%B8%80%E7%94%9F-10663073.html
2321,https://sina.com.hk/news/article/20190929/1/11/2/%E8%84%AB%E6%AD%90%E5%8F%97%E6%8C%AB%E4%B8%8D%E6%96%B7-%E8%8B%B1%E9%A6%96%E7%9B%B8%E5%8F%88%E6%83%B9%E4%B8%8A%E7%80%86%E8%81%B7%E5%AB%8C%E7%96%91%E6%96%B0%E9%BA%BB%E7%85%A9-10670752.html
2352,https://sina.com.hk/news/article/20190919/1/11/2/%E9%B7%B9%E6%B4%BE%E5%8D%9A%E7%88%BE%E9%A0%93%E8%A2%AB%E8%A7%A3%E5%83%B1%E5%BE%8C-%E7%89%B9%E6%9C%97%E6%99%AE%E5%AE%A3%E4%BD%88%E4%BB%BB%E5%91%BD%E6%96%B0%E4%BB%BB%E5%9C%8B%E5%AE%89%E5%8A%A9%E7%90%86-10633734.html
2424,https://sina.com.hk/news/article/20190926/1/11/2/%E6%B1%9F%E8%A5%BF%E5%86%8D%E5%87%BA30%E6%A2%9D%E9%99%8D%E6%88%90%E6%9C%AC%E6%94%BF%E7%AD%96%E6%8E%AA%E6%96%BD-10662340.html
2480,https://sina.com.hk/news/article/20190920/1/27/2/%E9%81%B8%E6%83%85%E8%86%A0%E8%91%97-%E7%B5%84%E9%96%A3%E5%89%8D%E8%B7%AF%E8%89%B1%E9%9B%A3-%E4%BB%A5%E8%89%B2%E5%88%97%E7%B8%BD%E7%90%86%E5%8E%BB%E4%B8%8D%E6%88%90%E8%81%AF%E5%A4%A7-10637891.html
2495,https://sina.com.hk/news/article/20190928/1/27/2/%E5%AA%92%E9%AB%94-%E7%89%B9%E6%9C%97%E6%99%AE%E6%B6%89%E5%AB%8C%E5%A8%81%E8%84%85%E8%88%89%E5%A0%B1%E8%80%85-%E6%88%96%E5%B0%87%E7%BD%AA%E5%8A%A0%E4%B8%80%E7%AD%89-10668437.html
2631,https://sina.com.hk/news/article/20191002/1/11/2/%E6%85%B6%E7%A5%9D%E6%B4%BB%E5%8B%95%E6%8F%AD%E7%A7%98-%E5%BB%A3%E5%A0%B4%E5%A4%96%E8%A7%80%E7%A6%AE%E5%8F%B0%E8%A8%AD%E8%A8%88%E5%88%B0%E5%AE%8C%E5%B7%A5%E6%AD%B7%E6%99%828%E5%80%8B%E6%9C%88-10678380.html
2690,https://sina.com.hk/news/article/20190921/1/27/2/%E8%A2%AB%E6%9B%9D%E6%96%BD%E5%A3%93%E7%83%8F%E5%85%8B%E8%98%AD%E8%AA%BF%E6%9F%A5%E6%8B%9C%E7%99%BB-%E7%89%B9%E6%9C%97%E6%99%AE%E8%A6%81%E7%82%AE%E8%A3%BD%E9%80%9A%E7%83%8F%E9%96%80-10643657.html
2730,https://sina.com.hk/news/article/20191021/1/27/2/%E8%A5%BF%E7%8F%AD%E7%89%99%E9%A6%AC%E5%BE%B7%E9%87%8C%E8%BF%8E%E9%81%B7%E5%BE%99%E6%94%BE%E7%89%A7%E7%AF%80-2000%E5%8F%AA%E7%B6%BF%E7%BE%8A%E9%80%9B%E5%A4%A7%E8%A1%97-10739759.html
2818,https://sina.com.hk/news/article/20190925/1/11/2/%E6%9D%AD%E5%B7%9E%E6%9D%B1%E7%AB%99%E9%90%B5%E8%B7%AF%E6%8F%9B%E4%B9%98%E5%9C%B0%E9%90%B5%E9%96%8B%E5%95%9F%E5%85%8D%E6%AA%A2%E6%A8%A1%E5%BC%8F-10657091.html
2985,https://sina.com.hk/news/article/20190920/1/11/2/%E5%9F%BA%E9%87%8C%E5%B7%B4%E6%96%AF%E8%88%87%E5%8F%B0%E7%95%B6%E5%B1%80%E6%96%B7%E4%BA%A4-%E5%9C%8B%E5%8F%B0%E8%BE%A6-%E6%B1%BA%E5%AE%9A%E6%AD%A3%E7%A2%BA-%E9%AB%98%E5%BA%A6%E8%AE%9A%E8%B3%9E-10641348.html
3067,https://sina.com.hk/news/article/20190920/1/11/2/%E7%A7%8B%E5%86%AC%E5%A4%A7%E6%B0%A3%E9%98%B2%E6%B2%BB%E6%90%9E%E4%B8%80%E5%BE%8B%E9%97%9C%E5%81%9C-%E7%92%B0%E5%A2%83%E9%83%A8-%E5%A0%85%E6%B1%BA%E5%8F%8D%E5%B0%8D-10641044.html
3096,https://sina.com.hk/news/article/20191015/1/10/84/%E9%BB%83%E7%B9%BC%E5%85%92%E5%85%85%E5%88%86%E6%94%AF%E6%8C%81%E5%80%99%E9%81%B8%E4%BA%BA%E8%B3%87%E6%96%99%E5%88%8A%E6%86%B2%E6%99%82%E6%94%B9%E5%88%8A%E4%B8%BB%E8%A6%81%E5%9C%B0%E5%9D%80%E8%80%8C%E9%9D%9E%E4%BD%8F%E5%9D%80-10718058.html
3128,https://sina.com.hk/news/article/20190924/1/11/2/%E7%99%BD%E5%AE%AE%E5%AE%98%E5%93%A1-%E7%89%B9%E6%9C%97%E6%99%AE%E5%8D%A1%E4%BD%8F4%E5%84%84%E6%8F%B4%E5%8A%A9%E9%87%91%E6%96%BD%E5%A3%93%E7%83%8F%E7%B8%BD%E7%B5%B1%E8%AA%BF%E6%9F%A5%E6%8B%9C%E7%99%BB%E7%88%B6%E5%AD%90-10652178.html
3245,https://sina.com.hk/news/article/20190924/1/11/2/%E5%AA%92%E9%AB%94-%E5%85%A8%E7%90%83%E9%A6%96%E6%89%B9%E5%95%86%E7%94%A8%E7%89%8C%E7%85%A7%E7%99%BC%E6%94%BE-%E7%84%A1%E4%BA%BA%E9%A7%95%E9%A7%9B%E9%A0%88%E8%AC%B9%E9%98%B2%E8%B7%91%E5%81%8F-10650211.html
3255,https://sina.com.hk/news/article/20190925/1/11/2/%E5%A4%A7%E5%AA%BD%E5%AB%8C%E5%A4%AA%E6%82%B6%E6%89%93%E9%96%8B%E9%A3%9B%E6%A9%9F%E5%AE%89%E5%85%A8%E9%96%80-%E5%BB%88%E8%88%AA-%E5%B7%B2%E8%A2%AB%E8%AD%A6%E6%96%B9%E5%B8%B6%E8%B5%B0-10655542.html
3267,https://sina.com.hk/news/article/20190924/1/11/2/%E5%80%99%E9%81%B8%E5%96%AE%E4%BD%8D%E6%94%B6%E5%88%B0%E5%88%B7%E7%A5%A8%E7%9F%AD%E4%BF%A1-%E4%BD%9C%E5%BC%8A%E5%BE%8C%E9%96%80%E8%A9%B2%E5%A0%B5%E4%B8%8A%E4%BA%86-10652176.html
3468,https://sina.com.hk/news/article/20190925/1/11/2/%E5%88%A5%E4%BA%BA%E5%AE%B6%E5%AD%B8%E6%A0%A1-%E5%B0%8F%E5%AD%B8%E4%B8%8A%E8%AA%B2%E5%B1%85%E7%84%B6%E9%85%8D%E6%90%B6%E7%AD%94%E5%99%A8-%E8%AA%B2%E5%A0%82%E7%A7%92%E8%AE%8A%E7%AB%B6%E8%B3%BD%E7%8F%BE%E5%A0%B4-10657566.html
3582,https://sina.com.hk/news/article/20190926/1/11/2/%E6%A3%AE%E5%AE%87%E5%85%A5%E4%B8%BB%E4%B8%AD%E5%A4%A9%E8%83%BD%E6%BA%90%E5%86%8D%E8%BC%B8%E8%A1%806-5%E5%84%84-%E6%B1%9F%E8%98%87%E6%B3%93%E6%B5%B7%E7%A0%B4%E7%94%A2%E5%92%8C%E8%A7%A3%E6%9C%89%E6%9C%9B-10659497.html
3625,https://sina.com.hk/news/article/20191008/1/27/2/%E7%A1%AC%E8%84%AB%E6%AD%90%E5%8F%8D%E5%B0%8D%E8%80%85%E8%A8%B4%E8%A8%9F%E8%A2%AB%E9%A7%81%E5%9B%9E-%E7%B4%84%E7%BF%B0%E9%81%9C%E5%86%8D%E5%BC%B7%E8%AA%BF%E5%B0%87%E5%A6%82%E6%9C%9F%E8%84%AB%E6%AD%90-10687161.html
3669,https://sina.com.hk/news/article/20190927/1/27/2/%E7%BE%8E%E5%9C%8B2020%E5%B9%B4%E5%B0%87%E6%8E%A5%E6%94%B61-8%E8%90%AC%E5%90%8D%E9%9B%A3%E6%B0%91-%E5%89%B5%E6%9B%86%E5%8F%B2%E6%96%B0%E4%BD%8E-10665259.html
3689,https://sina.com.hk/news/article/20190925/1/11/2/%E5%B1%B1%E8%A5%BF-%E5%9C%8B%E6%85%B6%E6%9C%9F%E9%96%93%E5%B0%87%E6%9C%895%E6%AC%A1%E9%81%93%E8%B7%AF%E4%BA%A4%E9%80%9A%E6%B5%81%E9%87%8F%E9%AB%98%E5%B3%B0-10657072.html
3696,https://sina.com.hk/news/article/20190926/1/11/2/%E5%B1%A0%E5%91%A6%E5%91%A6-%E4%B8%80%E6%8F%90%E9%9D%92%E8%92%BF%E7%B4%A0%E7%9C%BC%E7%9D%9B%E5%B0%B1%E4%BA%AE-%E6%9B%BE%E6%89%9B%E4%BD%8F190%E6%AC%A1%E5%A4%B1%E6%95%97-10659737.html
3717,https://sina.com.hk/news/article/20190921/1/11/2/%E5%BC%B5%E9%B7%BA%E9%86%89%E9%A7%95%E8%A2%AB%E5%88%91%E6%8B%98-%E6%BE%8E%E6%B9%83%E6%96%B0%E8%81%9E-%E5%AE%88%E4%B8%8D%E4%BD%8F%E5%BA%95%E7%B7%9A%E8%AB%87%E4%BD%95%E5%AE%88%E9%96%80-10643308.html
3777,https://sina.com.hk/news/article/20190926/1/11/2/%E7%BE%8E%E5%9C%8B%E6%9C%83%E6%94%B6%E5%88%B0%E7%BE%8E%E7%83%8F%E9%9B%BB%E8%A9%B1%E9%96%80%E5%8C%BF%E5%90%8D%E8%88%89%E5%A0%B1%E7%89%B9%E6%9C%97%E6%99%AE%E7%A8%B1%E5%95%8F%E5%BF%83%E7%84%A1%E6%84%A7-10660578.html
3806,https://sina.com.hk/news/article/20190925/1/11/2/%E8%BC%AA%E6%A4%85%E6%B7%B1%E5%A4%9C%E8%87%AA%E5%B7%B1%E6%BB%91%E8%A1%8C%E5%8D%8A%E5%88%86%E9%8D%BE-%E9%86%AB%E9%99%A2%E4%BF%9D%E5%AE%89%E5%9A%87%E5%A3%9E-%E4%B8%8D%E6%95%A2%E5%80%BC%E5%A4%9C%E7%8F%AD%E4%BA%86-10657116.html
3878,https://sina.com.hk/news/article/20190926/1/27/2/%E7%BE%8E%E5%AA%92-%E7%BE%8E%E7%9C%BE%E9%99%A2%E6%9C%89%E9%81%8E%E5%8D%8A%E8%AD%B0%E5%93%A1%E6%94%AF%E6%8C%81%E5%B0%8D%E7%89%B9%E6%9C%97%E6%99%AE%E5%95%9F%E5%8B%95%E5%BD%88%E5%8A%BE%E8%AA%BF%E6%9F%A5-10661217.html
4058,https://sina.com.hk/news/article/20190925/1/11/2/%E6%8F%AD%E7%A7%98%E5%9C%8B%E6%85%B6%E9%96%B1%E5%85%B5%E7%81%AB%E7%AE%AD%E8%BB%8D%E5%BE%92%E6%AD%A5%E6%96%B9%E9%9A%8A-%E5%AE%98%E5%85%B5%E5%B9%B3%E5%9D%87%E8%BA%AB%E9%AB%981%E7%B1%B382-10657325.html
4243,https://sina.com.hk/news/article/20190924/1/27/2/%E7%89%B9%E6%9C%97%E6%99%AE%E5%9C%A8%E8%81%AF%E5%90%88%E5%9C%8B%E4%B8%8D%E5%BF%98%E6%8A%A8%E6%93%8A%E6%8B%9C%E7%99%BB-%E4%BB%96%E6%89%8D%E6%98%AF%E6%9C%89%E5%95%8F%E9%A1%8C%E7%9A%84%E4%BA%BA-10651672.html
4247,https://sina.com.hk/news/article/20190927/1/11/2/%E7%BE%8E%E5%9C%8B%E5%A4%96%E8%B3%A3%E4%BC%81%E6%A5%ADDoorDash%E6%B3%84%E9%9C%B2490%E8%90%AC%E7%94%A8%E6%88%B6%E4%BF%A1%E6%81%AF-10666441.html
4269,https://sina.com.hk/news/article/20191107/1/67/1/%E9%9A%B1%E8%97%8F%E5%8A%9F%E8%83%BD-%E7%A9%BF%E7%AA%BF%E7%89%9B%E4%BB%94%E8%A4%B2%E6%9C%89%E5%92%A9%E7%94%A8-%E5%8F%B0%E5%A5%B3%E7%94%9F%E8%A9%B1%E6%8A%93%E7%99%A2%E8%B6%85%E6%96%B9%E4%BE%BF-10810324.html
4277,https://sina.com.hk/news/article/20191129/1/27/4/%E6%98%9F%E6%96%B0%E8%81%9E%E7%B6%B2%E6%B6%89%E9%81%95-%E5%81%87%E8%A8%8A%E6%81%AF%E6%B3%95-%E6%BE%B3%E7%B1%8D%E4%B8%BB%E7%B7%A8%E6%8B%92%E9%81%B5%E4%BB%A4%E4%BF%AE%E6%94%B9-10895920.html
4283,https://sina.com.hk/news/article/20191103/1/10/1/%E5%A4%AE%E8%A6%96%E7%B6%B2%E8%A9%95-%E5%B0%8D%E7%84%A1%E6%B3%95%E7%84%A1%E5%A4%A9%E7%9A%84%E4%BA%82%E6%B8%AF%E6%9A%B4%E5%BE%92%E5%BF%85%E9%A0%88%E5%9A%B4%E6%87%B2-10794908.html
4305,https://sina.com.hk/news/article/20190928/1/27/2/%E7%BE%8E%E5%9C%8B%E9%A7%90%E7%83%8F%E5%85%8B%E8%98%AD%E7%89%B9%E4%BD%BF%E8%BE%AD%E8%81%B7-%E6%B6%89%E7%89%B9%E6%9C%97%E6%99%AE%E9%9B%BB%E8%A9%B1%E9%96%80-10668913.html
4412,https://sina.com.hk/news/article/20190930/1/27/2/%E5%8F%8D%E6%93%8A%E5%BD%88%E5%8A%BE%E8%AA%BF%E6%9F%A5-%E7%BE%8E%E5%9C%8B%E5%85%B1%E5%92%8C%E9%BB%A8%E7%99%BC%E8%B5%B7%E7%B8%BD%E7%B5%B1%E4%BF%9D%E8%A1%9B%E6%88%B0-10672859.html
4416,https://sina.com.hk/news/article/20190928/1/11/2/%E6%B5%99%E5%A4%A7%E9%AB%98%E6%9D%90%E7%94%9F%E7%BE%8E%E5%9C%8B%E8%87%89%E6%9B%B8%E7%B8%BD%E9%83%A8%E8%87%AA%E6%AE%BA%E7%9A%84%E5%89%8D%E5%89%8D%E5%BE%8C%E5%BE%8C-10667870.html
4480,https://sina.com.hk/news/article/20190920/1/27/2/%E5%8F%A4%E5%B7%B4%E6%96%A5%E8%B2%AC%E7%BE%8E%E9%A9%85%E9%80%90%E5%85%A9%E5%90%8D%E5%A4%96%E4%BA%A4%E5%AE%98-%E7%BE%8E%E5%9C%8B%E5%9C%A8%E8%A9%A6%E5%9C%96%E8%A3%BD%E9%80%A0%E9%86%9C%E8%81%9E-10638412.html
4685,https://sina.com.hk/news/article/20190927/1/11/2/%E4%B8%8D%E5%8F%AA%E9%81%AD%E9%81%87%E5%BD%88%E5%8A%BE%E8%AA%BF%E6%9F%A5%E7%89%B9%E6%9C%97%E6%99%AE%E9%82%84%E9%9D%A2%E8%87%A8%E4%B8%80%E5%A0%B4%E5%8F%8D%E6%94%BB-10663238.html
4747,https://sina.com.hk/news/article/20190926/1/27/2/%E8%8B%B1%E6%9C%80%E9%AB%98%E6%B3%95%E8%A3%81%E5%AE%9A%E8%AD%B0%E6%9C%83%E4%BC%91%E6%9C%83%E4%B8%8D%E5%90%88%E6%B3%95-%E7%B4%84%E7%BF%B0%E9%81%9C%E6%8B%92%E7%B5%95%E8%BE%AD%E8%81%B7-10659190.html
4816,https://sina.com.hk/news/article/20190926/1/27/2/60%E8%90%AC%E9%81%8A%E5%AE%A2%E6%80%8E%E9%BA%BC%E8%BE%A6-%E6%AD%90%E6%B4%B2%E6%97%85%E9%81%8A%E6%A5%AD%E6%AD%A3%E7%84%A6%E9%A0%AD%E7%88%9B%E9%A1%8D-10658897.html
4922,https://sina.com.hk/news/article/20190927/1/11/2/%E4%B8%89%E5%8D%83%E5%81%87%E8%A9%95%E5%88%86%E6%AF%80%E6%8E%89%E4%B8%80%E9%83%A8%E5%A5%BD%E9%9B%BB%E5%BD%B1-%E6%B7%98%E7%A5%A8%E7%A5%A8%E5%B7%B2%E6%9F%A5%E5%B0%81%E6%95%B8%E8%90%AC%E6%83%A1%E6%84%8F%E8%B3%AC%E8%99%9F-10665927.html
4923,https://sina.com.hk/news/article/20191205/1/27/4/Google%E5%85%A9%E5%89%B5%E8%BE%A6%E4%BA%BA%E5%BC%95%E9%80%80-%E6%88%B0%E6%99%82CEO-%E6%8E%A5%E6%A3%92%E6%8C%91%E6%88%B0%E5%A4%A7-10917926.html
